{"type":"FeatureCollection","features":[{"type":"Feature","id":85241,"geometry":{"type":"Polygon","coordinates":[[[119.57539,-3.91423,0.0],[119.57309,-3.91295,0.0],[119.57227,-3.91227,0.0],[119.5719,-3.91287,0.0],[119.57141,-3.91277,0.0],[119.57119,-3.91311,0.0],[119.57048,-3.91304,0.0],[119.56966,-3.91312,0.0],[119.56969,-3.91285,0.0],[119.56951,-3.91281,0.0],[119.5683,-3.91286,0.0],[119.56717,-3.91313,0.0],[119.56715,-3.91303,0.0],[119.56649,-3.91298,0.0],[119.56634,-3.91318,0.0],[119.56628,-3.91341,0.0],[119.56384,-3.91386,0.0],[119.56382,-3.91363,0.0],[119.56189,-3.91406,0.0],[119.56162,-3.91321,0.0],[119.56058,-3.91453,0.0],[119.55905,-3.91724,0.0],[119.55812,-3.91869,0.0],[119.55749,-3.9195,0.0],[119.55692,-3.91997,0.0],[119.55489,-3.92125,0.0],[119.55406,-3.92201,0.0],[119.55425,-3.9222,0.0],[119.55424,-3.92287,0.0],[119.55466,-3.92445,0.0],[119.55534,-3.92585,0.0],[119.55599,-3.92687,0.0],[119.55646,-3.92781,0.0],[119.55671,-3.92811,0.0],[119.55732,-3.92996,0.0],[119.55793,-3.93089,0.0],[119.55817,-3.93146,0.0],[119.55838,-3.93152,0.0],[119.55875,-3.93213,0.0],[119.55876,-3.93228,0.0],[119.55997,-3.93386,0.0],[119.56098,-3.93501,0.0],[119.56183,-3.93563,0.0],[119.56216,-3.93601,0.0],[119.56217,-3.9362,0.0],[119.56244,-3.93658,0.0],[119.56261,-3.93675,0.0],[119.56283,-3.93682,0.0],[119.56315,-3.93731,0.0],[119.56394,-3.93685,0.0],[119.56436,-3.93675,0.0],[119.56435,-3.93643,0.0],[119.56423,-3.93637,0.0],[119.56428,-3.93593,0.0],[119.5656,-3.93627,0.0],[119.5656,-3.9362,0.0],[119.5661,-3.93624,0.0],[119.56617,-3.93519,0.0],[119.56674,-3.93527,0.0],[119.56682,-3.93486,0.0],[119.56781,-3.93494,0.0],[119.56783,-3.9346,0.0],[119.56979,-3.93466,0.0],[119.5714,-3.9346,0.0],[119.57151,-3.93454,0.0],[119.57182,-3.93386,0.0],[119.57321,-3.93424,0.0],[119.57361,-3.93425,0.0],[119.57361,-3.93383,0.0],[119.57388,-3.9323,0.0],[119.57443,-3.9309,0.0],[119.57448,-3.93021,0.0],[119.57418,-3.92946,0.0],[119.57302,-3.92801,0.0],[119.5726,-3.9272,0.0],[119.57234,-3.9264,0.0],[119.57222,-3.92492,0.0],[119.57238,-3.92367,0.0],[119.57281,-3.92278,0.0],[119.57319,-3.92245,0.0],[119.57367,-3.92224,0.0],[119.57419,-3.92213,0.0],[119.57546,-3.92161,0.0],[119.57638,-3.92102,0.0],[119.57688,-3.9206,0.0],[119.57737,-3.92001,0.0],[119.57767,-3.91946,0.0],[119.57788,-3.91816,0.0],[119.57779,-3.91744,0.0],[119.57758,-3.9169,0.0],[119.57719,-3.91626,0.0],[119.57591,-3.91468,0.0],[119.57539,-3.91423,0.0]]]},"properties":{"OBJECTID":85241,"NAMOBJ":"Lotang Salo","WADMKD":"Lotang Salo","WADMKC":"Suppa","KDEPUM":"73.15.02.2008","KDCPUM":"73.15.02","WADMKK":"Pinrang","WADMPR":"Sulawesi Selatan","LUASWH":4.6235041249532074,"TIPADM":1,"Status":"Batas Indikatif"}},{"type":"Feature","id":85279,"geometry":{"type":"Polygon","coordinates":[[[119.61547,-3.90876,0.0],[119.61372,-3.9081,0.0],[119.6134,-3.90829,0.0],[119.61249,-3.90785,0.0],[119.61249,-3.90764,0.0],[119.61236,-3.90756,0.0],[119.61339,-3.90576,0.0],[119.61474,-3.90274,0.0],[119.61566,-3.89998,0.0],[119.61081,-3.89806,0.0],[119.61046,-3.89796,0.0],[119.61038,-3.89814,0.0],[119.60997,-3.89797,0.0],[119.61014,-3.89755,0.0],[119.60984,-3.89746,0.0],[119.61005,-3.89701,0.0],[119.60928,-3.89667,0.0],[119.6095,-3.89614,0.0],[119.60985,-3.89626,0.0],[119.61068,-3.89464,0.0],[119.61058,-3.89459,0.0],[119.61085,-3.89391,0.0],[119.60927,-3.89344,0.0],[119.60475,-3.89187,0.0],[119.60407,-3.89175,0.0],[119.60286,-3.89126,0.0],[119.60226,-3.89313,0.0],[119.60137,-3.89296,0.0],[119.60085,-3.89415,0.0],[119.59884,-3.89363,0.0],[119.59921,-3.89231,0.0],[119.59832,-3.89205,0.0],[119.59797,-3.89304,0.0],[119.59744,-3.89287,0.0],[119.59735,-3.89301,0.0],[119.59627,-3.8926,0.0],[119.59512,-3.89191,0.0],[119.59288,-3.897,0.0],[119.59276,-3.89698,0.0],[119.59228,-3.89808,0.0],[119.59009,-3.89716,0.0],[119.58862,-3.90041,0.0],[119.58756,-3.89998,0.0],[119.58733,-3.9,0.0],[119.58659,-3.89982,0.0],[119.58635,-3.90075,0.0],[119.58595,-3.90071,0.0],[119.58579,-3.90144,0.0],[119.58546,-3.90188,0.0],[119.58546,-3.9023,0.0],[119.58511,-3.90314,0.0],[119.58523,-3.90354,0.0],[119.58472,-3.90463,0.0],[119.58384,-3.90469,0.0],[119.58337,-3.90435,0.0],[119.58302,-3.90432,0.0],[119.5817,-3.90474,0.0],[119.5816,-3.90481,0.0],[119.58145,-3.90516,0.0],[119.58112,-3.90497,0.0],[119.58102,-3.90498,0.0],[119.58093,-3.90504,0.0],[119.58081,-3.90566,0.0],[119.58036,-3.90587,0.0],[119.58008,-3.90668,0.0],[119.57958,-3.90688,0.0],[119.57873,-3.90878,0.0],[119.57863,-3.90974,0.0],[119.57844,-3.91039,0.0],[119.57773,-3.91071,0.0],[119.57738,-3.91097,0.0],[119.57724,-3.91175,0.0],[119.57669,-3.91277,0.0],[119.57539,-3.91423,0.0],[119.57591,-3.91468,0.0],[119.57668,-3.91556,0.0],[119.57758,-3.9169,0.0],[119.57779,-3.91744,0.0],[119.57788,-3.91816,0.0],[119.57767,-3.91946,0.0],[119.57737,-3.92001,0.0],[119.57688,-3.9206,0.0],[119.57638,-3.92102,0.0],[119.57546,-3.92161,0.0],[119.57485,-3.92188,0.0],[119.57319,-3.92245,0.0],[119.57281,-3.92278,0.0],[119.57238,-3.92367,0.0],[119.57222,-3.92492,0.0],[119.57234,-3.9264,0.0],[119.5726,-3.9272,0.0],[119.57302,-3.92801,0.0],[119.57418,-3.92946,0.0],[119.57481,-3.92984,0.0],[119.57544,-3.93004,0.0],[119.577,-3.93017,0.0],[119.57783,-3.93003,0.0],[119.5786,-3.92982,0.0],[119.57995,-3.92906,0.0],[119.58065,-3.92845,0.0],[119.58177,-3.92704,0.0],[119.58201,-3.92649,0.0],[119.5822,-3.92575,0.0],[119.5822,-3.9251,0.0],[119.58184,-3.92213,0.0],[119.58177,-3.92055,0.0],[119.58186,-3.91953,0.0],[119.58199,-3.91906,0.0],[119.58225,-3.9186,0.0],[119.58272,-3.91803,0.0],[119.58335,-3.91754,0.0],[119.58444,-3.91699,0.0],[119.58508,-3.91682,0.0],[119.58614,-3.91687,0.0],[119.58763,-3.91734,0.0],[119.58838,-3.91771,0.0],[119.58899,-3.91819,0.0],[119.58929,-3.91856,0.0],[119.5896,-3.91908,0.0],[119.5898,-3.91996,0.0],[119.5899,-3.92223,0.0],[119.59008,-3.92369,0.0],[119.59043,-3.92472,0.0],[119.59078,-3.92552,0.0],[119.59241,-3.92701,0.0],[119.59282,-3.92713,0.0],[119.59353,-3.92714,0.0],[119.59413,-3.927,0.0],[119.59497,-3.92662,0.0],[119.59761,-3.92498,0.0],[119.59975,-3.92376,0.0],[119.60122,-3.92337,0.0],[119.60225,-3.92343,0.0],[119.60309,-3.92333,0.0],[119.60445,-3.92268,0.0],[119.60565,-3.92186,0.0],[119.60692,-3.92056,0.0],[119.60822,-3.91881,0.0],[119.60859,-3.91806,0.0],[119.60874,-3.91744,0.0],[119.60881,-3.91676,0.0],[119.60872,-3.916,0.0],[119.6088,-3.91547,0.0],[119.60922,-3.91441,0.0],[119.60973,-3.91389,0.0],[119.61063,-3.91344,0.0],[119.612,-3.9135,0.0],[119.61285,-3.91367,0.0],[119.61324,-3.91362,0.0],[119.61362,-3.91353,0.0],[119.61442,-3.9129,0.0],[119.61505,-3.91138,0.0],[119.61527,-3.91062,0.0],[119.61547,-3.90876,0.0]]]},"properties":{"OBJECTID":85279,"NAMOBJ":"Mallongi-longi","WADMKD":"Mallongi-longi","WADMKC":"Lanrisang","KDEPUM":"73.15.10.2003","KDCPUM":"73.15.10","WADMKK":"Pinrang","WADMPR":"Sulawesi Selatan","LUASWH":11.415380966193743,"TIPADM":1,"Status":"Batas Indikatif"}},{"type":"Feature","id":85321,"geometry":{"type":"Polygon","coordinates":[[[119.52212,-3.83334,0.0],[119.52175,-3.83312,0.0],[119.52113,-3.83419,0.0],[119.52127,-3.83431,0.0],[119.52074,-3.83519,0.0],[119.5209,-3.83539,0.0],[119.52087,-3.8358,0.0],[119.52114,-3.83597,0.0],[119.52115,-3.83614,0.0],[119.52088,-3.83682,0.0],[119.52158,-3.83726,0.0],[119.52128,-3.83791,0.0],[119.5207,-3.83763,0.0],[119.52038,-3.83836,0.0],[119.52053,-3.83844,0.0],[119.52042,-3.83902,0.0],[119.52136,-3.83948,0.0],[119.52127,-3.8399,0.0],[119.52182,-3.84012,0.0],[119.522,-3.83979,0.0],[119.52216,-3.83989,0.0],[119.52211,-3.84006,0.0],[119.52263,-3.84039,0.0],[119.5226,-3.84059,0.0],[119.52155,-3.84159,0.0],[119.5199,-3.84403,0.0],[119.51927,-3.84257,0.0],[119.51881,-3.84185,0.0],[119.51765,-3.84396,0.0],[119.51835,-3.84585,0.0],[119.51841,-3.84639,0.0],[119.51866,-3.84714,0.0],[119.51862,-3.8473,0.0],[119.51885,-3.84784,0.0],[119.51895,-3.8484,0.0],[119.5198,-3.8512,0.0],[119.51984,-3.85178,0.0],[119.52009,-3.85179,0.0],[119.52008,-3.85191,0.0],[119.52071,-3.85335,0.0],[119.52077,-3.85409,0.0],[119.52108,-3.85502,0.0],[119.52114,-3.855,0.0],[119.52094,-3.85412,0.0],[119.52098,-3.85398,0.0],[119.52135,-3.85445,0.0],[119.52161,-3.85494,0.0],[119.52126,-3.85518,0.0],[119.5214,-3.85566,0.0],[119.52153,-3.85582,0.0],[119.52247,-3.85896,0.0],[119.52304,-3.86038,0.0],[119.52388,-3.86321,0.0],[119.5242,-3.86375,0.0],[119.52411,-3.86423,0.0],[119.52424,-3.86486,0.0],[119.52421,-3.86501,0.0],[119.52447,-3.86473,0.0],[119.52443,-3.86379,0.0],[119.5249,-3.86327,0.0],[119.52528,-3.86314,0.0],[119.5258,-3.86313,0.0],[119.52682,-3.86368,0.0],[119.527,-3.86364,0.0],[119.52714,-3.86314,0.0],[119.52728,-3.86295,0.0],[119.52809,-3.86272,0.0],[119.52824,-3.86232,0.0],[119.5283,-3.86178,0.0],[119.52855,-3.86168,0.0],[119.52874,-3.86175,0.0],[119.52912,-3.86235,0.0],[119.53023,-3.86286,0.0],[119.53044,-3.86345,0.0],[119.53059,-3.86354,0.0],[119.53135,-3.86328,0.0],[119.53161,-3.86328,0.0],[119.53216,-3.86342,0.0],[119.53336,-3.86347,0.0],[119.53363,-3.8636,0.0],[119.53396,-3.86402,0.0],[119.53398,-3.86453,0.0],[119.53411,-3.8649,0.0],[119.53429,-3.86498,0.0],[119.53462,-3.86496,0.0],[119.53621,-3.86401,0.0],[119.53655,-3.86368,0.0],[119.53713,-3.86245,0.0],[119.53779,-3.86154,0.0],[119.53805,-3.86098,0.0],[119.53875,-3.86044,0.0],[119.53892,-3.85994,0.0],[119.53883,-3.85929,0.0],[119.53865,-3.85894,0.0],[119.53862,-3.85869,0.0],[119.53874,-3.85842,0.0],[119.53952,-3.85749,0.0],[119.54063,-3.85582,0.0],[119.54118,-3.85533,0.0],[119.54128,-3.85504,0.0],[119.54124,-3.85465,0.0],[119.5414,-3.85438,0.0],[119.54199,-3.85434,0.0],[119.54267,-3.85415,0.0],[119.54292,-3.85385,0.0],[119.543,-3.85325,0.0],[119.54351,-3.85289,0.0],[119.54468,-3.85246,0.0],[119.54543,-3.85194,0.0],[119.54563,-3.8513,0.0],[119.54584,-3.85126,0.0],[119.54611,-3.85138,0.0],[119.54641,-3.85129,0.0],[119.54674,-3.85057,0.0],[119.54762,-3.84968,0.0],[119.54767,-3.84949,0.0],[119.54737,-3.84892,0.0],[119.54657,-3.8488,0.0],[119.54626,-3.8488,0.0],[119.54568,-3.84897,0.0],[119.54512,-3.84891,0.0],[119.54277,-3.84818,0.0],[119.53988,-3.84744,0.0],[119.5377,-3.84636,0.0],[119.53627,-3.8458,0.0],[119.53609,-3.84563,0.0],[119.53613,-3.84553,0.0],[119.53605,-3.84546,0.0],[119.5359,-3.84553,0.0],[119.53545,-3.84551,0.0],[119.53487,-3.84525,0.0],[119.53487,-3.84508,0.0],[119.53517,-3.84473,0.0],[119.53412,-3.84406,0.0],[119.534,-3.84383,0.0],[119.53333,-3.84338,0.0],[119.53305,-3.84303,0.0],[119.53314,-3.84274,0.0],[119.53307,-3.84248,0.0],[119.5331,-3.84197,0.0],[119.53275,-3.84177,0.0],[119.53174,-3.84084,0.0],[119.53078,-3.84023,0.0],[119.5298,-3.83976,0.0],[119.53002,-3.83934,0.0],[119.52877,-3.83867,0.0],[119.52841,-3.83824,0.0],[119.52759,-3.838,0.0],[119.52769,-3.83772,0.0],[119.52661,-3.83712,0.0],[119.52699,-3.83637,0.0],[119.52567,-3.83574,0.0],[119.52504,-3.8353,0.0],[119.524,-3.83485,0.0],[119.52387,-3.83491,0.0],[119.52331,-3.83458,0.0],[119.52351,-3.83409,0.0],[119.52212,-3.83334,0.0]]]},"properties":{"OBJECTID":85321,"NAMOBJ":"Langnga","WADMKD":"Langnga","WADMKC":"Mattiro Sompe","KDEPUM":"73.15.01.1001","KDCPUM":"73.15.01","WADMKK":"Pinrang","WADMPR":"Sulawesi Selatan","LUASWH":5.7680182999608745,"TIPADM":2,"Status":"Batas Indikatif"}},{"type":"Feature","id":85331,"geometry":{"type":"Polygon","coordinates":[[[119.68145,-3.79707,0.0],[119.67698,-3.79772,0.0],[119.67607,-3.79768,0.0],[119.66247,-3.79329,0.0],[119.66114,-3.79261,0.0],[119.65927,-3.79183,0.0],[119.65777,-3.7914,0.0],[119.6557,-3.79126,0.0],[119.65533,-3.79132,0.0],[119.65546,-3.79283,0.0],[119.65531,-3.79465,0.0],[119.65519,-3.79509,0.0],[119.65489,-3.79549,0.0],[119.65452,-3.79575,0.0],[119.65423,-3.7961,0.0],[119.65399,-3.79668,0.0],[119.65381,-3.79739,0.0],[119.65415,-3.79835,0.0],[119.65454,-3.79908,0.0],[119.65454,-3.79935,0.0],[119.65418,-3.80066,0.0],[119.65417,-3.80151,0.0],[119.65435,-3.80194,0.0],[119.65496,-3.80263,0.0],[119.65545,-3.80342,0.0],[119.65582,-3.80348,0.0],[119.65598,-3.80362,0.0],[119.65616,-3.80408,0.0],[119.65681,-3.80507,0.0],[119.65688,-3.80559,0.0],[119.6574,-3.80625,0.0],[119.6586,-3.80704,0.0],[119.65895,-3.80718,0.0],[119.65901,-3.80732,0.0],[119.65899,-3.8078,0.0],[119.65946,-3.8085,0.0],[119.6597,-3.80858,0.0],[119.66012,-3.80845,0.0],[119.66031,-3.80854,0.0],[119.66056,-3.80882,0.0],[119.66117,-3.809,0.0],[119.66136,-3.80928,0.0],[119.66151,-3.80985,0.0],[119.6619,-3.81029,0.0],[119.66235,-3.81057,0.0],[119.6624,-3.81111,0.0],[119.66288,-3.81185,0.0],[119.66284,-3.81233,0.0],[119.66272,-3.81272,0.0],[119.66209,-3.81306,0.0],[119.66166,-3.81404,0.0],[119.66168,-3.81424,0.0],[119.66219,-3.81486,0.0],[119.66239,-3.81535,0.0],[119.66297,-3.81583,0.0],[119.66343,-3.816,0.0],[119.66378,-3.81637,0.0],[119.66432,-3.81715,0.0],[119.66534,-3.81738,0.0],[119.66616,-3.81776,0.0],[119.66666,-3.81665,0.0],[119.6673,-3.81683,0.0],[119.6674,-3.81695,0.0],[119.66869,-3.81745,0.0],[119.66851,-3.81783,0.0],[119.66875,-3.81796,0.0],[119.66985,-3.81843,0.0],[119.66991,-3.81831,0.0],[119.67158,-3.81906,0.0],[119.67211,-3.81844,0.0],[119.67299,-3.81886,0.0],[119.67293,-3.81898,0.0],[119.67375,-3.81949,0.0],[119.67392,-3.81919,0.0],[119.67508,-3.81953,0.0],[119.67657,-3.81984,0.0],[119.6766,-3.81962,0.0],[119.67685,-3.81967,0.0],[119.67714,-3.81984,0.0],[119.67732,-3.81971,0.0],[119.67798,-3.82001,0.0],[119.67817,-3.81949,0.0],[119.6794,-3.82014,0.0],[119.6805,-3.82017,0.0],[119.68191,-3.8204,0.0],[119.68176,-3.82182,0.0],[119.68222,-3.82195,0.0],[119.68238,-3.82135,0.0],[119.68305,-3.8204,0.0],[119.68337,-3.82013,0.0],[119.68403,-3.81873,0.0],[119.68438,-3.81685,0.0],[119.68442,-3.81459,0.0],[119.68453,-3.81433,0.0],[119.68498,-3.81374,0.0],[119.68482,-3.81355,0.0],[119.68397,-3.81295,0.0],[119.68341,-3.81286,0.0],[119.68324,-3.81275,0.0],[119.68194,-3.81155,0.0],[119.68124,-3.81077,0.0],[119.68072,-3.81044,0.0],[119.68039,-3.80942,0.0],[119.6799,-3.80734,0.0],[119.68031,-3.80615,0.0],[119.68096,-3.80469,0.0],[119.68086,-3.80445,0.0],[119.68093,-3.80357,0.0],[119.68189,-3.80024,0.0],[119.68174,-3.7998,0.0],[119.68145,-3.79707,0.0]]]},"properties":{"OBJECTID":85331,"NAMOBJ":"Benteng Sawitto","WADMKD":"Benteng Sawitto","WADMKC":"Paleteang","KDEPUM":"73.15.11.1006","KDCPUM":"73.15.11","WADMKK":"Pinrang","WADMPR":"Sulawesi Selatan","LUASWH":6.9034382213444108,"TIPADM":2,"Status":"Batas Indikatif"}},{"type":"Feature","id":85376,"geometry":{"type":"MultiPolygon","coordinates":[[[[119.58672,-3.97497,0.0],[119.58667,-3.97492,0.0],[119.58667,-3.97497,0.0],[119.58672,-3.97497,0.0]]],[[[119.57577,-3.93488,0.0],[119.5751,-3.9338,0.0],[119.57409,-3.93179,0.0],[119.57388,-3.9323,0.0],[119.57361,-3.93383,0.0],[119.57362,-3.93572,0.0],[119.57418,-3.93789,0.0],[119.57444,-3.93847,0.0],[119.57547,-3.94003,0.0],[119.57728,-3.94144,0.0],[119.57802,-3.94165,0.0],[119.57826,-3.94182,0.0],[119.58031,-3.9434,0.0],[119.58046,-3.94392,0.0],[119.58051,-3.94526,0.0],[119.58077,-3.94586,0.0],[119.58089,-3.94676,0.0],[119.58226,-3.95013,0.0],[119.58272,-3.95091,0.0],[119.5822,-3.95118,0.0],[119.58198,-3.95149,0.0],[119.58179,-3.95152,0.0],[119.58173,-3.95058,0.0],[119.58105,-3.95062,0.0],[119.58101,-3.95035,0.0],[119.58041,-3.95029,0.0],[119.58041,-3.95082,0.0],[119.57977,-3.95081,0.0],[119.57986,-3.95029,0.0],[119.57955,-3.95029,0.0],[119.57944,-3.95109,0.0],[119.57925,-3.95116,0.0],[119.57857,-3.95296,0.0],[119.57854,-3.95323,0.0],[119.57883,-3.95328,0.0],[119.57879,-3.95343,0.0],[119.57914,-3.95362,0.0],[119.57897,-3.95453,0.0],[119.5787,-3.95454,0.0],[119.57862,-3.95506,0.0],[119.57851,-3.95504,0.0],[119.57859,-3.95561,0.0],[119.57831,-3.95562,0.0],[119.57835,-3.95608,0.0],[119.57877,-3.95611,0.0],[119.57886,-3.95649,0.0],[119.57852,-3.95648,0.0],[119.57827,-3.95753,0.0],[119.57802,-3.95754,0.0],[119.57804,-3.95859,0.0],[119.57825,-3.95859,0.0],[119.57825,-3.9588,0.0],[119.57781,-3.9588,0.0],[119.5778,-3.95935,0.0],[119.57803,-3.96008,0.0],[119.57783,-3.9601,0.0],[119.57805,-3.9605,0.0],[119.57774,-3.96051,0.0],[119.57773,-3.96081,0.0],[119.57743,-3.96077,0.0],[119.57748,-3.96107,0.0],[119.57792,-3.96111,0.0],[119.57792,-3.96143,0.0],[119.57811,-3.96148,0.0],[119.57822,-3.96183,0.0],[119.57854,-3.96195,0.0],[119.57891,-3.96233,0.0],[119.57869,-3.96348,0.0],[119.57897,-3.96429,0.0],[119.57905,-3.96501,0.0],[119.5803,-3.96511,0.0],[119.58033,-3.96494,0.0],[119.5817,-3.96534,0.0],[119.58187,-3.96497,0.0],[119.58286,-3.9653,0.0],[119.58303,-3.96491,0.0],[119.58363,-3.96485,0.0],[119.58444,-3.96521,0.0],[119.58505,-3.96524,0.0],[119.58517,-3.96571,0.0],[119.58595,-3.96597,0.0],[119.58521,-3.96755,0.0],[119.58498,-3.97038,0.0],[119.585,-3.97048,0.0],[119.58571,-3.97076,0.0],[119.58581,-3.97126,0.0],[119.58573,-3.97219,0.0],[119.58608,-3.97319,0.0],[119.58643,-3.97509,0.0],[119.58651,-3.97507,0.0],[119.58652,-3.97489,0.0],[119.58674,-3.97463,0.0],[119.58648,-3.97396,0.0],[119.58658,-3.97386,0.0],[119.58681,-3.97385,0.0],[119.587,-3.97374,0.0],[119.58705,-3.97354,0.0],[119.58692,-3.97351,0.0],[119.58692,-3.97344,0.0],[119.58726,-3.97348,0.0],[119.58757,-3.97366,0.0],[119.58807,-3.9736,0.0],[119.58832,-3.97335,0.0],[119.58877,-3.97328,0.0],[119.58918,-3.9729,0.0],[119.5896,-3.97271,0.0],[119.59051,-3.97204,0.0],[119.59079,-3.9717,0.0],[119.59162,-3.9714,0.0],[119.59209,-3.9716,0.0],[119.59226,-3.97156,0.0],[119.59249,-3.97191,0.0],[119.59257,-3.97189,0.0],[119.59255,-3.97177,0.0],[119.59268,-3.9719,0.0],[119.59281,-3.97181,0.0],[119.59309,-3.97194,0.0],[119.59322,-3.9718,0.0],[119.59381,-3.97213,0.0],[119.59418,-3.97216,0.0],[119.59456,-3.97241,0.0],[119.59471,-3.97242,0.0],[119.59479,-3.97234,0.0],[119.59509,-3.97258,0.0],[119.59536,-3.97253,0.0],[119.59552,-3.9727,0.0],[119.5958,-3.97276,0.0],[119.59603,-3.97266,0.0],[119.59656,-3.97264,0.0],[119.59757,-3.97346,0.0],[119.59805,-3.97357,0.0],[119.59827,-3.97389,0.0],[119.59862,-3.97402,0.0],[119.59879,-3.97421,0.0],[119.59895,-3.97418,0.0],[119.59915,-3.97429,0.0],[119.59945,-3.97462,0.0],[119.59964,-3.97498,0.0],[119.60025,-3.97558,0.0],[119.60043,-3.97558,0.0],[119.60057,-3.97584,0.0],[119.60066,-3.97584,0.0],[119.60089,-3.97552,0.0],[119.60103,-3.97553,0.0],[119.60147,-3.97479,0.0],[119.60201,-3.9745,0.0],[119.60224,-3.97419,0.0],[119.60237,-3.97318,0.0],[119.60211,-3.97282,0.0],[119.6019,-3.97231,0.0],[119.60208,-3.97206,0.0],[119.60211,-3.9718,0.0],[119.6019,-3.97152,0.0],[119.60152,-3.96945,0.0],[119.60089,-3.96893,0.0],[119.60017,-3.96873,0.0],[119.60001,-3.96831,0.0],[119.5998,-3.96813,0.0],[119.59978,-3.96802,0.0],[119.59995,-3.96674,0.0],[119.60043,-3.96615,0.0],[119.60054,-3.96589,0.0],[119.6011,-3.96377,0.0],[119.6011,-3.96286,0.0],[119.601,-3.96235,0.0],[119.60104,-3.96191,0.0],[119.60137,-3.96134,0.0],[119.6015,-3.9609,0.0],[119.60154,-3.95965,0.0],[119.60201,-3.95903,0.0],[119.60205,-3.95888,0.0],[119.60169,-3.95844,0.0],[119.60136,-3.95769,0.0],[119.60144,-3.95693,0.0],[119.60186,-3.956,0.0],[119.60184,-3.95535,0.0],[119.6015,-3.95469,0.0],[119.6001,-3.95438,0.0],[119.59919,-3.95375,0.0],[119.5988,-3.95332,0.0],[119.59865,-3.95341,0.0],[119.59856,-3.95335,0.0],[119.59821,-3.95266,0.0],[119.59825,-3.95252,0.0],[119.5981,-3.95241,0.0],[119.59613,-3.95129,0.0],[119.59587,-3.95158,0.0],[119.59507,-3.9509,0.0],[119.59496,-3.95103,0.0],[119.59478,-3.95092,0.0],[119.59489,-3.95078,0.0],[119.59434,-3.95038,0.0],[119.59413,-3.94983,0.0],[119.59393,-3.94976,0.0],[119.59356,-3.94977,0.0],[119.59289,-3.94953,0.0],[119.59297,-3.94928,0.0],[119.59256,-3.94908,0.0],[119.5925,-3.94916,0.0],[119.59129,-3.94858,0.0],[119.59139,-3.94837,0.0],[119.59066,-3.94793,0.0],[119.59048,-3.94833,0.0],[119.58891,-3.94815,0.0],[119.58802,-3.94815,0.0],[119.58766,-3.94693,0.0],[119.58799,-3.94611,0.0],[119.58744,-3.94596,0.0],[119.58744,-3.94471,0.0],[119.58734,-3.94412,0.0],[119.58729,-3.944,0.0],[119.58718,-3.94401,0.0],[119.58704,-3.94338,0.0],[119.58695,-3.94272,0.0],[119.58699,-3.9409,0.0],[119.58694,-3.94078,0.0],[119.58611,-3.94043,0.0],[119.58574,-3.94015,0.0],[119.58533,-3.93997,0.0],[119.58493,-3.93981,0.0],[119.58476,-3.93981,0.0],[119.58427,-3.93956,0.0],[119.58424,-3.93961,0.0],[119.58257,-3.93867,0.0],[119.58159,-3.93792,0.0],[119.58164,-3.93777,0.0],[119.57924,-3.93642,0.0],[119.57824,-3.93591,0.0],[119.57741,-3.93587,0.0],[119.57743,-3.93548,0.0],[119.57682,-3.93532,0.0],[119.57621,-3.93555,0.0],[119.57577,-3.93488,0.0]]]]},"properties":{"OBJECTID":85376,"NAMOBJ":"Maritengngae","WADMKD":"Maritengngae","WADMKC":"Suppa","KDEPUM":"73.15.02.2005","KDCPUM":"73.15.02","WADMKK":"Pinrang","WADMPR":"Sulawesi Selatan","LUASWH":6.9907361595873878,"TIPADM":1,"Status":"Batas Indikatif"}},{"type":"Feature","id":85384,"geometry":{"type":"Polygon","coordinates":[[[119.62753,-3.5758,0.0],[119.62731,-3.57563,0.0],[119.62722,-3.5754,0.0],[119.62725,-3.57506,0.0],[119.62749,-3.57448,0.0],[119.62739,-3.57423,0.0],[119.62702,-3.57356,0.0],[119.62652,-3.57288,0.0],[119.62639,-3.57255,0.0],[119.62609,-3.57219,0.0],[119.62576,-3.57198,0.0],[119.62474,-3.5718,0.0],[119.62415,-3.57217,0.0],[119.6237,-3.57215,0.0],[119.62226,-3.57154,0.0],[119.62178,-3.57145,0.0],[119.62127,-3.5715,0.0],[119.62073,-3.57188,0.0],[119.61942,-3.57233,0.0],[119.61888,-3.5722,0.0],[119.61762,-3.57247,0.0],[119.61711,-3.5725,0.0],[119.61596,-3.57287,0.0],[119.61548,-3.57293,0.0],[119.615,-3.57286,0.0],[119.61422,-3.57254,0.0],[119.61367,-3.57215,0.0],[119.61238,-3.57171,0.0],[119.61185,-3.57131,0.0],[119.61126,-3.57114,0.0],[119.61022,-3.57126,0.0],[119.60991,-3.57116,0.0],[119.60957,-3.5708,0.0],[119.60943,-3.56935,0.0],[119.60915,-3.56926,0.0],[119.60782,-3.56976,0.0],[119.60624,-3.57014,0.0],[119.6055,-3.57011,0.0],[119.60538,-3.56993,0.0],[119.60536,-3.56921,0.0],[119.60525,-3.56899,0.0],[119.60481,-3.56907,0.0],[119.60436,-3.56939,0.0],[119.60411,-3.56973,0.0],[119.60385,-3.56987,0.0],[119.6032,-3.56967,0.0],[119.60267,-3.56971,0.0],[119.60206,-3.57038,0.0],[119.60128,-3.57144,0.0],[119.60077,-3.57196,0.0],[119.60005,-3.57218,0.0],[119.59809,-3.57218,0.0],[119.59733,-3.57244,0.0],[119.59703,-3.57302,0.0],[119.59654,-3.5736,0.0],[119.59599,-3.57379,0.0],[119.59559,-3.57374,0.0],[119.59386,-3.573,0.0],[119.59295,-3.5727,0.0],[119.59198,-3.57277,0.0],[119.5916,-3.57296,0.0],[119.59144,-3.57273,0.0],[119.59148,-3.57259,0.0],[119.59133,-3.57233,0.0],[119.59088,-3.57226,0.0],[119.59043,-3.57233,0.0],[119.58993,-3.57221,0.0],[119.58942,-3.57196,0.0],[119.58878,-3.57103,0.0],[119.58888,-3.57101,0.0],[119.58807,-3.56963,0.0],[119.58775,-3.56847,0.0],[119.58642,-3.56755,0.0],[119.58611,-3.56802,0.0],[119.58594,-3.56789,0.0],[119.5851,-3.56856,0.0],[119.58408,-3.56833,0.0],[119.58329,-3.56842,0.0],[119.58274,-3.56866,0.0],[119.58046,-3.57016,0.0],[119.5792,-3.57089,0.0],[119.57865,-3.57132,0.0],[119.57848,-3.5716,0.0],[119.57788,-3.5714,0.0],[119.57664,-3.57215,0.0],[119.57624,-3.57257,0.0],[119.57595,-3.57315,0.0],[119.57563,-3.57438,0.0],[119.57427,-3.57541,0.0],[119.57374,-3.57639,0.0],[119.5734,-3.5768,0.0],[119.57314,-3.57698,0.0],[119.57283,-3.57704,0.0],[119.57249,-3.57696,0.0],[119.5721,-3.57616,0.0],[119.57176,-3.57567,0.0],[119.57143,-3.57543,0.0],[119.57103,-3.57531,0.0],[119.56997,-3.57519,0.0],[119.56925,-3.57544,0.0],[119.56892,-3.57541,0.0],[119.56858,-3.5752,0.0],[119.56836,-3.57479,0.0],[119.56838,-3.57181,0.0],[119.56829,-3.5709,0.0],[119.56814,-3.57039,0.0],[119.56788,-3.57011,0.0],[119.56748,-3.56996,0.0],[119.56703,-3.56996,0.0],[119.56656,-3.57009,0.0],[119.56608,-3.57041,0.0],[119.56583,-3.57075,0.0],[119.56578,-3.57096,0.0],[119.56588,-3.57246,0.0],[119.56578,-3.57264,0.0],[119.5656,-3.57271,0.0],[119.56482,-3.57243,0.0],[119.56326,-3.57145,0.0],[119.56294,-3.57153,0.0],[119.5622,-3.57265,0.0],[119.56196,-3.57271,0.0],[119.56147,-3.57267,0.0],[119.56109,-3.57255,0.0],[119.56093,-3.5723,0.0],[119.56093,-3.57149,0.0],[119.56064,-3.57123,0.0],[119.56011,-3.57095,0.0],[119.55955,-3.57041,0.0],[119.55896,-3.5689,0.0],[119.55872,-3.56864,0.0],[119.5572,-3.56849,0.0],[119.55557,-3.56753,0.0],[119.55492,-3.56677,0.0],[119.55426,-3.56569,0.0],[119.55325,-3.56506,0.0],[119.5528,-3.56492,0.0],[119.55236,-3.56501,0.0],[119.55141,-3.56538,0.0],[119.5512,-3.56559,0.0],[119.55087,-3.56553,0.0],[119.55064,-3.56537,0.0],[119.55057,-3.56516,0.0],[119.5506,-3.56499,0.0],[119.55085,-3.56472,0.0],[119.55092,-3.56443,0.0],[119.55089,-3.564,0.0],[119.5507,-3.5637,0.0],[119.54874,-3.56215,0.0],[119.54813,-3.56218,0.0],[119.5474,-3.56276,0.0],[119.54705,-3.56283,0.0],[119.54668,-3.56274,0.0],[119.54656,-3.56248,0.0],[119.54657,-3.56185,0.0],[119.54643,-3.56135,0.0],[119.54617,-3.56112,0.0],[119.54476,-3.56075,0.0],[119.54287,-3.56036,0.0],[119.54227,-3.56033,0.0],[119.54123,-3.56108,0.0],[119.54089,-3.56101,0.0],[119.5406,-3.56067,0.0],[119.54041,-3.56136,0.0],[119.53987,-3.56121,0.0],[119.53974,-3.56225,0.0],[119.53943,-3.56229,0.0],[119.53947,-3.56317,0.0],[119.53968,-3.56322,0.0],[119.53948,-3.56392,0.0],[119.53901,-3.56379,0.0],[119.53907,-3.56552,0.0],[119.53901,-3.56554,0.0],[119.53895,-3.56603,0.0],[119.53887,-3.56604,0.0],[119.53887,-3.56647,0.0],[119.5375,-3.56652,0.0],[119.5375,-3.56685,0.0],[119.53804,-3.56684,0.0],[119.53802,-3.56794,0.0],[119.53794,-3.56794,0.0],[119.53795,-3.56825,0.0],[119.53811,-3.56826,0.0],[119.53818,-3.56925,0.0],[119.53949,-3.56919,0.0],[119.53926,-3.57042,0.0],[119.53998,-3.57053,0.0],[119.53981,-3.57139,0.0],[119.53982,-3.5719,0.0],[119.53989,-3.5724,0.0],[119.54008,-3.57245,0.0],[119.54006,-3.57358,0.0],[119.53985,-3.5744,0.0],[119.54015,-3.57433,0.0],[119.54056,-3.57452,0.0],[119.54066,-3.57487,0.0],[119.5413,-3.57492,0.0],[119.54149,-3.57502,0.0],[119.54164,-3.57493,0.0],[119.54215,-3.57495,0.0],[119.54401,-3.57533,0.0],[119.54415,-3.5754,0.0],[119.54432,-3.57567,0.0],[119.54443,-3.57569,0.0],[119.54477,-3.57552,0.0],[119.54522,-3.57559,0.0],[119.54563,-3.57586,0.0],[119.54563,-3.57616,0.0],[119.54581,-3.57652,0.0],[119.54613,-3.57657,0.0],[119.54653,-3.57683,0.0],[119.54694,-3.57667,0.0],[119.54753,-3.57665,0.0],[119.5479,-3.57645,0.0],[119.54883,-3.57711,0.0],[119.54876,-3.57791,0.0],[119.54853,-3.57831,0.0],[119.54871,-3.57879,0.0],[119.54923,-3.57939,0.0],[119.54931,-3.57981,0.0],[119.55016,-3.58008,0.0],[119.55132,-3.58016,0.0],[119.55172,-3.58049,0.0],[119.5532,-3.58298,0.0],[119.55395,-3.5845,0.0],[119.55429,-3.58583,0.0],[119.55434,-3.58659,0.0],[119.55521,-3.58809,0.0],[119.55556,-3.58793,0.0],[119.55633,-3.58774,0.0],[119.55676,-3.58751,0.0],[119.55762,-3.58741,0.0],[119.55923,-3.58803,0.0],[119.56006,-3.58916,0.0],[119.56074,-3.5906,0.0],[119.5623,-3.59284,0.0],[119.56307,-3.59457,0.0],[119.56481,-3.59744,0.0],[119.56714,-3.602,0.0],[119.56752,-3.6023,0.0],[119.56859,-3.60289,0.0],[119.56898,-3.60342,0.0],[119.56928,-3.60453,0.0],[119.56972,-3.60567,0.0],[119.57173,-3.60786,0.0],[119.57271,-3.60914,0.0],[119.57368,-3.61077,0.0],[119.57464,-3.61129,0.0],[119.5763,-3.61185,0.0],[119.57877,-3.61227,0.0],[119.58299,-3.61152,0.0],[119.5839,-3.61097,0.0],[119.58629,-3.61047,0.0],[119.58901,-3.60955,0.0],[119.59078,-3.60941,0.0],[119.59315,-3.60962,0.0],[119.59527,-3.60965,0.0],[119.59791,-3.60994,0.0],[119.59981,-3.6103,0.0],[119.60505,-3.61104,0.0],[119.60693,-3.61141,0.0],[119.61,-3.6113,0.0],[119.61399,-3.61036,0.0],[119.61674,-3.60985,0.0],[119.6191,-3.60917,0.0],[119.62189,-3.60789,0.0],[119.62371,-3.60679,0.0],[119.62539,-3.60523,0.0],[119.62518,-3.60404,0.0],[119.62429,-3.60119,0.0],[119.62432,-3.59916,0.0],[119.62379,-3.59503,0.0],[119.62373,-3.59331,0.0],[119.6242,-3.59289,0.0],[119.6253,-3.59244,0.0],[119.62652,-3.58977,0.0],[119.62643,-3.58801,0.0],[119.6259,-3.58629,0.0],[119.62581,-3.58501,0.0],[119.62593,-3.58179,0.0],[119.62569,-3.57965,0.0],[119.62643,-3.57784,0.0],[119.62753,-3.5758,0.0]]]},"properties":{"OBJECTID":85384,"NAMOBJ":"Buttu Sawe","WADMKD":"Buttu Sawe","WADMKC":"Duampanua","KDEPUM":"73.15.06.2009","KDCPUM":"73.15.06","WADMKK":"Pinrang","WADMPR":"Sulawesi Selatan","LUASWH":33.552280397048378,"TIPADM":1,"Status":"Batas Indikatif"}},{"type":"Feature","id":85419,"geometry":{"type":"MultiPolygon","coordinates":[[[[119.4607,-3.64263,0.0],[119.46089,-3.64256,0.0],[119.46095,-3.64226,0.0],[119.4609,-3.64205,0.0],[119.4607,-3.64194,0.0],[119.46063,-3.64255,0.0],[119.4607,-3.64263,0.0]]],[[[119.4768,-3.63475,0.0],[119.47676,-3.63449,0.0],[119.47653,-3.63417,0.0],[119.47609,-3.634,0.0],[119.47577,-3.63376,0.0],[119.47546,-3.63369,0.0],[119.47544,-3.63381,0.0],[119.47618,-3.6343,0.0],[119.47649,-3.63459,0.0],[119.47659,-3.63482,0.0],[119.47527,-3.63633,0.0],[119.47454,-3.63564,0.0],[119.47465,-3.63544,0.0],[119.47505,-3.63511,0.0],[119.47503,-3.63502,0.0],[119.47481,-3.6349,0.0],[119.47448,-3.63523,0.0],[119.47377,-3.63562,0.0],[119.47366,-3.63541,0.0],[119.47359,-3.63542,0.0],[119.47309,-3.63594,0.0],[119.47292,-3.6357,0.0],[119.47303,-3.63554,0.0],[119.47296,-3.6354,0.0],[119.47281,-3.63562,0.0],[119.47263,-3.63571,0.0],[119.47251,-3.63602,0.0],[119.47262,-3.63604,0.0],[119.47271,-3.63584,0.0],[119.47284,-3.63578,0.0],[119.4729,-3.63599,0.0],[119.47304,-3.63611,0.0],[119.47299,-3.63622,0.0],[119.47257,-3.63649,0.0],[119.47233,-3.6363,0.0],[119.47223,-3.6365,0.0],[119.47217,-3.63632,0.0],[119.47244,-3.63614,0.0],[119.47234,-3.63605,0.0],[119.47198,-3.63633,0.0],[119.47207,-3.63657,0.0],[119.47219,-3.63674,0.0],[119.47234,-3.63677,0.0],[119.47251,-3.6371,0.0],[119.47216,-3.6375,0.0],[119.47127,-3.6379,0.0],[119.47113,-3.63805,0.0],[119.47028,-3.63764,0.0],[119.46992,-3.63768,0.0],[119.46917,-3.63814,0.0],[119.46888,-3.63823,0.0],[119.4685,-3.63855,0.0],[119.46844,-3.63831,0.0],[119.46815,-3.63819,0.0],[119.46819,-3.63852,0.0],[119.46804,-3.63857,0.0],[119.46799,-3.63882,0.0],[119.46772,-3.63887,0.0],[119.46757,-3.63906,0.0],[119.46723,-3.639,0.0],[119.46704,-3.63921,0.0],[119.46675,-3.63921,0.0],[119.46648,-3.63937,0.0],[119.46634,-3.63933,0.0],[119.4662,-3.63893,0.0],[119.46569,-3.63871,0.0],[119.46558,-3.63837,0.0],[119.46546,-3.63837,0.0],[119.4654,-3.63857,0.0],[119.46529,-3.63864,0.0],[119.46485,-3.63856,0.0],[119.46472,-3.63861,0.0],[119.46458,-3.63856,0.0],[119.46444,-3.63864,0.0],[119.46425,-3.63859,0.0],[119.46413,-3.63873,0.0],[119.46388,-3.63875,0.0],[119.46359,-3.63889,0.0],[119.46339,-3.63886,0.0],[119.46326,-3.63897,0.0],[119.46327,-3.63915,0.0],[119.46307,-3.6392,0.0],[119.4629,-3.63907,0.0],[119.46278,-3.63926,0.0],[119.46276,-3.63946,0.0],[119.46291,-3.63968,0.0],[119.46287,-3.64011,0.0],[119.46274,-3.64012,0.0],[119.46272,-3.63974,0.0],[119.46263,-3.63948,0.0],[119.46252,-3.63943,0.0],[119.46227,-3.63963,0.0],[119.46195,-3.64006,0.0],[119.4617,-3.64005,0.0],[119.46101,-3.64132,0.0],[119.46107,-3.64164,0.0],[119.46119,-3.64172,0.0],[119.46218,-3.64188,0.0],[119.46234,-3.642,0.0],[119.4623,-3.64379,0.0],[119.46217,-3.64386,0.0],[119.46115,-3.64369,0.0],[119.46121,-3.64379,0.0],[119.46145,-3.64381,0.0],[119.46139,-3.64408,0.0],[119.46119,-3.64404,0.0],[119.46388,-3.64749,0.0],[119.46729,-3.65082,0.0],[119.46806,-3.65125,0.0],[119.46911,-3.65242,0.0],[119.47025,-3.65403,0.0],[119.47307,-3.65607,0.0],[119.47534,-3.65723,0.0],[119.47636,-3.65799,0.0],[119.47724,-3.66003,0.0],[119.47739,-3.66049,0.0],[119.47776,-3.66353,0.0],[119.47797,-3.66565,0.0],[119.47789,-3.66641,0.0],[119.47799,-3.66695,0.0],[119.47789,-3.66765,0.0],[119.47731,-3.66869,0.0],[119.477,-3.66982,0.0],[119.47719,-3.67356,0.0],[119.47711,-3.67558,0.0],[119.47714,-3.67628,0.0],[119.47733,-3.67732,0.0],[119.4773,-3.6785,0.0],[119.47714,-3.67942,0.0],[119.47714,-3.6799,0.0],[119.4769,-3.68097,0.0],[119.4763,-3.6823,0.0],[119.47607,-3.6834,0.0],[119.47614,-3.68424,0.0],[119.47664,-3.6856,0.0],[119.47707,-3.68648,0.0],[119.478,-3.68751,0.0],[119.47906,-3.68817,0.0],[119.4803,-3.68854,0.0],[119.4816,-3.68904,0.0],[119.48268,-3.6892,0.0],[119.48367,-3.68918,0.0],[119.48511,-3.68888,0.0],[119.48605,-3.68838,0.0],[119.48669,-3.68773,0.0],[119.48798,-3.68591,0.0],[119.48866,-3.6852,0.0],[119.48948,-3.6845,0.0],[119.49069,-3.68366,0.0],[119.49189,-3.68326,0.0],[119.49275,-3.68313,0.0],[119.4932,-3.68319,0.0],[119.4936,-3.68331,0.0],[119.49613,-3.68487,0.0],[119.49659,-3.68534,0.0],[119.49706,-3.68684,0.0],[119.49773,-3.68683,0.0],[119.49844,-3.68714,0.0],[119.49822,-3.68782,0.0],[119.49809,-3.68778,0.0],[119.49788,-3.68833,0.0],[119.49889,-3.68868,0.0],[119.49957,-3.68762,0.0],[119.50044,-3.68795,0.0],[119.50016,-3.68848,0.0],[119.50082,-3.68882,0.0],[119.50106,-3.68845,0.0],[119.50131,-3.68855,0.0],[119.50084,-3.68918,0.0],[119.50148,-3.68951,0.0],[119.50274,-3.68722,0.0],[119.50249,-3.68712,0.0],[119.50236,-3.68735,0.0],[119.50186,-3.68708,0.0],[119.50189,-3.68674,0.0],[119.50253,-3.68552,0.0],[119.50164,-3.68435,0.0],[119.50323,-3.68166,0.0],[119.50468,-3.68232,0.0],[119.50554,-3.68085,0.0],[119.50523,-3.67969,0.0],[119.50545,-3.67915,0.0],[119.50635,-3.67945,0.0],[119.5071,-3.67778,0.0],[119.50728,-3.67787,0.0],[119.50777,-3.67707,0.0],[119.50802,-3.67718,0.0],[119.50826,-3.67644,0.0],[119.50807,-3.67638,0.0],[119.50883,-3.67495,0.0],[119.50864,-3.67448,0.0],[119.51959,-3.67078,0.0],[119.51547,-3.66725,0.0],[119.51432,-3.66539,0.0],[119.51254,-3.66378,0.0],[119.51242,-3.66344,0.0],[119.51226,-3.66223,0.0],[119.51239,-3.66165,0.0],[119.51212,-3.66137,0.0],[119.51245,-3.66076,0.0],[119.51252,-3.66081,0.0],[119.51278,-3.66038,0.0],[119.51292,-3.66047,0.0],[119.51334,-3.65965,0.0],[119.51382,-3.65989,0.0],[119.51402,-3.65978,0.0],[119.51517,-3.65843,0.0],[119.51571,-3.65799,0.0],[119.51588,-3.65775,0.0],[119.5182,-3.65881,0.0],[119.51837,-3.65868,0.0],[119.51934,-3.65828,0.0],[119.52043,-3.65797,0.0],[119.52153,-3.65827,0.0],[119.5217,-3.65732,0.0],[119.52189,-3.65683,0.0],[119.52215,-3.65645,0.0],[119.52232,-3.656,0.0],[119.52259,-3.65572,0.0],[119.52283,-3.65509,0.0],[119.52282,-3.65477,0.0],[119.52213,-3.65204,0.0],[119.52198,-3.65171,0.0],[119.52044,-3.65006,0.0],[119.51762,-3.64915,0.0],[119.51431,-3.64823,0.0],[119.51376,-3.64825,0.0],[119.51265,-3.64857,0.0],[119.51213,-3.64891,0.0],[119.51196,-3.64927,0.0],[119.51175,-3.64917,0.0],[119.51108,-3.64865,0.0],[119.51078,-3.64822,0.0],[119.51093,-3.64724,0.0],[119.51085,-3.64667,0.0],[119.51102,-3.64574,0.0],[119.51083,-3.64431,0.0],[119.51108,-3.64362,0.0],[119.51106,-3.64309,0.0],[119.51063,-3.64282,0.0],[119.51044,-3.64283,0.0],[119.5102,-3.64307,0.0],[119.50982,-3.64287,0.0],[119.50889,-3.64279,0.0],[119.50831,-3.64246,0.0],[119.50807,-3.64242,0.0],[119.50781,-3.64243,0.0],[119.50743,-3.64291,0.0],[119.50666,-3.64319,0.0],[119.5063,-3.6432,0.0],[119.50546,-3.64281,0.0],[119.50529,-3.64293,0.0],[119.50495,-3.64351,0.0],[119.50545,-3.64387,0.0],[119.50556,-3.64456,0.0],[119.50546,-3.6451,0.0],[119.50504,-3.64627,0.0],[119.50459,-3.64744,0.0],[119.50433,-3.6479,0.0],[119.50413,-3.64929,0.0],[119.50393,-3.65196,0.0],[119.50242,-3.65494,0.0],[119.5016,-3.65682,0.0],[119.49986,-3.66211,0.0],[119.49953,-3.66285,0.0],[119.49817,-3.66191,0.0],[119.49798,-3.662,0.0],[119.49635,-3.6608,0.0],[119.4962,-3.66081,0.0],[119.49572,-3.66134,0.0],[119.49486,-3.66092,0.0],[119.49312,-3.65968,0.0],[119.49329,-3.6593,0.0],[119.49206,-3.65844,0.0],[119.49052,-3.65554,0.0],[119.48955,-3.65352,0.0],[119.48919,-3.65328,0.0],[119.48825,-3.65271,0.0],[119.48787,-3.65258,0.0],[119.48593,-3.65267,0.0],[119.48569,-3.65259,0.0],[119.4855,-3.65242,0.0],[119.48511,-3.65119,0.0],[119.48481,-3.65057,0.0],[119.4846,-3.65042,0.0],[119.48168,-3.6509,0.0],[119.48131,-3.65102,0.0],[119.48138,-3.64919,0.0],[119.48071,-3.64872,0.0],[119.48049,-3.64867,0.0],[119.47976,-3.64884,0.0],[119.47926,-3.6488,0.0],[119.47885,-3.64858,0.0],[119.47831,-3.6487,0.0],[119.47776,-3.64863,0.0],[119.47764,-3.64827,0.0],[119.47764,-3.6465,0.0],[119.47804,-3.64545,0.0],[119.47869,-3.64331,0.0],[119.47882,-3.64265,0.0],[119.47854,-3.64044,0.0],[119.47819,-3.63949,0.0],[119.47828,-3.63861,0.0],[119.47837,-3.63828,0.0],[119.47905,-3.63723,0.0],[119.47919,-3.63675,0.0],[119.47893,-3.63601,0.0],[119.47854,-3.63569,0.0],[119.47785,-3.63481,0.0],[119.47774,-3.63492,0.0],[119.47747,-3.63464,0.0],[119.47725,-3.63458,0.0],[119.47717,-3.63448,0.0],[119.4768,-3.63475,0.0]]]]},"properties":{"OBJECTID":85419,"NAMOBJ":"Paria","WADMKD":"Paria","WADMKC":"Duampanua","KDEPUM":"73.15.06.2007","KDCPUM":"73.15.06","WADMKK":"Pinrang","WADMPR":"Sulawesi Selatan","LUASWH":18.225673207968125,"TIPADM":1,"Status":"Batas Indikatif"}},{"type":"Feature","id":85480,"geometry":{"type":"Polygon","coordinates":[[[119.52153,-3.65827,0.0],[119.52043,-3.65797,0.0],[119.51934,-3.65828,0.0],[119.51837,-3.65868,0.0],[119.5182,-3.65881,0.0],[119.51588,-3.65775,0.0],[119.51571,-3.65799,0.0],[119.51517,-3.65843,0.0],[119.51402,-3.65978,0.0],[119.51382,-3.65989,0.0],[119.51334,-3.65965,0.0],[119.51292,-3.66047,0.0],[119.51278,-3.66038,0.0],[119.51252,-3.66081,0.0],[119.51245,-3.66076,0.0],[119.51212,-3.66137,0.0],[119.51239,-3.66165,0.0],[119.51226,-3.66223,0.0],[119.51242,-3.66344,0.0],[119.51254,-3.66378,0.0],[119.51432,-3.66539,0.0],[119.51547,-3.66725,0.0],[119.51959,-3.67078,0.0],[119.50864,-3.67448,0.0],[119.50883,-3.67495,0.0],[119.50807,-3.67638,0.0],[119.50826,-3.67644,0.0],[119.50802,-3.67718,0.0],[119.50777,-3.67707,0.0],[119.50728,-3.67787,0.0],[119.5071,-3.67778,0.0],[119.50635,-3.67945,0.0],[119.50545,-3.67915,0.0],[119.50523,-3.67969,0.0],[119.50554,-3.68085,0.0],[119.50468,-3.68232,0.0],[119.50323,-3.68166,0.0],[119.50164,-3.68435,0.0],[119.50351,-3.68677,0.0],[119.5074,-3.69141,0.0],[119.51298,-3.69596,0.0],[119.51589,-3.69724,0.0],[119.51784,-3.69437,0.0],[119.52038,-3.69659,0.0],[119.52167,-3.69746,0.0],[119.52242,-3.69599,0.0],[119.52371,-3.69691,0.0],[119.52349,-3.69721,0.0],[119.52374,-3.69743,0.0],[119.52476,-3.69778,0.0],[119.52495,-3.69741,0.0],[119.52584,-3.69779,0.0],[119.52514,-3.69992,0.0],[119.52596,-3.70018,0.0],[119.52706,-3.69693,0.0],[119.52731,-3.69579,0.0],[119.52881,-3.69661,0.0],[119.52954,-3.69533,0.0],[119.53004,-3.69563,0.0],[119.53033,-3.69501,0.0],[119.53086,-3.69532,0.0],[119.5306,-3.69593,0.0],[119.53173,-3.69656,0.0],[119.5323,-3.69542,0.0],[119.53483,-3.69663,0.0],[119.53499,-3.69632,0.0],[119.53528,-3.69645,0.0],[119.53654,-3.69232,0.0],[119.53679,-3.69183,0.0],[119.5373,-3.69201,0.0],[119.53799,-3.69062,0.0],[119.53995,-3.68759,0.0],[119.53985,-3.68754,0.0],[119.54054,-3.68606,0.0],[119.54058,-3.68582,0.0],[119.54055,-3.68557,0.0],[119.53985,-3.68573,0.0],[119.5396,-3.68561,0.0],[119.53888,-3.68335,0.0],[119.53889,-3.683,0.0],[119.53836,-3.68187,0.0],[119.53793,-3.68171,0.0],[119.53785,-3.68179,0.0],[119.53693,-3.68141,0.0],[119.53811,-3.67893,0.0],[119.53846,-3.67863,0.0],[119.53782,-3.67684,0.0],[119.53703,-3.67623,0.0],[119.53715,-3.67605,0.0],[119.5362,-3.67539,0.0],[119.53542,-3.67433,0.0],[119.53375,-3.67267,0.0],[119.53316,-3.67194,0.0],[119.53251,-3.67081,0.0],[119.53156,-3.66966,0.0],[119.53118,-3.66793,0.0],[119.53088,-3.66768,0.0],[119.52915,-3.66536,0.0],[119.52749,-3.6644,0.0],[119.52706,-3.66432,0.0],[119.52679,-3.66449,0.0],[119.52642,-3.6653,0.0],[119.52572,-3.66563,0.0],[119.52176,-3.66617,0.0],[119.52081,-3.66484,0.0],[119.5203,-3.66398,0.0],[119.52053,-3.66318,0.0],[119.52126,-3.66212,0.0],[119.52132,-3.66104,0.0],[119.52168,-3.65907,0.0],[119.52153,-3.65827,0.0]]]},"properties":{"OBJECTID":85480,"NAMOBJ":"Tatae","WADMKD":"Tatae","WADMKC":"Duampanua","KDEPUM":"73.15.06.1002","KDCPUM":"73.15.06","WADMKK":"Pinrang","WADMPR":"Sulawesi Selatan","LUASWH":11.019310027413701,"TIPADM":2,"Status":"Batas Indikatif"}},{"type":"Feature","id":85497,"geometry":{"type":"Polygon","coordinates":[[[119.69238,-3.77796,0.0],[119.68893,-3.77764,0.0],[119.68042,-3.77843,0.0],[119.67969,-3.77827,0.0],[119.67938,-3.77904,0.0],[119.67937,-3.77926,0.0],[119.67954,-3.77948,0.0],[119.67942,-3.77975,0.0],[119.67926,-3.78061,0.0],[119.67931,-3.78088,0.0],[119.67908,-3.78165,0.0],[119.67911,-3.78175,0.0],[119.67925,-3.78183,0.0],[119.67924,-3.78199,0.0],[119.67828,-3.78482,0.0],[119.67826,-3.78505,0.0],[119.6784,-3.78527,0.0],[119.6781,-3.78601,0.0],[119.67768,-3.78783,0.0],[119.67776,-3.78792,0.0],[119.67851,-3.78813,0.0],[119.6784,-3.78886,0.0],[119.67849,-3.78919,0.0],[119.67817,-3.79018,0.0],[119.67805,-3.79119,0.0],[119.67828,-3.79135,0.0],[119.67906,-3.79154,0.0],[119.67924,-3.7917,0.0],[119.67891,-3.79372,0.0],[119.67889,-3.7941,0.0],[119.67895,-3.79424,0.0],[119.67988,-3.79443,0.0],[119.68004,-3.79466,0.0],[119.68123,-3.79518,0.0],[119.68103,-3.79623,0.0],[119.68138,-3.79648,0.0],[119.68174,-3.7998,0.0],[119.68189,-3.80024,0.0],[119.68093,-3.80357,0.0],[119.68086,-3.80445,0.0],[119.68096,-3.80469,0.0],[119.68031,-3.80615,0.0],[119.6799,-3.80734,0.0],[119.68039,-3.80942,0.0],[119.68072,-3.81044,0.0],[119.68124,-3.81077,0.0],[119.68194,-3.81155,0.0],[119.68324,-3.81275,0.0],[119.68341,-3.81286,0.0],[119.68397,-3.81295,0.0],[119.68495,-3.81369,0.0],[119.68519,-3.81337,0.0],[119.68548,-3.81274,0.0],[119.68604,-3.81104,0.0],[119.68622,-3.81095,0.0],[119.68688,-3.81106,0.0],[119.68716,-3.80956,0.0],[119.68716,-3.80871,0.0],[119.68817,-3.80906,0.0],[119.6895,-3.80597,0.0],[119.68968,-3.80588,0.0],[119.69085,-3.80585,0.0],[119.69313,-3.80423,0.0],[119.69424,-3.80307,0.0],[119.69507,-3.80143,0.0],[119.69534,-3.80001,0.0],[119.69579,-3.79906,0.0],[119.69608,-3.79886,0.0],[119.69617,-3.79863,0.0],[119.69618,-3.79845,0.0],[119.69605,-3.79814,0.0],[119.69624,-3.79722,0.0],[119.6962,-3.79687,0.0],[119.6957,-3.79557,0.0],[119.69515,-3.79506,0.0],[119.69503,-3.79485,0.0],[119.69517,-3.79429,0.0],[119.6956,-3.79382,0.0],[119.69568,-3.79363,0.0],[119.69529,-3.7927,0.0],[119.69514,-3.79263,0.0],[119.6944,-3.79269,0.0],[119.69353,-3.79257,0.0],[119.6931,-3.79261,0.0],[119.69272,-3.7924,0.0],[119.69175,-3.79214,0.0],[119.69151,-3.79157,0.0],[119.69152,-3.79129,0.0],[119.69194,-3.79012,0.0],[119.69129,-3.78943,0.0],[119.69171,-3.78903,0.0],[119.69285,-3.78761,0.0],[119.6934,-3.78653,0.0],[119.69415,-3.7855,0.0],[119.69437,-3.78495,0.0],[119.69542,-3.78341,0.0],[119.69556,-3.78294,0.0],[119.6953,-3.78269,0.0],[119.69554,-3.78228,0.0],[119.69524,-3.78192,0.0],[119.69536,-3.78162,0.0],[119.69508,-3.78114,0.0],[119.69456,-3.78083,0.0],[119.69452,-3.78018,0.0],[119.69393,-3.77986,0.0],[119.69397,-3.77949,0.0],[119.69378,-3.77915,0.0],[119.69271,-3.77841,0.0],[119.69272,-3.77814,0.0],[119.69238,-3.77796,0.0]]]},"properties":{"OBJECTID":85497,"NAMOBJ":"Fakkie","WADMKD":"Fakkie","WADMKC":"Tiroang","KDEPUM":"73.15.09.1003","KDCPUM":"73.15.09","WADMKK":"Pinrang","WADMPR":"Sulawesi Selatan","LUASWH":5.5061760687374939,"TIPADM":2,"Status":"Batas Indikatif"}},{"type":"Feature","id":85502,"geometry":{"type":"Polygon","coordinates":[[[119.62904,-3.76337,0.0],[119.62845,-3.76318,0.0],[119.62756,-3.76489,0.0],[119.62669,-3.76704,0.0],[119.62699,-3.76713,0.0],[119.62572,-3.76956,0.0],[119.62564,-3.76951,0.0],[119.62539,-3.77001,0.0],[119.625,-3.7698,0.0],[119.62453,-3.77062,0.0],[119.62403,-3.77036,0.0],[119.62377,-3.77087,0.0],[119.62385,-3.77093,0.0],[119.62367,-3.77124,0.0],[119.62375,-3.77129,0.0],[119.6231,-3.77242,0.0],[119.62265,-3.77308,0.0],[119.6226,-3.77306,0.0],[119.62179,-3.7746,0.0],[119.62185,-3.77464,0.0],[119.62122,-3.77581,0.0],[119.62089,-3.77662,0.0],[119.62052,-3.77642,0.0],[119.62036,-3.7768,0.0],[119.62051,-3.77693,0.0],[119.62017,-3.77773,0.0],[119.61942,-3.77738,0.0],[119.61819,-3.77743,0.0],[119.61747,-3.77955,0.0],[119.61565,-3.78359,0.0],[119.61544,-3.7835,0.0],[119.6154,-3.78358,0.0],[119.61418,-3.78291,0.0],[119.61404,-3.78315,0.0],[119.61392,-3.78313,0.0],[119.61359,-3.78367,0.0],[119.61227,-3.783,0.0],[119.61246,-3.78266,0.0],[119.61161,-3.78223,0.0],[119.61183,-3.78178,0.0],[119.611,-3.78133,0.0],[119.61111,-3.78103,0.0],[119.61081,-3.78088,0.0],[119.61087,-3.78075,0.0],[119.61041,-3.78053,0.0],[119.61025,-3.78066,0.0],[119.6094,-3.78021,0.0],[119.60928,-3.7804,0.0],[119.60876,-3.78057,0.0],[119.60856,-3.78085,0.0],[119.60868,-3.78133,0.0],[119.60809,-3.78276,0.0],[119.60763,-3.78372,0.0],[119.60741,-3.7841,0.0],[119.60735,-3.78409,0.0],[119.60631,-3.78611,0.0],[119.60622,-3.78608,0.0],[119.60558,-3.7873,0.0],[119.60474,-3.78912,0.0],[119.60491,-3.78921,0.0],[119.60468,-3.78964,0.0],[119.60435,-3.78951,0.0],[119.60381,-3.79058,0.0],[119.60357,-3.79044,0.0],[119.60245,-3.79266,0.0],[119.60412,-3.79357,0.0],[119.60434,-3.79365,0.0],[119.60482,-3.79356,0.0],[119.60498,-3.79362,0.0],[119.60527,-3.79391,0.0],[119.60749,-3.79732,0.0],[119.60799,-3.79771,0.0],[119.60835,-3.79785,0.0],[119.62335,-3.79853,0.0],[119.62335,-3.79861,0.0],[119.62417,-3.79904,0.0],[119.62518,-3.79974,0.0],[119.6264,-3.80077,0.0],[119.62862,-3.80225,0.0],[119.62965,-3.80278,0.0],[119.63063,-3.80344,0.0],[119.63172,-3.80399,0.0],[119.63234,-3.8052,0.0],[119.63257,-3.80585,0.0],[119.6328,-3.80658,0.0],[119.63298,-3.80763,0.0],[119.63408,-3.80755,0.0],[119.63583,-3.80849,0.0],[119.6357,-3.80867,0.0],[119.6356,-3.8091,0.0],[119.63628,-3.80933,0.0],[119.63634,-3.80955,0.0],[119.63574,-3.81105,0.0],[119.63768,-3.81201,0.0],[119.63813,-3.81116,0.0],[119.6383,-3.81122,0.0],[119.63869,-3.81029,0.0],[119.6388,-3.8098,0.0],[119.63784,-3.80948,0.0],[119.63784,-3.80942,0.0],[119.63867,-3.80738,0.0],[119.63955,-3.80646,0.0],[119.64017,-3.80553,0.0],[119.63929,-3.80516,0.0],[119.63982,-3.80331,0.0],[119.63812,-3.80269,0.0],[119.63885,-3.80105,0.0],[119.63848,-3.80089,0.0],[119.63909,-3.79954,0.0],[119.63854,-3.7993,0.0],[119.63872,-3.79878,0.0],[119.63829,-3.79866,0.0],[119.63909,-3.7967,0.0],[119.63832,-3.79639,0.0],[119.63847,-3.79573,0.0],[119.63841,-3.79541,0.0],[119.63783,-3.79563,0.0],[119.6378,-3.79526,0.0],[119.63863,-3.79231,0.0],[119.63891,-3.79226,0.0],[119.63969,-3.79041,0.0],[119.64082,-3.7884,0.0],[119.64112,-3.78759,0.0],[119.64114,-3.78746,0.0],[119.64104,-3.78747,0.0],[119.64112,-3.78722,0.0],[119.64192,-3.7861,0.0],[119.64218,-3.78545,0.0],[119.64227,-3.78471,0.0],[119.64212,-3.78386,0.0],[119.64211,-3.78264,0.0],[119.64136,-3.78254,0.0],[119.64153,-3.78165,0.0],[119.64117,-3.78153,0.0],[119.64131,-3.78096,0.0],[119.64104,-3.78088,0.0],[119.64108,-3.78048,0.0],[119.64022,-3.78029,0.0],[119.6402,-3.78022,0.0],[119.63943,-3.77982,0.0],[119.63953,-3.77977,0.0],[119.6405,-3.77781,0.0],[119.64082,-3.77756,0.0],[119.63999,-3.77717,0.0],[119.63934,-3.77697,0.0],[119.63948,-3.77636,0.0],[119.63955,-3.77636,0.0],[119.63974,-3.77572,0.0],[119.63964,-3.7756,0.0],[119.63853,-3.77518,0.0],[119.63938,-3.77378,0.0],[119.63866,-3.77352,0.0],[119.63858,-3.77364,0.0],[119.63755,-3.77313,0.0],[119.63779,-3.77277,0.0],[119.6361,-3.77175,0.0],[119.63651,-3.77109,0.0],[119.63701,-3.77068,0.0],[119.63736,-3.76983,0.0],[119.63655,-3.76934,0.0],[119.63648,-3.76943,0.0],[119.63615,-3.76921,0.0],[119.63588,-3.76948,0.0],[119.63467,-3.76855,0.0],[119.63605,-3.76718,0.0],[119.6361,-3.76695,0.0],[119.63654,-3.76631,0.0],[119.63552,-3.76551,0.0],[119.63261,-3.76442,0.0],[119.62904,-3.76337,0.0]]]},"properties":{"OBJECTID":85502,"NAMOBJ":"Salo","WADMKD":"Salo","WADMKC":"Watang Sawitto","KDEPUM":"73.15.04.1005","KDCPUM":"73.15.04","WADMKK":"Pinrang","WADMPR":"Sulawesi Selatan","LUASWH":11.466460122239027,"TIPADM":2,"Status":"Batas Indikatif"}},{"type":"Feature","id":85585,"geometry":{"type":"Polygon","coordinates":[[[119.64411,-3.72789,0.0],[119.64186,-3.72743,0.0],[119.64184,-3.72755,0.0],[119.64065,-3.72728,0.0],[119.64057,-3.72747,0.0],[119.63924,-3.72713,0.0],[119.63912,-3.72728,0.0],[119.63875,-3.72874,0.0],[119.63795,-3.72849,0.0],[119.63736,-3.72996,0.0],[119.63726,-3.73009,0.0],[119.63683,-3.72984,0.0],[119.63663,-3.72987,0.0],[119.63656,-3.73037,0.0],[119.63621,-3.73039,0.0],[119.63588,-3.73106,0.0],[119.6348,-3.73085,0.0],[119.63439,-3.73085,0.0],[119.63381,-3.73042,0.0],[119.63329,-3.73028,0.0],[119.63306,-3.72991,0.0],[119.63255,-3.72966,0.0],[119.63232,-3.72944,0.0],[119.63212,-3.72941,0.0],[119.63164,-3.72984,0.0],[119.63132,-3.72999,0.0],[119.63079,-3.72982,0.0],[119.63058,-3.72989,0.0],[119.63023,-3.73049,0.0],[119.62947,-3.73089,0.0],[119.62923,-3.73128,0.0],[119.62838,-3.73162,0.0],[119.62814,-3.7318,0.0],[119.62757,-3.73183,0.0],[119.62746,-3.73243,0.0],[119.62723,-3.73246,0.0],[119.62713,-3.73245,0.0],[119.6271,-3.73193,0.0],[119.62694,-3.7318,0.0],[119.62362,-3.73156,0.0],[119.62318,-3.73143,0.0],[119.61592,-3.72831,0.0],[119.61569,-3.72833,0.0],[119.61427,-3.72891,0.0],[119.61427,-3.72949,0.0],[119.6141,-3.73007,0.0],[119.61431,-3.73025,0.0],[119.61427,-3.73059,0.0],[119.61474,-3.73098,0.0],[119.61528,-3.73111,0.0],[119.61564,-3.73143,0.0],[119.61593,-3.73154,0.0],[119.61612,-3.73195,0.0],[119.61644,-3.73231,0.0],[119.61584,-3.73315,0.0],[119.61696,-3.73376,0.0],[119.61642,-3.73455,0.0],[119.61596,-3.73501,0.0],[119.61602,-3.73504,0.0],[119.61571,-3.73551,0.0],[119.61746,-3.73649,0.0],[119.61726,-3.73682,0.0],[119.61672,-3.73719,0.0],[119.61632,-3.73714,0.0],[119.61592,-3.73722,0.0],[119.61549,-3.73771,0.0],[119.61528,-3.73773,0.0],[119.61499,-3.73815,0.0],[119.61491,-3.73812,0.0],[119.61462,-3.73687,0.0],[119.61412,-3.73656,0.0],[119.61392,-3.73652,0.0],[119.61355,-3.7369,0.0],[119.61332,-3.737,0.0],[119.61236,-3.73713,0.0],[119.61219,-3.73672,0.0],[119.61234,-3.73642,0.0],[119.61227,-3.73633,0.0],[119.61202,-3.73646,0.0],[119.61191,-3.73671,0.0],[119.61163,-3.73655,0.0],[119.61054,-3.73865,0.0],[119.61042,-3.7386,0.0],[119.61016,-3.73901,0.0],[119.60973,-3.73995,0.0],[119.6102,-3.74017,0.0],[119.60979,-3.74148,0.0],[119.60863,-3.74088,0.0],[119.60863,-3.7407,0.0],[119.60806,-3.74049,0.0],[119.60872,-3.74217,0.0],[119.60798,-3.74201,0.0],[119.60774,-3.74258,0.0],[119.60782,-3.74261,0.0],[119.60732,-3.74372,0.0],[119.6075,-3.74381,0.0],[119.60696,-3.74504,0.0],[119.60732,-3.74524,0.0],[119.60676,-3.74671,0.0],[119.60661,-3.74666,0.0],[119.60644,-3.7472,0.0],[119.6058,-3.74702,0.0],[119.6055,-3.74832,0.0],[119.60511,-3.7482,0.0],[119.60517,-3.74884,0.0],[119.60504,-3.74884,0.0],[119.60512,-3.74914,0.0],[119.60502,-3.7495,0.0],[119.60468,-3.74996,0.0],[119.60455,-3.74996,0.0],[119.60419,-3.75068,0.0],[119.60483,-3.75093,0.0],[119.60455,-3.75132,0.0],[119.60458,-3.75171,0.0],[119.60429,-3.75186,0.0],[119.60412,-3.75245,0.0],[119.60423,-3.75272,0.0],[119.60423,-3.7532,0.0],[119.60474,-3.75341,0.0],[119.60493,-3.75369,0.0],[119.60492,-3.75397,0.0],[119.60475,-3.75435,0.0],[119.60465,-3.75511,0.0],[119.60474,-3.7552,0.0],[119.60533,-3.75533,0.0],[119.60545,-3.75552,0.0],[119.60527,-3.75573,0.0],[119.60478,-3.75588,0.0],[119.60464,-3.75612,0.0],[119.6046,-3.75647,0.0],[119.60502,-3.75689,0.0],[119.60502,-3.75707,0.0],[119.60493,-3.75719,0.0],[119.60542,-3.75728,0.0],[119.6055,-3.75716,0.0],[119.60598,-3.7574,0.0],[119.60639,-3.75677,0.0],[119.60683,-3.7571,0.0],[119.60784,-3.75634,0.0],[119.60828,-3.75584,0.0],[119.60919,-3.75644,0.0],[119.61007,-3.7568,0.0],[119.60983,-3.75721,0.0],[119.61015,-3.75743,0.0],[119.61009,-3.75772,0.0],[119.6102,-3.75807,0.0],[119.6102,-3.75852,0.0],[119.61075,-3.75919,0.0],[119.6115,-3.75961,0.0],[119.61188,-3.75891,0.0],[119.61273,-3.7593,0.0],[119.61408,-3.75659,0.0],[119.61455,-3.75682,0.0],[119.61473,-3.75649,0.0],[119.61707,-3.75758,0.0],[119.61811,-3.7579,0.0],[119.62106,-3.75964,0.0],[119.62103,-3.75983,0.0],[119.62109,-3.75988,0.0],[119.62513,-3.76176,0.0],[119.62773,-3.76287,0.0],[119.62771,-3.76294,0.0],[119.62904,-3.76337,0.0],[119.62927,-3.76288,0.0],[119.63004,-3.76303,0.0],[119.63066,-3.76141,0.0],[119.63086,-3.76146,0.0],[119.63105,-3.76105,0.0],[119.63034,-3.76076,0.0],[119.63123,-3.75903,0.0],[119.63114,-3.75895,0.0],[119.63124,-3.75868,0.0],[119.63204,-3.7569,0.0],[119.6322,-3.75637,0.0],[119.63288,-3.75503,0.0],[119.63282,-3.75487,0.0],[119.63258,-3.75472,0.0],[119.63276,-3.75446,0.0],[119.6331,-3.75423,0.0],[119.63269,-3.75354,0.0],[119.63321,-3.75322,0.0],[119.63357,-3.75314,0.0],[119.63377,-3.75262,0.0],[119.63389,-3.75265,0.0],[119.63402,-3.75223,0.0],[119.63462,-3.75242,0.0],[119.63487,-3.75205,0.0],[119.63545,-3.75054,0.0],[119.6352,-3.75036,0.0],[119.63542,-3.74982,0.0],[119.63572,-3.74996,0.0],[119.63602,-3.74947,0.0],[119.63628,-3.74957,0.0],[119.63683,-3.74839,0.0],[119.63714,-3.74806,0.0],[119.63784,-3.74754,0.0],[119.63832,-3.74748,0.0],[119.63983,-3.74415,0.0],[119.63955,-3.74403,0.0],[119.64082,-3.74125,0.0],[119.64124,-3.74,0.0],[119.64115,-3.73989,0.0],[119.64124,-3.73963,0.0],[119.64186,-3.7398,0.0],[119.64222,-3.73885,0.0],[119.64289,-3.73897,0.0],[119.643,-3.73869,0.0],[119.6424,-3.73849,0.0],[119.6427,-3.73735,0.0],[119.64264,-3.73716,0.0],[119.64276,-3.73648,0.0],[119.64374,-3.73422,0.0],[119.64259,-3.73369,0.0],[119.6428,-3.73324,0.0],[119.64292,-3.73329,0.0],[119.64315,-3.73251,0.0],[119.6436,-3.73263,0.0],[119.64404,-3.73114,0.0],[119.6442,-3.73027,0.0],[119.64406,-3.73024,0.0],[119.64416,-3.72973,0.0],[119.64453,-3.72885,0.0],[119.64439,-3.72879,0.0],[119.64462,-3.72812,0.0],[119.64411,-3.72789,0.0]]]},"properties":{"OBJECTID":85585,"NAMOBJ":"Mattiro Ade","WADMKD":"Mattiro Ade","WADMKC":"Patampanua","KDEPUM":"73.15.05.2007","KDCPUM":"73.15.05","WADMKK":"Pinrang","WADMPR":"Sulawesi Selatan","LUASWH":10.745715078234815,"TIPADM":1,"Status":"Hasil Kesepakatan"}},{"type":"Feature","id":85599,"geometry":{"type":"Polygon","coordinates":[[[119.62522,-3.85891,0.0],[119.62532,-3.85883,0.0],[119.62572,-3.85883,0.0],[119.62637,-3.85855,0.0],[119.62673,-3.85872,0.0],[119.62696,-3.85873,0.0],[119.62724,-3.85806,0.0],[119.62739,-3.85794,0.0],[119.62809,-3.85802,0.0],[119.62898,-3.85789,0.0],[119.6293,-3.85769,0.0],[119.63038,-3.85742,0.0],[119.63045,-3.85685,0.0],[119.63098,-3.85655,0.0],[119.6317,-3.85636,0.0],[119.6319,-3.8566,0.0],[119.63239,-3.8565,0.0],[119.63313,-3.85563,0.0],[119.63329,-3.85517,0.0],[119.63371,-3.85481,0.0],[119.63389,-3.85482,0.0],[119.63453,-3.85523,0.0],[119.63504,-3.85455,0.0],[119.63567,-3.85325,0.0],[119.63584,-3.85197,0.0],[119.63608,-3.85173,0.0],[119.63608,-3.85158,0.0],[119.63555,-3.8503,0.0],[119.6354,-3.84966,0.0],[119.63506,-3.84933,0.0],[119.63511,-3.84915,0.0],[119.63569,-3.84896,0.0],[119.63569,-3.84865,0.0],[119.63557,-3.84827,0.0],[119.63542,-3.84816,0.0],[119.63502,-3.84816,0.0],[119.63476,-3.84805,0.0],[119.63473,-3.8472,0.0],[119.63426,-3.84613,0.0],[119.6339,-3.84587,0.0],[119.63361,-3.8455,0.0],[119.63309,-3.84551,0.0],[119.63198,-3.84492,0.0],[119.63139,-3.84481,0.0],[119.63115,-3.84424,0.0],[119.63131,-3.84396,0.0],[119.63155,-3.84303,0.0],[119.63118,-3.84285,0.0],[119.63144,-3.84222,0.0],[119.63013,-3.84162,0.0],[119.63056,-3.84062,0.0],[119.62992,-3.84033,0.0],[119.6301,-3.83995,0.0],[119.62809,-3.83893,0.0],[119.62796,-3.83922,0.0],[119.62774,-3.83927,0.0],[119.62736,-3.83888,0.0],[119.62723,-3.83886,0.0],[119.62677,-3.83939,0.0],[119.62659,-3.83939,0.0],[119.6257,-3.8389,0.0],[119.62473,-3.83974,0.0],[119.62379,-3.84082,0.0],[119.62308,-3.84211,0.0],[119.62135,-3.84448,0.0],[119.62014,-3.84655,0.0],[119.61933,-3.8461,0.0],[119.61921,-3.84632,0.0],[119.6177,-3.84546,0.0],[119.61727,-3.84528,0.0],[119.61723,-3.84534,0.0],[119.61669,-3.845,0.0],[119.61536,-3.84663,0.0],[119.61514,-3.84651,0.0],[119.61457,-3.8474,0.0],[119.61364,-3.8468,0.0],[119.61334,-3.8472,0.0],[119.61317,-3.8471,0.0],[119.61281,-3.84756,0.0],[119.61189,-3.84685,0.0],[119.60836,-3.85084,0.0],[119.60645,-3.84951,0.0],[119.60504,-3.84827,0.0],[119.60464,-3.84884,0.0],[119.60438,-3.84899,0.0],[119.6034,-3.85013,0.0],[119.60198,-3.85216,0.0],[119.60089,-3.85183,0.0],[119.60047,-3.8526,0.0],[119.60027,-3.85344,0.0],[119.59991,-3.85341,0.0],[119.59972,-3.85379,0.0],[119.59943,-3.85387,0.0],[119.59915,-3.85386,0.0],[119.59846,-3.85352,0.0],[119.59853,-3.85432,0.0],[119.59849,-3.85553,0.0],[119.5981,-3.8569,0.0],[119.59923,-3.85709,0.0],[119.60151,-3.85637,0.0],[119.60308,-3.85711,0.0],[119.60232,-3.8585,0.0],[119.59702,-3.86688,0.0],[119.5998,-3.86812,0.0],[119.59948,-3.8691,0.0],[119.60007,-3.8694,0.0],[119.60023,-3.8694,0.0],[119.60062,-3.86898,0.0],[119.60075,-3.86895,0.0],[119.60123,-3.86915,0.0],[119.60144,-3.86915,0.0],[119.60378,-3.86807,0.0],[119.60731,-3.86948,0.0],[119.60896,-3.87031,0.0],[119.60907,-3.87017,0.0],[119.60968,-3.87042,0.0],[119.60988,-3.87001,0.0],[119.61073,-3.87043,0.0],[119.61088,-3.87017,0.0],[119.61226,-3.8709,0.0],[119.61258,-3.87032,0.0],[119.61282,-3.87025,0.0],[119.61302,-3.87035,0.0],[119.61279,-3.87072,0.0],[119.61345,-3.8712,0.0],[119.61407,-3.8704,0.0],[119.61443,-3.87011,0.0],[119.61465,-3.87022,0.0],[119.61454,-3.87039,0.0],[119.61537,-3.8707,0.0],[119.61588,-3.87104,0.0],[119.61606,-3.87075,0.0],[119.6173,-3.87114,0.0],[119.61719,-3.87165,0.0],[119.61759,-3.87196,0.0],[119.61771,-3.87222,0.0],[119.61834,-3.87205,0.0],[119.61841,-3.87243,0.0],[119.61869,-3.87238,0.0],[119.61939,-3.87248,0.0],[119.6199,-3.87218,0.0],[119.62019,-3.87214,0.0],[119.6207,-3.87246,0.0],[119.62147,-3.87263,0.0],[119.62162,-3.8728,0.0],[119.62177,-3.87316,0.0],[119.62188,-3.87319,0.0],[119.62281,-3.87326,0.0],[119.62362,-3.8731,0.0],[119.62391,-3.87254,0.0],[119.62455,-3.87278,0.0],[119.62494,-3.8728,0.0],[119.62567,-3.873,0.0],[119.62729,-3.87244,0.0],[119.6274,-3.87246,0.0],[119.62774,-3.87291,0.0],[119.62803,-3.873,0.0],[119.62817,-3.87294,0.0],[119.6283,-3.87272,0.0],[119.62824,-3.87242,0.0],[119.62833,-3.87217,0.0],[119.62899,-3.87188,0.0],[119.62903,-3.87155,0.0],[119.6289,-3.87133,0.0],[119.62798,-3.87077,0.0],[119.62627,-3.87066,0.0],[119.6262,-3.87054,0.0],[119.62624,-3.87009,0.0],[119.62612,-3.86991,0.0],[119.62598,-3.86992,0.0],[119.62585,-3.87014,0.0],[119.62565,-3.87019,0.0],[119.62493,-3.86986,0.0],[119.62422,-3.86931,0.0],[119.62339,-3.86895,0.0],[119.62321,-3.86869,0.0],[119.623,-3.86805,0.0],[119.62274,-3.86795,0.0],[119.6226,-3.86776,0.0],[119.62247,-3.86706,0.0],[119.62253,-3.86635,0.0],[119.62222,-3.86564,0.0],[119.62153,-3.86461,0.0],[119.62145,-3.86439,0.0],[119.62147,-3.8642,0.0],[119.62128,-3.86389,0.0],[119.62122,-3.86357,0.0],[119.6215,-3.86321,0.0],[119.62145,-3.86307,0.0],[119.62101,-3.86298,0.0],[119.62085,-3.86287,0.0],[119.62088,-3.86267,0.0],[119.62113,-3.86258,0.0],[119.6213,-3.86238,0.0],[119.62122,-3.86188,0.0],[119.62219,-3.86178,0.0],[119.62254,-3.8615,0.0],[119.62274,-3.86116,0.0],[119.62286,-3.86076,0.0],[119.62286,-3.86035,0.0],[119.62314,-3.85955,0.0],[119.62394,-3.85933,0.0],[119.62479,-3.85923,0.0],[119.62522,-3.85891,0.0]]]},"properties":{"OBJECTID":85599,"NAMOBJ":"Padaelo","WADMKD":"Padaelo","WADMKC":"Mattiro Bulu","KDEPUM":"73.15.03.2007","KDCPUM":"73.15.03","WADMKK":"Pinrang","WADMPR":"Sulawesi Selatan","LUASWH":8.8831648238711622,"TIPADM":1,"Status":"Batas Indikatif"}},{"type":"Feature","id":85671,"geometry":{"type":"Polygon","coordinates":[[[119.63368,-3.70334,0.0],[119.63329,-3.70359,0.0],[119.63155,-3.70388,0.0],[119.62803,-3.7038,0.0],[119.62711,-3.70388,0.0],[119.62484,-3.70342,0.0],[119.62403,-3.70299,0.0],[119.62364,-3.70245,0.0],[119.62303,-3.70194,0.0],[119.62134,-3.70076,0.0],[119.61985,-3.70024,0.0],[119.61954,-3.70302,0.0],[119.61933,-3.70303,0.0],[119.61922,-3.7041,0.0],[119.61861,-3.70394,0.0],[119.61854,-3.70492,0.0],[119.61823,-3.70496,0.0],[119.61819,-3.70573,0.0],[119.61786,-3.70659,0.0],[119.61747,-3.70645,0.0],[119.6172,-3.70727,0.0],[119.6169,-3.70721,0.0],[119.61665,-3.70808,0.0],[119.61631,-3.708,0.0],[119.616,-3.70884,0.0],[119.61573,-3.7088,0.0],[119.6155,-3.71013,0.0],[119.61522,-3.7111,0.0],[119.61586,-3.71131,0.0],[119.61592,-3.71151,0.0],[119.61694,-3.71194,0.0],[119.61703,-3.71173,0.0],[119.6177,-3.71202,0.0],[119.61782,-3.7117,0.0],[119.61847,-3.71193,0.0],[119.6187,-3.71119,0.0],[119.61919,-3.71143,0.0],[119.6204,-3.71174,0.0],[119.62043,-3.71191,0.0],[119.62114,-3.71198,0.0],[119.62116,-3.71181,0.0],[119.6222,-3.71219,0.0],[119.62239,-3.71166,0.0],[119.6227,-3.71174,0.0],[119.62295,-3.71093,0.0],[119.62471,-3.71165,0.0],[119.62485,-3.71134,0.0],[119.62501,-3.7114,0.0],[119.6251,-3.71127,0.0],[119.62548,-3.71144,0.0],[119.62542,-3.71154,0.0],[119.62629,-3.71207,0.0],[119.62706,-3.71282,0.0],[119.62828,-3.7136,0.0],[119.62821,-3.71379,0.0],[119.6286,-3.714,0.0],[119.62885,-3.71453,0.0],[119.62887,-3.71479,0.0],[119.62923,-3.71521,0.0],[119.62974,-3.7154,0.0],[119.62984,-3.71559,0.0],[119.63005,-3.71557,0.0],[119.63036,-3.71525,0.0],[119.63061,-3.71529,0.0],[119.63074,-3.7139,0.0],[119.62964,-3.70989,0.0],[119.63009,-3.70978,0.0],[119.63163,-3.71002,0.0],[119.6318,-3.70982,0.0],[119.63189,-3.7095,0.0],[119.63353,-3.70971,0.0],[119.63352,-3.71059,0.0],[119.63328,-3.71164,0.0],[119.63369,-3.71183,0.0],[119.63362,-3.71208,0.0],[119.63518,-3.71245,0.0],[119.6354,-3.70977,0.0],[119.63627,-3.70771,0.0],[119.63596,-3.70751,0.0],[119.6362,-3.70688,0.0],[119.63662,-3.70684,0.0],[119.6366,-3.70578,0.0],[119.63509,-3.70587,0.0],[119.63509,-3.7055,0.0],[119.63548,-3.70528,0.0],[119.63559,-3.70514,0.0],[119.63535,-3.70483,0.0],[119.63368,-3.70334,0.0]]]},"properties":{"OBJECTID":85671,"NAMOBJ":"Pincara","WADMKD":"Pincara","WADMKC":"Patampanua","KDEPUM":"73.15.05.2010","KDCPUM":"73.15.05","WADMKK":"Pinrang","WADMPR":"Sulawesi Selatan","LUASWH":2.0125628018983215,"TIPADM":1,"Status":"Batas Indikatif"}},{"type":"Feature","id":85674,"geometry":{"type":"Polygon","coordinates":[[[119.63978,-3.63082,0.0],[119.64038,-3.62813,0.0],[119.64009,-3.62349,0.0],[119.6405,-3.61951,0.0],[119.63946,-3.61621,0.0],[119.63893,-3.61522,0.0],[119.63709,-3.61628,0.0],[119.63643,-3.617,0.0],[119.63519,-3.61804,0.0],[119.63419,-3.61957,0.0],[119.63386,-3.6209,0.0],[119.62991,-3.62256,0.0],[119.61996,-3.62547,0.0],[119.61673,-3.62618,0.0],[119.61197,-3.6278,0.0],[119.61078,-3.62902,0.0],[119.6095,-3.63006,0.0],[119.60803,-3.6311,0.0],[119.60443,-3.63337,0.0],[119.60306,-3.63447,0.0],[119.60193,-3.63501,0.0],[119.59978,-3.63579,0.0],[119.5975,-3.63728,0.0],[119.59593,-3.64021,0.0],[119.59436,-3.64276,0.0],[119.59331,-3.64352,0.0],[119.59176,-3.64418,0.0],[119.59019,-3.64547,0.0],[119.58967,-3.64621,0.0],[119.58929,-3.64694,0.0],[119.58822,-3.64804,0.0],[119.58569,-3.64973,0.0],[119.58229,-3.65166,0.0],[119.57549,-3.65651,0.0],[119.57383,-3.65735,0.0],[119.57268,-3.6576,0.0],[119.57221,-3.6576,0.0],[119.57188,-3.65745,0.0],[119.57176,-3.65728,0.0],[119.57106,-3.65724,0.0],[119.5709,-3.65741,0.0],[119.57086,-3.65764,0.0],[119.571,-3.65807,0.0],[119.57103,-3.65852,0.0],[119.57078,-3.65875,0.0],[119.57084,-3.65897,0.0],[119.57037,-3.65923,0.0],[119.57077,-3.66026,0.0],[119.57066,-3.66051,0.0],[119.57038,-3.66082,0.0],[119.56842,-3.66182,0.0],[119.56748,-3.66266,0.0],[119.56723,-3.66301,0.0],[119.56561,-3.66442,0.0],[119.56474,-3.66498,0.0],[119.56383,-3.66512,0.0],[119.56385,-3.66543,0.0],[119.5634,-3.66586,0.0],[119.56224,-3.66605,0.0],[119.5617,-3.66602,0.0],[119.56107,-3.66562,0.0],[119.5606,-3.66603,0.0],[119.56012,-3.6663,0.0],[119.55953,-3.66638,0.0],[119.55904,-3.66632,0.0],[119.55858,-3.66619,0.0],[119.55834,-3.66601,0.0],[119.55762,-3.66638,0.0],[119.5573,-3.66629,0.0],[119.55713,-3.66632,0.0],[119.55702,-3.66644,0.0],[119.55712,-3.66668,0.0],[119.55758,-3.66737,0.0],[119.55759,-3.66792,0.0],[119.55684,-3.66864,0.0],[119.55682,-3.66895,0.0],[119.55698,-3.66909,0.0],[119.55697,-3.66927,0.0],[119.5565,-3.6693,0.0],[119.55577,-3.66961,0.0],[119.55537,-3.66994,0.0],[119.55497,-3.67055,0.0],[119.55484,-3.67099,0.0],[119.55491,-3.67118,0.0],[119.55546,-3.67153,0.0],[119.55653,-3.67191,0.0],[119.55659,-3.67202,0.0],[119.55646,-3.67218,0.0],[119.55598,-3.67231,0.0],[119.55486,-3.67245,0.0],[119.554,-3.6725,0.0],[119.55323,-3.67235,0.0],[119.55307,-3.67241,0.0],[119.55284,-3.67273,0.0],[119.55284,-3.67318,0.0],[119.55206,-3.67374,0.0],[119.55176,-3.67407,0.0],[119.55109,-3.67503,0.0],[119.55103,-3.67524,0.0],[119.55088,-3.67637,0.0],[119.55063,-3.67738,0.0],[119.55042,-3.67899,0.0],[119.55043,-3.68036,0.0],[119.55018,-3.68083,0.0],[119.55001,-3.68216,0.0],[119.55,-3.68294,0.0],[119.55012,-3.6833,0.0],[119.55159,-3.68579,0.0],[119.55243,-3.68688,0.0],[119.55282,-3.68788,0.0],[119.55147,-3.68949,0.0],[119.5509,-3.6912,0.0],[119.55032,-3.69212,0.0],[119.54938,-3.69403,0.0],[119.55028,-3.69461,0.0],[119.55145,-3.69517,0.0],[119.55177,-3.69523,0.0],[119.55189,-3.6958,0.0],[119.55202,-3.696,0.0],[119.55193,-3.6966,0.0],[119.55201,-3.6969,0.0],[119.55235,-3.69721,0.0],[119.55394,-3.69548,0.0],[119.55617,-3.69384,0.0],[119.55762,-3.69354,0.0],[119.55878,-3.69354,0.0],[119.55976,-3.69372,0.0],[119.56102,-3.69422,0.0],[119.56171,-3.69459,0.0],[119.56222,-3.69523,0.0],[119.56256,-3.69597,0.0],[119.56272,-3.69691,0.0],[119.56283,-3.69843,0.0],[119.56272,-3.70027,0.0],[119.56277,-3.70198,0.0],[119.56295,-3.70307,0.0],[119.56335,-3.70405,0.0],[119.56384,-3.70466,0.0],[119.56465,-3.70544,0.0],[119.56628,-3.70645,0.0],[119.56753,-3.70669,0.0],[119.56893,-3.70639,0.0],[119.56992,-3.70606,0.0],[119.57084,-3.70556,0.0],[119.57122,-3.70499,0.0],[119.5716,-3.70342,0.0],[119.57176,-3.70079,0.0],[119.57209,-3.69901,0.0],[119.57256,-3.69766,0.0],[119.57295,-3.6969,0.0],[119.57366,-3.69655,0.0],[119.57504,-3.69646,0.0],[119.57671,-3.69682,0.0],[119.57764,-3.69508,0.0],[119.57764,-3.69502,0.0],[119.57746,-3.69499,0.0],[119.57761,-3.69441,0.0],[119.5776,-3.69425,0.0],[119.57753,-3.69424,0.0],[119.57768,-3.69331,0.0],[119.57812,-3.69344,0.0],[119.57834,-3.69215,0.0],[119.57865,-3.69174,0.0],[119.57915,-3.69196,0.0],[119.57942,-3.69114,0.0],[119.57876,-3.6908,0.0],[119.5795,-3.68958,0.0],[119.5799,-3.68857,0.0],[119.57962,-3.68844,0.0],[119.57977,-3.68807,0.0],[119.58115,-3.68651,0.0],[119.58094,-3.68615,0.0],[119.58074,-3.68554,0.0],[119.58034,-3.68503,0.0],[119.58063,-3.6848,0.0],[119.58066,-3.68468,0.0],[119.58058,-3.68391,0.0],[119.58062,-3.68381,0.0],[119.58162,-3.68338,0.0],[119.58185,-3.68313,0.0],[119.58188,-3.68282,0.0],[119.58179,-3.68245,0.0],[119.5819,-3.68214,0.0],[119.58282,-3.6814,0.0],[119.58292,-3.68124,0.0],[119.58394,-3.67647,0.0],[119.5841,-3.67595,0.0],[119.58478,-3.67518,0.0],[119.58488,-3.67451,0.0],[119.58525,-3.67312,0.0],[119.58551,-3.67267,0.0],[119.58577,-3.67249,0.0],[119.58617,-3.67204,0.0],[119.58651,-3.67133,0.0],[119.58678,-3.67114,0.0],[119.58699,-3.67105,0.0],[119.58806,-3.67174,0.0],[119.58846,-3.67189,0.0],[119.58861,-3.67187,0.0],[119.58879,-3.67129,0.0],[119.58896,-3.67113,0.0],[119.58922,-3.6711,0.0],[119.58959,-3.67094,0.0],[119.58978,-3.67051,0.0],[119.58953,-3.66957,0.0],[119.58969,-3.66914,0.0],[119.58993,-3.66878,0.0],[119.58997,-3.66854,0.0],[119.58992,-3.66832,0.0],[119.58958,-3.66802,0.0],[119.58984,-3.66732,0.0],[119.58969,-3.66693,0.0],[119.58974,-3.66681,0.0],[119.59048,-3.66622,0.0],[119.59101,-3.66542,0.0],[119.59138,-3.66535,0.0],[119.59161,-3.66549,0.0],[119.59173,-3.66546,0.0],[119.59219,-3.66495,0.0],[119.59309,-3.66468,0.0],[119.59323,-3.66471,0.0],[119.59356,-3.66443,0.0],[119.59417,-3.66426,0.0],[119.59439,-3.66403,0.0],[119.59448,-3.66371,0.0],[119.5948,-3.66364,0.0],[119.59562,-3.66286,0.0],[119.59674,-3.66221,0.0],[119.59712,-3.6625,0.0],[119.5975,-3.66219,0.0],[119.5977,-3.66216,0.0],[119.598,-3.66272,0.0],[119.59819,-3.66278,0.0],[119.59922,-3.66246,0.0],[119.60014,-3.66231,0.0],[119.60104,-3.662,0.0],[119.60156,-3.66144,0.0],[119.60165,-3.66124,0.0],[119.60178,-3.66026,0.0],[119.60159,-3.65961,0.0],[119.60168,-3.65951,0.0],[119.60282,-3.65909,0.0],[119.60292,-3.65894,0.0],[119.60292,-3.65808,0.0],[119.60338,-3.65797,0.0],[119.60408,-3.65809,0.0],[119.60444,-3.65807,0.0],[119.60485,-3.65783,0.0],[119.60525,-3.65746,0.0],[119.60544,-3.65704,0.0],[119.60574,-3.65615,0.0],[119.60569,-3.65584,0.0],[119.60551,-3.6557,0.0],[119.60488,-3.65577,0.0],[119.60468,-3.6557,0.0],[119.60454,-3.65552,0.0],[119.60455,-3.65487,0.0],[119.60422,-3.65418,0.0],[119.6044,-3.6536,0.0],[119.606,-3.65228,0.0],[119.60837,-3.65075,0.0],[119.60873,-3.65063,0.0],[119.61149,-3.65069,0.0],[119.61271,-3.65052,0.0],[119.61333,-3.64995,0.0],[119.61362,-3.64939,0.0],[119.615,-3.64917,0.0],[119.61763,-3.64774,0.0],[119.61985,-3.64671,0.0],[119.62265,-3.64557,0.0],[119.62551,-3.64534,0.0],[119.62876,-3.64483,0.0],[119.63008,-3.64409,0.0],[119.63128,-3.64312,0.0],[119.6311,-3.6418,0.0],[119.63133,-3.64066,0.0],[119.63236,-3.63843,0.0],[119.63373,-3.63632,0.0],[119.63978,-3.63082,0.0]]]},"properties":{"OBJECTID":85674,"NAMOBJ":"Katomporang","WADMKD":"Katomporang","WADMKC":"Duampanua","KDEPUM":"73.15.06.2011","KDCPUM":"73.15.06","WADMKK":"Pinrang","WADMPR":"Sulawesi Selatan","LUASWH":28.706514757821683,"TIPADM":1,"Status":"Batas Indikatif"}},{"type":"Feature","id":85752,"geometry":{"type":"Polygon","coordinates":[[[119.55043,-3.68013,0.0],[119.54982,-3.67998,0.0],[119.54467,-3.67791,0.0],[119.54185,-3.67629,0.0],[119.54072,-3.67553,0.0],[119.54052,-3.67518,0.0],[119.5377,-3.66547,0.0],[119.53576,-3.66347,0.0],[119.53537,-3.66322,0.0],[119.53351,-3.66321,0.0],[119.53332,-3.66309,0.0],[119.53317,-3.66326,0.0],[119.53209,-3.66202,0.0],[119.53016,-3.66108,0.0],[119.5294,-3.65997,0.0],[119.52914,-3.65919,0.0],[119.529,-3.65898,0.0],[119.52833,-3.65866,0.0],[119.52825,-3.65885,0.0],[119.52799,-3.65885,0.0],[119.52766,-3.65837,0.0],[119.52701,-3.65814,0.0],[119.52633,-3.65822,0.0],[119.52617,-3.65814,0.0],[119.52426,-3.65634,0.0],[119.5236,-3.65608,0.0],[119.52272,-3.65587,0.0],[119.52259,-3.65572,0.0],[119.52246,-3.65579,0.0],[119.52189,-3.65683,0.0],[119.52166,-3.65752,0.0],[119.52153,-3.65827,0.0],[119.52168,-3.65907,0.0],[119.52132,-3.66104,0.0],[119.52126,-3.66212,0.0],[119.52053,-3.66318,0.0],[119.5203,-3.66398,0.0],[119.5217,-3.66611,0.0],[119.52176,-3.66617,0.0],[119.52572,-3.66563,0.0],[119.52642,-3.6653,0.0],[119.52679,-3.66449,0.0],[119.52706,-3.66432,0.0],[119.52749,-3.6644,0.0],[119.52915,-3.66536,0.0],[119.53088,-3.66768,0.0],[119.53118,-3.66793,0.0],[119.53156,-3.66966,0.0],[119.53251,-3.67081,0.0],[119.53316,-3.67194,0.0],[119.53375,-3.67267,0.0],[119.53542,-3.67433,0.0],[119.5362,-3.67539,0.0],[119.53715,-3.67605,0.0],[119.53703,-3.67623,0.0],[119.53782,-3.67684,0.0],[119.53846,-3.67851,0.0],[119.53846,-3.67863,0.0],[119.53811,-3.67893,0.0],[119.53693,-3.68141,0.0],[119.53785,-3.68179,0.0],[119.53793,-3.68171,0.0],[119.53836,-3.68187,0.0],[119.53889,-3.683,0.0],[119.53888,-3.68335,0.0],[119.5396,-3.68561,0.0],[119.53985,-3.68573,0.0],[119.54055,-3.68557,0.0],[119.54058,-3.68582,0.0],[119.54054,-3.68606,0.0],[119.53985,-3.68754,0.0],[119.53995,-3.68759,0.0],[119.53799,-3.69062,0.0],[119.5373,-3.69201,0.0],[119.53679,-3.69183,0.0],[119.53654,-3.69232,0.0],[119.53528,-3.69645,0.0],[119.53499,-3.69632,0.0],[119.53483,-3.69663,0.0],[119.53694,-3.69745,0.0],[119.5358,-3.69972,0.0],[119.53641,-3.70013,0.0],[119.53732,-3.69882,0.0],[119.53807,-3.6992,0.0],[119.53844,-3.69867,0.0],[119.54009,-3.69958,0.0],[119.54046,-3.69912,0.0],[119.54151,-3.69981,0.0],[119.54087,-3.70226,0.0],[119.54448,-3.7032,0.0],[119.5447,-3.70271,0.0],[119.54737,-3.70339,0.0],[119.54847,-3.70231,0.0],[119.54952,-3.70161,0.0],[119.55062,-3.70171,0.0],[119.55131,-3.69882,0.0],[119.55204,-3.69755,0.0],[119.55235,-3.69721,0.0],[119.55201,-3.6969,0.0],[119.55193,-3.6966,0.0],[119.55202,-3.696,0.0],[119.55189,-3.6958,0.0],[119.55177,-3.69523,0.0],[119.55145,-3.69517,0.0],[119.55028,-3.69461,0.0],[119.54938,-3.69403,0.0],[119.55032,-3.69212,0.0],[119.5509,-3.6912,0.0],[119.55147,-3.68949,0.0],[119.55282,-3.68788,0.0],[119.55243,-3.68688,0.0],[119.55159,-3.68579,0.0],[119.55012,-3.6833,0.0],[119.55,-3.68294,0.0],[119.55001,-3.68216,0.0],[119.55018,-3.68083,0.0],[119.55043,-3.68036,0.0],[119.55043,-3.68013,0.0]]]},"properties":{"OBJECTID":85752,"NAMOBJ":"Pekkabata","WADMKD":"Pekkabata","WADMKC":"Duampanua","KDEPUM":"73.15.06.1001","KDCPUM":"73.15.06","WADMKK":"Pinrang","WADMPR":"Sulawesi Selatan","LUASWH":5.8407531635973386,"TIPADM":2,"Status":"Batas Indikatif"}},{"type":"Feature","id":85781,"geometry":{"type":"MultiPolygon","coordinates":[[[[119.59396,-4.0355,0.0],[119.59346,-4.035,0.0],[119.59354,-4.03491,0.0],[119.59328,-4.03468,0.0],[119.59292,-4.03374,0.0],[119.59193,-4.034,0.0],[119.59168,-4.03486,0.0],[119.59172,-4.03557,0.0],[119.59193,-4.03587,0.0],[119.59214,-4.03588,0.0],[119.59227,-4.03637,0.0],[119.59256,-4.03669,0.0],[119.5925,-4.03707,0.0],[119.59215,-4.03736,0.0],[119.59191,-4.03736,0.0],[119.59224,-4.03787,0.0],[119.59221,-4.03819,0.0],[119.59227,-4.0383,0.0],[119.59342,-4.03877,0.0],[119.59359,-4.03833,0.0],[119.59441,-4.03862,0.0],[119.59445,-4.03825,0.0],[119.59558,-4.03816,0.0],[119.597,-4.03794,0.0],[119.59755,-4.0378,0.0],[119.59783,-4.03761,0.0],[119.59798,-4.03765,0.0],[119.59824,-4.03757,0.0],[119.5981,-4.03741,0.0],[119.59807,-4.03712,0.0],[119.59788,-4.03682,0.0],[119.59746,-4.0366,0.0],[119.5961,-4.03613,0.0],[119.59605,-4.03621,0.0],[119.59572,-4.03617,0.0],[119.59521,-4.03599,0.0],[119.59496,-4.03599,0.0],[119.59396,-4.0355,0.0]]],[[[119.60699,-4.0041,0.0],[119.6068,-4.00385,0.0],[119.60624,-4.00393,0.0],[119.60621,-4.00421,0.0],[119.60598,-4.00443,0.0],[119.60606,-4.00476,0.0],[119.60589,-4.00489,0.0],[119.60596,-4.00511,0.0],[119.60509,-4.00552,0.0],[119.60514,-4.00569,0.0],[119.60492,-4.00576,0.0],[119.60486,-4.00556,0.0],[119.60475,-4.00558,0.0],[119.60473,-4.00549,0.0],[119.60427,-4.00556,0.0],[119.6043,-4.00579,0.0],[119.60394,-4.00577,0.0],[119.60401,-4.00556,0.0],[119.60395,-4.00545,0.0],[119.60381,-4.00556,0.0],[119.60369,-4.00545,0.0],[119.60358,-4.00553,0.0],[119.60324,-4.00553,0.0],[119.60294,-4.00567,0.0],[119.60264,-4.00597,0.0],[119.60213,-4.0058,0.0],[119.602,-4.00568,0.0],[119.60174,-4.00579,0.0],[119.60152,-4.00565,0.0],[119.60137,-4.00564,0.0],[119.60103,-4.00578,0.0],[119.60089,-4.00564,0.0],[119.60017,-4.00593,0.0],[119.60006,-4.00582,0.0],[119.59984,-4.00583,0.0],[119.59984,-4.00599,0.0],[119.60004,-4.00601,0.0],[119.59994,-4.00606,0.0],[119.59994,-4.00622,0.0],[119.5998,-4.00627,0.0],[119.5997,-4.00624,0.0],[119.59964,-4.00574,0.0],[119.59938,-4.00576,0.0],[119.59934,-4.00592,0.0],[119.59926,-4.00594,0.0],[119.59923,-4.00579,0.0],[119.5991,-4.00568,0.0],[119.59862,-4.00557,0.0],[119.59816,-4.00568,0.0],[119.59814,-4.00581,0.0],[119.59793,-4.00566,0.0],[119.59761,-4.00573,0.0],[119.59749,-4.0059,0.0],[119.5974,-4.0057,0.0],[119.59718,-4.0057,0.0],[119.59698,-4.00557,0.0],[119.59678,-4.00568,0.0],[119.59651,-4.00557,0.0],[119.59581,-4.0058,0.0],[119.5959,-4.00657,0.0],[119.59551,-4.00753,0.0],[119.59534,-4.0089,0.0],[119.59541,-4.00894,0.0],[119.59637,-4.00864,0.0],[119.59702,-4.00878,0.0],[119.59979,-4.01134,0.0],[119.60141,-4.01251,0.0],[119.60273,-4.01323,0.0],[119.60288,-4.01326,0.0],[119.60294,-4.01317,0.0],[119.60342,-4.01302,0.0],[119.60358,-4.01304,0.0],[119.60405,-4.01265,0.0],[119.60422,-4.01233,0.0],[119.60478,-4.01191,0.0],[119.60492,-4.0115,0.0],[119.60533,-4.01112,0.0],[119.60537,-4.01098,0.0],[119.60595,-4.01031,0.0],[119.60675,-4.0102,0.0],[119.60677,-4.01011,0.0],[119.60682,-4.01018,0.0],[119.60695,-4.01017,0.0],[119.607,-4.00991,0.0],[119.60728,-4.00986,0.0],[119.60751,-4.00963,0.0],[119.60774,-4.00922,0.0],[119.60816,-4.00898,0.0],[119.60844,-4.00905,0.0],[119.60861,-4.00898,0.0],[119.60881,-4.00877,0.0],[119.60896,-4.00843,0.0],[119.61006,-4.00794,0.0],[119.61013,-4.00761,0.0],[119.61032,-4.00742,0.0],[119.61037,-4.00715,0.0],[119.61075,-4.00687,0.0],[119.61088,-4.00655,0.0],[119.61131,-4.00633,0.0],[119.61246,-4.00599,0.0],[119.61307,-4.00511,0.0],[119.61328,-4.00502,0.0],[119.61374,-4.00448,0.0],[119.6137,-4.00428,0.0],[119.61336,-4.00414,0.0],[119.61305,-4.00411,0.0],[119.61236,-4.0042,0.0],[119.61208,-4.00403,0.0],[119.61188,-4.00411,0.0],[119.61129,-4.00395,0.0],[119.61077,-4.00428,0.0],[119.6105,-4.00431,0.0],[119.61,-4.0042,0.0],[119.60998,-4.0043,0.0],[119.60966,-4.0042,0.0],[119.60964,-4.0043,0.0],[119.6091,-4.00406,0.0],[119.60888,-4.00425,0.0],[119.6088,-4.00421,0.0],[119.60882,-4.00411,0.0],[119.60842,-4.00401,0.0],[119.60795,-4.00405,0.0],[119.60783,-4.00397,0.0],[119.60772,-4.00414,0.0],[119.60742,-4.00403,0.0],[119.60699,-4.0041,0.0]]]]},"properties":{"OBJECTID":85781,"NAMOBJ":"Ujung Labuang","WADMKD":"Ujung Labuang","WADMKC":"Suppa","KDEPUM":"73.15.02.2009","KDCPUM":"73.15.02","WADMKK":"Pinrang","WADMPR":"Sulawesi Selatan","LUASWH":1.2330859856212921,"TIPADM":1,"Status":"Batas Indikatif"}},{"type":"Feature","id":85795,"geometry":{"type":"MultiPolygon","coordinates":[[[[119.46045,-3.64545,0.0],[119.46012,-3.64503,0.0],[119.46016,-3.6443,0.0],[119.4601,-3.64387,0.0],[119.46,-3.6438,0.0],[119.45976,-3.6466,0.0],[119.45983,-3.64794,0.0],[119.46025,-3.65086,0.0],[119.46034,-3.65106,0.0],[119.46071,-3.65127,0.0],[119.46079,-3.65144,0.0],[119.46074,-3.65166,0.0],[119.46038,-3.65204,0.0],[119.46032,-3.65239,0.0],[119.45996,-3.65322,0.0],[119.45965,-3.65482,0.0],[119.45967,-3.65513,0.0],[119.45932,-3.65633,0.0],[119.45921,-3.65746,0.0],[119.45872,-3.6587,0.0],[119.45825,-3.65953,0.0],[119.45795,-3.66037,0.0],[119.45799,-3.66052,0.0],[119.45773,-3.6608,0.0],[119.45656,-3.66424,0.0],[119.45547,-3.66669,0.0],[119.45538,-3.66707,0.0],[119.45558,-3.66736,0.0],[119.45619,-3.66685,0.0],[119.45628,-3.66632,0.0],[119.45625,-3.66571,0.0],[119.45643,-3.66507,0.0],[119.45681,-3.66523,0.0],[119.45704,-3.66543,0.0],[119.45686,-3.66568,0.0],[119.45688,-3.66675,0.0],[119.45671,-3.66697,0.0],[119.45618,-3.66731,0.0],[119.45561,-3.66827,0.0],[119.45528,-3.66922,0.0],[119.45534,-3.66961,0.0],[119.45546,-3.66986,0.0],[119.4554,-3.66997,0.0],[119.45508,-3.66984,0.0],[119.45505,-3.66999,0.0],[119.45514,-3.6701,0.0],[119.45505,-3.67021,0.0],[119.45457,-3.66992,0.0],[119.45446,-3.66992,0.0],[119.45418,-3.67051,0.0],[119.45406,-3.67059,0.0],[119.45394,-3.67058,0.0],[119.45369,-3.67005,0.0],[119.45378,-3.66983,0.0],[119.45404,-3.66964,0.0],[119.45408,-3.66942,0.0],[119.45395,-3.66925,0.0],[119.45354,-3.6691,0.0],[119.45267,-3.66967,0.0],[119.45225,-3.67013,0.0],[119.45217,-3.67038,0.0],[119.45096,-3.67203,0.0],[119.45025,-3.67333,0.0],[119.4499,-3.67437,0.0],[119.44953,-3.67514,0.0],[119.44912,-3.67702,0.0],[119.44921,-3.67808,0.0],[119.44941,-3.67844,0.0],[119.44931,-3.67853,0.0],[119.44942,-3.67877,0.0],[119.44925,-3.67891,0.0],[119.44922,-3.67919,0.0],[119.44948,-3.67965,0.0],[119.44932,-3.6798,0.0],[119.44903,-3.67932,0.0],[119.44899,-3.67958,0.0],[119.44905,-3.67985,0.0],[119.44894,-3.68007,0.0],[119.44894,-3.68025,0.0],[119.44915,-3.68065,0.0],[119.44956,-3.68203,0.0],[119.44983,-3.68225,0.0],[119.45008,-3.68195,0.0],[119.45039,-3.68176,0.0],[119.45089,-3.68295,0.0],[119.45024,-3.68301,0.0],[119.45006,-3.68316,0.0],[119.45008,-3.68343,0.0],[119.45047,-3.68338,0.0],[119.45058,-3.68322,0.0],[119.451,-3.68336,0.0],[119.4511,-3.68295,0.0],[119.451,-3.68265,0.0],[119.45076,-3.6824,0.0],[119.45041,-3.68157,0.0],[119.45019,-3.68125,0.0],[119.44966,-3.67975,0.0],[119.44981,-3.67973,0.0],[119.44992,-3.67982,0.0],[119.45007,-3.68036,0.0],[119.45065,-3.68083,0.0],[119.45096,-3.68097,0.0],[119.45105,-3.68088,0.0],[119.45104,-3.68072,0.0],[119.45072,-3.68049,0.0],[119.45026,-3.67989,0.0],[119.45036,-3.67978,0.0],[119.45084,-3.67967,0.0],[119.45107,-3.68019,0.0],[119.45123,-3.68034,0.0],[119.45286,-3.68332,0.0],[119.45323,-3.68504,0.0],[119.45318,-3.68526,0.0],[119.45249,-3.68594,0.0],[119.45203,-3.68625,0.0],[119.45135,-3.68649,0.0],[119.45062,-3.68641,0.0],[119.45006,-3.68553,0.0],[119.44987,-3.68549,0.0],[119.44995,-3.68596,0.0],[119.4501,-3.68613,0.0],[119.45006,-3.68645,0.0],[119.45037,-3.68694,0.0],[119.45057,-3.68747,0.0],[119.45086,-3.68776,0.0],[119.45139,-3.68906,0.0],[119.45165,-3.69057,0.0],[119.45164,-3.69099,0.0],[119.45114,-3.69187,0.0],[119.45112,-3.6921,0.0],[119.45133,-3.69268,0.0],[119.45138,-3.69309,0.0],[119.45168,-3.69325,0.0],[119.45141,-3.6937,0.0],[119.45109,-3.6936,0.0],[119.45083,-3.69363,0.0],[119.45084,-3.69382,0.0],[119.45031,-3.69508,0.0],[119.45003,-3.69643,0.0],[119.44969,-3.69698,0.0],[119.44985,-3.69707,0.0],[119.45007,-3.69704,0.0],[119.45032,-3.69671,0.0],[119.45069,-3.69646,0.0],[119.45146,-3.69615,0.0],[119.45169,-3.69647,0.0],[119.4524,-3.69698,0.0],[119.45233,-3.69705,0.0],[119.45186,-3.69701,0.0],[119.45151,-3.69715,0.0],[119.45127,-3.69701,0.0],[119.45086,-3.69705,0.0],[119.4506,-3.69725,0.0],[119.45034,-3.69775,0.0],[119.44989,-3.69802,0.0],[119.4496,-3.69846,0.0],[119.44918,-3.69871,0.0],[119.44966,-3.69898,0.0],[119.44959,-3.6995,0.0],[119.44985,-3.69974,0.0],[119.45029,-3.69979,0.0],[119.45057,-3.69943,0.0],[119.45106,-3.69928,0.0],[119.45122,-3.69903,0.0],[119.45155,-3.69886,0.0],[119.45161,-3.69871,0.0],[119.45198,-3.69865,0.0],[119.45238,-3.69826,0.0],[119.45247,-3.69792,0.0],[119.45261,-3.69772,0.0],[119.45295,-3.69755,0.0],[119.45325,-3.69753,0.0],[119.45357,-3.69739,0.0],[119.45507,-3.69546,0.0],[119.45553,-3.6951,0.0],[119.45692,-3.69774,0.0],[119.45563,-3.69939,0.0],[119.45541,-3.69978,0.0],[119.4547,-3.70048,0.0],[119.45419,-3.7012,0.0],[119.45355,-3.70272,0.0],[119.45281,-3.70406,0.0],[119.45263,-3.7046,0.0],[119.45263,-3.70487,0.0],[119.45244,-3.705,0.0],[119.45203,-3.70603,0.0],[119.45199,-3.70634,0.0],[119.45217,-3.70715,0.0],[119.45306,-3.70879,0.0],[119.45346,-3.7102,0.0],[119.45358,-3.71115,0.0],[119.45359,-3.71209,0.0],[119.45381,-3.71236,0.0],[119.45417,-3.71249,0.0],[119.45414,-3.71256,0.0],[119.45477,-3.71286,0.0],[119.45518,-3.71315,0.0],[119.4558,-3.71289,0.0],[119.45676,-3.71376,0.0],[119.45761,-3.71309,0.0],[119.45852,-3.71271,0.0],[119.45824,-3.71194,0.0],[119.45992,-3.71162,0.0],[119.4601,-3.71277,0.0],[119.46043,-3.71296,0.0],[119.46184,-3.7124,0.0],[119.46247,-3.71237,0.0],[119.46363,-3.71211,0.0],[119.4646,-3.71151,0.0],[119.4662,-3.71022,0.0],[119.46706,-3.70969,0.0],[119.46722,-3.70894,0.0],[119.46871,-3.70879,0.0],[119.46921,-3.70884,0.0],[119.46983,-3.70906,0.0],[119.47091,-3.70918,0.0],[119.47183,-3.70913,0.0],[119.47437,-3.70836,0.0],[119.47547,-3.70843,0.0],[119.47987,-3.70926,0.0],[119.48071,-3.70731,0.0],[119.48136,-3.70634,0.0],[119.48277,-3.70627,0.0],[119.48465,-3.70675,0.0],[119.4851,-3.70717,0.0],[119.48656,-3.7106,0.0],[119.48753,-3.71179,0.0],[119.48846,-3.71217,0.0],[119.48932,-3.71208,0.0],[119.48986,-3.71184,0.0],[119.49046,-3.71131,0.0],[119.49065,-3.71067,0.0],[119.4906,-3.70989,0.0],[119.49043,-3.70934,0.0],[119.48932,-3.7081,0.0],[119.48732,-3.70632,0.0],[119.48629,-3.70489,0.0],[119.48613,-3.70399,0.0],[119.48634,-3.70315,0.0],[119.48698,-3.70199,0.0],[119.48779,-3.7008,0.0],[119.48927,-3.70008,0.0],[119.49072,-3.69987,0.0],[119.49155,-3.70004,0.0],[119.49324,-3.7008,0.0],[119.49843,-3.7027,0.0],[119.50062,-3.70332,0.0],[119.49903,-3.70077,0.0],[119.49677,-3.69937,0.0],[119.49489,-3.69789,0.0],[119.49342,-3.69661,0.0],[119.49278,-3.69576,0.0],[119.49248,-3.69475,0.0],[119.49258,-3.69366,0.0],[119.49279,-3.69252,0.0],[119.49303,-3.69195,0.0],[119.49353,-3.69145,0.0],[119.49507,-3.69069,0.0],[119.49556,-3.69054,0.0],[119.49629,-3.69014,0.0],[119.49709,-3.68952,0.0],[119.49717,-3.68928,0.0],[119.4972,-3.68872,0.0],[119.49716,-3.68723,0.0],[119.49659,-3.68534,0.0],[119.49569,-3.68454,0.0],[119.49489,-3.68414,0.0],[119.4936,-3.68331,0.0],[119.49275,-3.68313,0.0],[119.49189,-3.68326,0.0],[119.49069,-3.68366,0.0],[119.48948,-3.6845,0.0],[119.48798,-3.68591,0.0],[119.48738,-3.68684,0.0],[119.48637,-3.68812,0.0],[119.48605,-3.68838,0.0],[119.48511,-3.68888,0.0],[119.48367,-3.68918,0.0],[119.48268,-3.6892,0.0],[119.4816,-3.68904,0.0],[119.4803,-3.68854,0.0],[119.47906,-3.68817,0.0],[119.478,-3.68751,0.0],[119.47707,-3.68648,0.0],[119.47664,-3.6856,0.0],[119.47614,-3.68424,0.0],[119.47607,-3.6834,0.0],[119.4763,-3.6823,0.0],[119.4769,-3.68097,0.0],[119.47714,-3.6799,0.0],[119.47714,-3.67942,0.0],[119.4773,-3.6785,0.0],[119.47733,-3.67732,0.0],[119.47714,-3.67628,0.0],[119.47717,-3.67285,0.0],[119.477,-3.66982,0.0],[119.47731,-3.66869,0.0],[119.47789,-3.66765,0.0],[119.47799,-3.66695,0.0],[119.47789,-3.66641,0.0],[119.47797,-3.66565,0.0],[119.47739,-3.66049,0.0],[119.477,-3.65944,0.0],[119.47636,-3.65799,0.0],[119.47534,-3.65723,0.0],[119.47307,-3.65607,0.0],[119.47025,-3.65403,0.0],[119.46911,-3.65242,0.0],[119.46806,-3.65125,0.0],[119.46729,-3.65082,0.0],[119.46388,-3.64749,0.0],[119.46119,-3.64404,0.0],[119.46107,-3.64406,0.0],[119.46103,-3.64425,0.0],[119.46117,-3.64479,0.0],[119.46052,-3.64551,0.0],[119.46045,-3.64545,0.0]]],[[[119.46045,-3.64353,0.0],[119.46054,-3.64335,0.0],[119.46055,-3.64283,0.0],[119.46067,-3.64265,0.0],[119.4607,-3.64151,0.0],[119.46053,-3.64182,0.0],[119.46035,-3.64266,0.0],[119.46034,-3.64315,0.0],[119.46045,-3.64353,0.0]]],[[[119.46102,-3.6413,0.0],[119.4617,-3.64005,0.0],[119.46128,-3.64036,0.0],[119.46104,-3.64078,0.0],[119.46102,-3.6413,0.0]]],[[[119.47065,-3.63525,0.0],[119.46995,-3.63526,0.0],[119.46933,-3.63541,0.0],[119.4687,-3.63541,0.0],[119.46834,-3.63551,0.0],[119.46713,-3.63596,0.0],[119.46651,-3.63637,0.0],[119.46598,-3.63659,0.0],[119.46488,-3.63723,0.0],[119.46378,-3.63748,0.0],[119.46345,-3.63742,0.0],[119.46277,-3.63773,0.0],[119.46221,-3.63821,0.0],[119.46162,-3.63849,0.0],[119.46149,-3.63867,0.0],[119.46144,-3.63895,0.0],[119.46182,-3.63883,0.0],[119.46201,-3.63857,0.0],[119.46277,-3.63815,0.0],[119.46398,-3.63786,0.0],[119.4642,-3.63771,0.0],[119.4645,-3.63764,0.0],[119.46461,-3.63769,0.0],[119.46532,-3.63749,0.0],[119.46573,-3.63746,0.0],[119.46594,-3.63719,0.0],[119.46642,-3.63708,0.0],[119.46678,-3.63679,0.0],[119.46708,-3.63667,0.0],[119.46755,-3.63625,0.0],[119.46785,-3.63621,0.0],[119.46816,-3.63639,0.0],[119.46824,-3.6362,0.0],[119.46839,-3.63616,0.0],[119.4687,-3.63632,0.0],[119.46897,-3.63629,0.0],[119.46938,-3.63659,0.0],[119.46968,-3.63664,0.0],[119.46972,-3.63675,0.0],[119.46991,-3.63667,0.0],[119.47013,-3.63671,0.0],[119.47015,-3.63661,0.0],[119.46999,-3.63645,0.0],[119.46895,-3.6361,0.0],[119.46892,-3.63595,0.0],[119.469,-3.63572,0.0],[119.46934,-3.63555,0.0],[119.47016,-3.63554,0.0],[119.47052,-3.63545,0.0],[119.47106,-3.63559,0.0],[119.4713,-3.63556,0.0],[119.47172,-3.63572,0.0],[119.47189,-3.63588,0.0],[119.47194,-3.63583,0.0],[119.4718,-3.63559,0.0],[119.47146,-3.6354,0.0],[119.4709,-3.63535,0.0],[119.47065,-3.63525,0.0]]]]},"properties":{"OBJECTID":85795,"NAMOBJ":"Bababinanga","WADMKD":"Bababinanga","WADMKC":"Duampanua","KDEPUM":"73.15.06.2014","KDCPUM":"73.15.06","WADMKK":"Pinrang","WADMPR":"Sulawesi Selatan","LUASWH":21.350961903781659,"TIPADM":1,"Status":"Batas Indikatif"}},{"type":"Feature","id":85798,"geometry":{"type":"Polygon","coordinates":[[[119.5294,-3.5741,0.0],[119.52857,-3.57193,0.0],[119.52951,-3.5718,0.0],[119.52952,-3.57117,0.0],[119.52851,-3.57098,0.0],[119.5287,-3.57015,0.0],[119.52768,-3.56989,0.0],[119.52668,-3.56729,0.0],[119.52713,-3.56703,0.0],[119.52777,-3.56703,0.0],[119.52786,-3.56695,0.0],[119.52707,-3.56611,0.0],[119.52652,-3.56524,0.0],[119.52624,-3.56459,0.0],[119.52614,-3.56456,0.0],[119.52549,-3.56503,0.0],[119.52514,-3.56511,0.0],[119.52489,-3.56511,0.0],[119.52437,-3.56491,0.0],[119.52369,-3.56605,0.0],[119.52298,-3.56689,0.0],[119.52244,-3.56735,0.0],[119.52194,-3.56751,0.0],[119.5213,-3.56753,0.0],[119.52029,-3.56708,0.0],[119.51905,-3.56597,0.0],[119.51812,-3.565,0.0],[119.51775,-3.56478,0.0],[119.51693,-3.56472,0.0],[119.51616,-3.5649,0.0],[119.51596,-3.56508,0.0],[119.5157,-3.56575,0.0],[119.51564,-3.56621,0.0],[119.5158,-3.56686,0.0],[119.51606,-3.56747,0.0],[119.51624,-3.56829,0.0],[119.51612,-3.57138,0.0],[119.51582,-3.57242,0.0],[119.51529,-3.57343,0.0],[119.51444,-3.57433,0.0],[119.51341,-3.57489,0.0],[119.51255,-3.57496,0.0],[119.51205,-3.57491,0.0],[119.5123,-3.57503,0.0],[119.51198,-3.5763,0.0],[119.51177,-3.57638,0.0],[119.51144,-3.57734,0.0],[119.51149,-3.57777,0.0],[119.51193,-3.57907,0.0],[119.51206,-3.58001,0.0],[119.51198,-3.58076,0.0],[119.51226,-3.5812,0.0],[119.51226,-3.5815,0.0],[119.51192,-3.58174,0.0],[119.51163,-3.58264,0.0],[119.51141,-3.58458,0.0],[119.51145,-3.58653,0.0],[119.51225,-3.58666,0.0],[119.51274,-3.58718,0.0],[119.51299,-3.58767,0.0],[119.5141,-3.58837,0.0],[119.51449,-3.58945,0.0],[119.51493,-3.59029,0.0],[119.51518,-3.59071,0.0],[119.5156,-3.59078,0.0],[119.51598,-3.59182,0.0],[119.51642,-3.59262,0.0],[119.51721,-3.5934,0.0],[119.51763,-3.594,0.0],[119.51861,-3.59343,0.0],[119.5195,-3.59395,0.0],[119.51998,-3.59401,0.0],[119.52266,-3.59417,0.0],[119.52272,-3.59389,0.0],[119.52336,-3.59373,0.0],[119.52365,-3.5938,0.0],[119.52386,-3.59428,0.0],[119.52401,-3.59434,0.0],[119.52448,-3.59385,0.0],[119.52466,-3.59378,0.0],[119.52485,-3.5939,0.0],[119.52506,-3.5948,0.0],[119.52524,-3.59518,0.0],[119.52559,-3.59548,0.0],[119.52702,-3.59615,0.0],[119.52738,-3.59648,0.0],[119.52758,-3.59757,0.0],[119.52786,-3.5977,0.0],[119.52841,-3.59777,0.0],[119.52888,-3.59803,0.0],[119.52948,-3.59799,0.0],[119.52963,-3.59788,0.0],[119.52985,-3.5973,0.0],[119.52996,-3.59719,0.0],[119.53026,-3.59718,0.0],[119.53107,-3.59757,0.0],[119.53138,-3.59695,0.0],[119.53187,-3.59705,0.0],[119.53197,-3.59692,0.0],[119.53227,-3.59677,0.0],[119.5325,-3.59638,0.0],[119.5335,-3.59612,0.0],[119.53358,-3.59287,0.0],[119.53449,-3.59283,0.0],[119.53488,-3.58965,0.0],[119.53516,-3.58903,0.0],[119.53463,-3.58862,0.0],[119.53409,-3.58882,0.0],[119.53399,-3.58843,0.0],[119.53497,-3.58762,0.0],[119.53529,-3.58708,0.0],[119.53559,-3.58714,0.0],[119.53574,-3.58684,0.0],[119.53601,-3.58694,0.0],[119.53638,-3.58637,0.0],[119.53245,-3.58484,0.0],[119.5288,-3.584,0.0],[119.52738,-3.58325,0.0],[119.5263,-3.5828,0.0],[119.52751,-3.57992,0.0],[119.52765,-3.57886,0.0],[119.52798,-3.579,0.0],[119.52833,-3.57744,0.0],[119.52874,-3.57752,0.0],[119.52895,-3.57516,0.0],[119.52834,-3.57508,0.0],[119.52838,-3.57478,0.0],[119.52915,-3.5749,0.0],[119.5294,-3.5741,0.0]]]},"properties":{"OBJECTID":85798,"NAMOBJ":"Maroneng","WADMKD":"Maroneng","WADMKC":"Duampanua","KDEPUM":"73.15.06.2010","KDCPUM":"73.15.06","WADMKK":"Pinrang","WADMPR":"Sulawesi Selatan","LUASWH":5.9379024438537931,"TIPADM":1,"Status":"Batas Indikatif"}},{"type":"Feature","id":85805,"geometry":{"type":"Polygon","coordinates":[[[119.58178,-3.83207,0.0],[119.57904,-3.83066,0.0],[119.57847,-3.83177,0.0],[119.57619,-3.83094,0.0],[119.57369,-3.82968,0.0],[119.57135,-3.82863,0.0],[119.57188,-3.82768,0.0],[119.57128,-3.82742,0.0],[119.57134,-3.82729,0.0],[119.56962,-3.82641,0.0],[119.56921,-3.82611,0.0],[119.56941,-3.82577,0.0],[119.56899,-3.82556,0.0],[119.56612,-3.82459,0.0],[119.56597,-3.8249,0.0],[119.56606,-3.82494,0.0],[119.56584,-3.8255,0.0],[119.56566,-3.82578,0.0],[119.5655,-3.82573,0.0],[119.56515,-3.82686,0.0],[119.56471,-3.82774,0.0],[119.56593,-3.82837,0.0],[119.5656,-3.82914,0.0],[119.56549,-3.82908,0.0],[119.56507,-3.82963,0.0],[119.56444,-3.83066,0.0],[119.56416,-3.83052,0.0],[119.56382,-3.83124,0.0],[119.5632,-3.83222,0.0],[119.56068,-3.83061,0.0],[119.56069,-3.83046,0.0],[119.55992,-3.8301,0.0],[119.55985,-3.83027,0.0],[119.55995,-3.83029,0.0],[119.55968,-3.83097,0.0],[119.55988,-3.83108,0.0],[119.55955,-3.83183,0.0],[119.55971,-3.8319,0.0],[119.55856,-3.83386,0.0],[119.55729,-3.83318,0.0],[119.55577,-3.83577,0.0],[119.55289,-3.83457,0.0],[119.5521,-3.83433,0.0],[119.55224,-3.83505,0.0],[119.55217,-3.83532,0.0],[119.55198,-3.83564,0.0],[119.54985,-3.83793,0.0],[119.5498,-3.83843,0.0],[119.5494,-3.83897,0.0],[119.54913,-3.83957,0.0],[119.5488,-3.84106,0.0],[119.54935,-3.84289,0.0],[119.54927,-3.84339,0.0],[119.5487,-3.8439,0.0],[119.54763,-3.84514,0.0],[119.54753,-3.84539,0.0],[119.54752,-3.84566,0.0],[119.5479,-3.84621,0.0],[119.5479,-3.84669,0.0],[119.54802,-3.8472,0.0],[119.548,-3.84761,0.0],[119.54782,-3.84791,0.0],[119.54736,-3.8484,0.0],[119.54733,-3.84884,0.0],[119.54767,-3.84949,0.0],[119.54762,-3.84968,0.0],[119.54674,-3.85057,0.0],[119.54641,-3.85129,0.0],[119.54611,-3.85138,0.0],[119.54584,-3.85126,0.0],[119.54563,-3.8513,0.0],[119.54543,-3.85194,0.0],[119.54468,-3.85246,0.0],[119.54351,-3.85289,0.0],[119.543,-3.85325,0.0],[119.54292,-3.85385,0.0],[119.54267,-3.85415,0.0],[119.54199,-3.85434,0.0],[119.5414,-3.85438,0.0],[119.54124,-3.85465,0.0],[119.54127,-3.85479,0.0],[119.54194,-3.85516,0.0],[119.54168,-3.85576,0.0],[119.54208,-3.85595,0.0],[119.54215,-3.85579,0.0],[119.54258,-3.856,0.0],[119.5425,-3.85619,0.0],[119.54259,-3.85621,0.0],[119.54243,-3.85658,0.0],[119.5445,-3.85752,0.0],[119.54444,-3.8577,0.0],[119.54634,-3.85859,0.0],[119.54623,-3.85909,0.0],[119.54658,-3.85924,0.0],[119.5469,-3.85858,0.0],[119.54779,-3.85897,0.0],[119.54776,-3.85915,0.0],[119.54861,-3.85961,0.0],[119.54878,-3.85955,0.0],[119.54884,-3.85937,0.0],[119.55033,-3.86007,0.0],[119.55038,-3.85998,0.0],[119.55093,-3.86021,0.0],[119.55103,-3.85996,0.0],[119.55156,-3.86022,0.0],[119.55177,-3.8597,0.0],[119.55239,-3.85993,0.0],[119.5532,-3.85842,0.0],[119.5536,-3.85834,0.0],[119.5549,-3.85908,0.0],[119.55619,-3.85954,0.0],[119.55913,-3.85954,0.0],[119.55981,-3.85949,0.0],[119.56016,-3.85938,0.0],[119.56113,-3.85817,0.0],[119.56129,-3.85631,0.0],[119.56192,-3.85629,0.0],[119.56195,-3.85619,0.0],[119.56311,-3.85648,0.0],[119.56319,-3.85632,0.0],[119.56821,-3.85822,0.0],[119.56937,-3.85576,0.0],[119.56882,-3.8555,0.0],[119.56967,-3.85373,0.0],[119.5707,-3.85112,0.0],[119.57082,-3.85111,0.0],[119.57149,-3.85008,0.0],[119.5721,-3.84874,0.0],[119.57347,-3.84698,0.0],[119.57391,-3.84657,0.0],[119.57429,-3.84673,0.0],[119.57655,-3.84231,0.0],[119.57624,-3.84214,0.0],[119.57763,-3.83859,0.0],[119.57831,-3.83888,0.0],[119.58045,-3.83458,0.0],[119.58178,-3.83207,0.0]]]},"properties":{"OBJECTID":85805,"NAMOBJ":"Massulowalie","WADMKD":"Massulowalie","WADMKC":"Mattiro Sompe","KDEPUM":"73.15.01.2003","KDCPUM":"73.15.01","WADMKK":"Pinrang","WADMPR":"Sulawesi Selatan","LUASWH":9.2670797218452954,"TIPADM":1,"Status":"Batas Indikatif"}},{"type":"Feature","id":85813,"geometry":{"type":"Polygon","coordinates":[[[119.63518,-3.71245,0.0],[119.63362,-3.71208,0.0],[119.63369,-3.71183,0.0],[119.63328,-3.71164,0.0],[119.63352,-3.71059,0.0],[119.63353,-3.70971,0.0],[119.63189,-3.7095,0.0],[119.6318,-3.70982,0.0],[119.63163,-3.71002,0.0],[119.63009,-3.70978,0.0],[119.62964,-3.70989,0.0],[119.63074,-3.7139,0.0],[119.63061,-3.71529,0.0],[119.63036,-3.71525,0.0],[119.62992,-3.71562,0.0],[119.62974,-3.7154,0.0],[119.62928,-3.71525,0.0],[119.62887,-3.71479,0.0],[119.62885,-3.71453,0.0],[119.6286,-3.714,0.0],[119.62821,-3.71379,0.0],[119.62828,-3.7136,0.0],[119.62706,-3.71282,0.0],[119.62629,-3.71207,0.0],[119.62542,-3.71154,0.0],[119.62548,-3.71144,0.0],[119.6251,-3.71127,0.0],[119.62501,-3.7114,0.0],[119.62485,-3.71134,0.0],[119.62471,-3.71165,0.0],[119.62295,-3.71093,0.0],[119.6227,-3.71174,0.0],[119.62239,-3.71166,0.0],[119.6222,-3.71219,0.0],[119.62116,-3.71181,0.0],[119.62114,-3.71198,0.0],[119.62043,-3.71191,0.0],[119.6204,-3.71174,0.0],[119.61919,-3.71143,0.0],[119.6187,-3.71119,0.0],[119.61847,-3.71193,0.0],[119.61782,-3.7117,0.0],[119.6177,-3.71202,0.0],[119.61703,-3.71173,0.0],[119.61694,-3.71194,0.0],[119.61592,-3.71151,0.0],[119.61586,-3.71131,0.0],[119.61522,-3.7111,0.0],[119.61504,-3.71169,0.0],[119.61517,-3.71171,0.0],[119.61505,-3.71234,0.0],[119.61475,-3.71343,0.0],[119.61421,-3.71323,0.0],[119.61391,-3.71427,0.0],[119.61336,-3.71411,0.0],[119.61296,-3.71526,0.0],[119.6129,-3.71525,0.0],[119.61248,-3.71644,0.0],[119.61259,-3.71649,0.0],[119.61242,-3.7171,0.0],[119.61257,-3.71716,0.0],[119.61137,-3.72094,0.0],[119.61189,-3.72086,0.0],[119.61223,-3.72098,0.0],[119.61259,-3.72099,0.0],[119.61331,-3.72137,0.0],[119.6137,-3.72143,0.0],[119.61414,-3.72128,0.0],[119.61465,-3.72074,0.0],[119.61562,-3.72071,0.0],[119.61715,-3.72113,0.0],[119.61732,-3.7213,0.0],[119.61687,-3.72284,0.0],[119.61618,-3.72258,0.0],[119.61582,-3.72375,0.0],[119.61552,-3.72363,0.0],[119.61483,-3.72518,0.0],[119.61453,-3.72605,0.0],[119.61372,-3.72575,0.0],[119.61349,-3.72649,0.0],[119.61393,-3.72663,0.0],[119.61377,-3.72707,0.0],[119.61333,-3.72692,0.0],[119.61322,-3.72734,0.0],[119.61422,-3.72765,0.0],[119.61397,-3.72831,0.0],[119.61425,-3.72842,0.0],[119.6145,-3.72883,0.0],[119.61569,-3.72833,0.0],[119.6162,-3.72839,0.0],[119.62318,-3.73143,0.0],[119.62362,-3.73156,0.0],[119.62694,-3.7318,0.0],[119.6271,-3.73193,0.0],[119.62713,-3.73245,0.0],[119.62723,-3.73246,0.0],[119.62746,-3.73243,0.0],[119.62757,-3.73183,0.0],[119.62814,-3.7318,0.0],[119.62838,-3.73162,0.0],[119.62923,-3.73128,0.0],[119.62947,-3.73089,0.0],[119.63023,-3.73049,0.0],[119.63058,-3.72989,0.0],[119.63079,-3.72982,0.0],[119.63132,-3.72999,0.0],[119.63164,-3.72984,0.0],[119.63212,-3.72941,0.0],[119.63232,-3.72944,0.0],[119.63255,-3.72966,0.0],[119.63306,-3.72991,0.0],[119.63329,-3.73028,0.0],[119.63381,-3.73042,0.0],[119.63439,-3.73085,0.0],[119.6348,-3.73085,0.0],[119.63588,-3.73106,0.0],[119.63621,-3.73039,0.0],[119.63656,-3.73037,0.0],[119.63663,-3.72987,0.0],[119.63683,-3.72984,0.0],[119.63726,-3.73009,0.0],[119.63736,-3.72996,0.0],[119.63795,-3.72849,0.0],[119.63875,-3.72874,0.0],[119.63912,-3.72728,0.0],[119.63924,-3.72713,0.0],[119.64057,-3.72747,0.0],[119.64065,-3.72728,0.0],[119.64184,-3.72755,0.0],[119.64186,-3.72743,0.0],[119.64411,-3.72789,0.0],[119.6449,-3.72548,0.0],[119.64448,-3.72535,0.0],[119.64483,-3.72459,0.0],[119.64529,-3.72473,0.0],[119.64552,-3.72446,0.0],[119.6456,-3.72447,0.0],[119.64582,-3.72408,0.0],[119.64717,-3.72429,0.0],[119.64745,-3.72417,0.0],[119.64773,-3.72416,0.0],[119.64804,-3.72329,0.0],[119.64877,-3.72174,0.0],[119.649,-3.72032,0.0],[119.64838,-3.72024,0.0],[119.64829,-3.7206,0.0],[119.64732,-3.72047,0.0],[119.64731,-3.72067,0.0],[119.6453,-3.72016,0.0],[119.64484,-3.72015,0.0],[119.64379,-3.71988,0.0],[119.64271,-3.71925,0.0],[119.64276,-3.71908,0.0],[119.64112,-3.71826,0.0],[119.63995,-3.71783,0.0],[119.63999,-3.71767,0.0],[119.63947,-3.7175,0.0],[119.63851,-3.717,0.0],[119.63844,-3.71713,0.0],[119.63784,-3.7169,0.0],[119.63784,-3.71679,0.0],[119.63849,-3.71587,0.0],[119.63884,-3.71449,0.0],[119.63918,-3.71362,0.0],[119.63727,-3.71312,0.0],[119.63632,-3.71269,0.0],[119.63628,-3.71279,0.0],[119.63518,-3.71245,0.0]]]},"properties":{"OBJECTID":85813,"NAMOBJ":"Leppangang","WADMKD":"Leppangang","WADMKC":"Patampanua","KDEPUM":"73.15.05.2005","KDCPUM":"73.15.05","WADMKK":"Pinrang","WADMPR":"Sulawesi Selatan","LUASWH":6.3900838268103719,"TIPADM":1,"Status":"Batas Indikatif"}},{"type":"Feature","id":85906,"geometry":{"type":"Polygon","coordinates":[[[119.51927,-3.75472,0.0],[119.51718,-3.75416,0.0],[119.51557,-3.75401,0.0],[119.5145,-3.75405,0.0],[119.51326,-3.75399,0.0],[119.51248,-3.75411,0.0],[119.51156,-3.75402,0.0],[119.51112,-3.75411,0.0],[119.51087,-3.75431,0.0],[119.51056,-3.75436,0.0],[119.51037,-3.75421,0.0],[119.51026,-3.75342,0.0],[119.50986,-3.75327,0.0],[119.50949,-3.75289,0.0],[119.50817,-3.75209,0.0],[119.5079,-3.75212,0.0],[119.50769,-3.75262,0.0],[119.50734,-3.7528,0.0],[119.50725,-3.7534,0.0],[119.50696,-3.75357,0.0],[119.5068,-3.75356,0.0],[119.50667,-3.75343,0.0],[119.50643,-3.75301,0.0],[119.50584,-3.75318,0.0],[119.50544,-3.75289,0.0],[119.5046,-3.75298,0.0],[119.50405,-3.7534,0.0],[119.50386,-3.7534,0.0],[119.50362,-3.75321,0.0],[119.50353,-3.75301,0.0],[119.50378,-3.75245,0.0],[119.50379,-3.75214,0.0],[119.50369,-3.75192,0.0],[119.50298,-3.75132,0.0],[119.50261,-3.75065,0.0],[119.50243,-3.75058,0.0],[119.50064,-3.75057,0.0],[119.49911,-3.75096,0.0],[119.49838,-3.75135,0.0],[119.49729,-3.75226,0.0],[119.49698,-3.75266,0.0],[119.49617,-3.75252,0.0],[119.49539,-3.75188,0.0],[119.49432,-3.75188,0.0],[119.49375,-3.75148,0.0],[119.49346,-3.75145,0.0],[119.49325,-3.75218,0.0],[119.49279,-3.75262,0.0],[119.49212,-3.75389,0.0],[119.49184,-3.75397,0.0],[119.49134,-3.75391,0.0],[119.49112,-3.75411,0.0],[119.49092,-3.75446,0.0],[119.49076,-3.75453,0.0],[119.49043,-3.75453,0.0],[119.49026,-3.75444,0.0],[119.49006,-3.75412,0.0],[119.4898,-3.75392,0.0],[119.48884,-3.75356,0.0],[119.48871,-3.7536,0.0],[119.48864,-3.75448,0.0],[119.48815,-3.75511,0.0],[119.48781,-3.75544,0.0],[119.48626,-3.75622,0.0],[119.48577,-3.75655,0.0],[119.48525,-3.7573,0.0],[119.48436,-3.75832,0.0],[119.48447,-3.75852,0.0],[119.48439,-3.75861,0.0],[119.48449,-3.75867,0.0],[119.48459,-3.759,0.0],[119.48484,-3.75911,0.0],[119.48499,-3.75961,0.0],[119.48532,-3.76023,0.0],[119.48534,-3.76047,0.0],[119.48574,-3.76122,0.0],[119.48576,-3.76145,0.0],[119.48624,-3.76239,0.0],[119.48632,-3.76299,0.0],[119.48673,-3.76374,0.0],[119.48696,-3.76462,0.0],[119.48743,-3.7656,0.0],[119.48898,-3.76999,0.0],[119.4899,-3.7723,0.0],[119.49141,-3.77705,0.0],[119.49163,-3.77813,0.0],[119.49138,-3.77836,0.0],[119.49179,-3.77826,0.0],[119.49183,-3.77841,0.0],[119.49143,-3.77855,0.0],[119.49191,-3.77851,0.0],[119.49211,-3.7788,0.0],[119.49221,-3.77922,0.0],[119.49337,-3.77877,0.0],[119.4952,-3.77835,0.0],[119.49724,-3.77773,0.0],[119.49708,-3.77728,0.0],[119.49748,-3.77723,0.0],[119.50316,-3.77794,0.0],[119.50311,-3.77673,0.0],[119.50325,-3.77662,0.0],[119.50551,-3.77684,0.0],[119.50896,-3.77701,0.0],[119.51164,-3.77727,0.0],[119.51225,-3.77566,0.0],[119.51023,-3.77512,0.0],[119.51049,-3.77446,0.0],[119.51033,-3.77435,0.0],[119.51047,-3.77396,0.0],[119.51033,-3.77374,0.0],[119.51047,-3.77323,0.0],[119.51123,-3.77112,0.0],[119.51157,-3.77118,0.0],[119.51231,-3.76952,0.0],[119.5125,-3.76863,0.0],[119.51322,-3.76684,0.0],[119.51413,-3.76707,0.0],[119.51455,-3.7662,0.0],[119.51601,-3.76298,0.0],[119.51677,-3.76076,0.0],[119.51625,-3.7606,0.0],[119.51621,-3.76045,0.0],[119.51644,-3.7601,0.0],[119.51662,-3.76001,0.0],[119.51927,-3.75472,0.0]]]},"properties":{"OBJECTID":85906,"NAMOBJ":"Mattiro Tasi","WADMKD":"Mattiro Tasi","WADMKC":"Mattiro Sompe","KDEPUM":"73.15.01.2008","KDCPUM":"73.15.01","WADMKK":"Pinrang","WADMPR":"Sulawesi Selatan","LUASWH":8.0890495611630158,"TIPADM":1,"Status":"Batas Indikatif"}},{"type":"Feature","id":85921,"geometry":{"type":"Polygon","coordinates":[[[119.80267,-3.73331,0.0],[119.80174,-3.73199,0.0],[119.80008,-3.73075,0.0],[119.79965,-3.73003,0.0],[119.79854,-3.72938,0.0],[119.79818,-3.72884,0.0],[119.79619,-3.72814,0.0],[119.7952,-3.72767,0.0],[119.79325,-3.72618,0.0],[119.79306,-3.72615,0.0],[119.79284,-3.72622,0.0],[119.79128,-3.72701,0.0],[119.79061,-3.72671,0.0],[119.78934,-3.72579,0.0],[119.78883,-3.72614,0.0],[119.7859,-3.72574,0.0],[119.78558,-3.72579,0.0],[119.78366,-3.72656,0.0],[119.78306,-3.72651,0.0],[119.78176,-3.72547,0.0],[119.78139,-3.72498,0.0],[119.7809,-3.72372,0.0],[119.78078,-3.72282,0.0],[119.78038,-3.72119,0.0],[119.7801,-3.72083,0.0],[119.77956,-3.72036,0.0],[119.77861,-3.71997,0.0],[119.77756,-3.71913,0.0],[119.77649,-3.71847,0.0],[119.77592,-3.71832,0.0],[119.77526,-3.71834,0.0],[119.7739,-3.71918,0.0],[119.77287,-3.72003,0.0],[119.77191,-3.72021,0.0],[119.77077,-3.72029,0.0],[119.7671,-3.71965,0.0],[119.76577,-3.71911,0.0],[119.76476,-3.71882,0.0],[119.76443,-3.71863,0.0],[119.76079,-3.71834,0.0],[119.76051,-3.72083,0.0],[119.76085,-3.72083,0.0],[119.76093,-3.72146,0.0],[119.76033,-3.72153,0.0],[119.76028,-3.7226,0.0],[119.76001,-3.72321,0.0],[119.7596,-3.72365,0.0],[119.75955,-3.72454,0.0],[119.75929,-3.72561,0.0],[119.75651,-3.73138,0.0],[119.75273,-3.72994,0.0],[119.74863,-3.72822,0.0],[119.7471,-3.72771,0.0],[119.74596,-3.72743,0.0],[119.74268,-3.73324,0.0],[119.74133,-3.7362,0.0],[119.73971,-3.73524,0.0],[119.7379,-3.73397,0.0],[119.73536,-3.74115,0.0],[119.73348,-3.73897,0.0],[119.73239,-3.73815,0.0],[119.73082,-3.74279,0.0],[119.73036,-3.74244,0.0],[119.72909,-3.74396,0.0],[119.72693,-3.74236,0.0],[119.72632,-3.7431,0.0],[119.72602,-3.74391,0.0],[119.7251,-3.745,0.0],[119.72382,-3.74641,0.0],[119.72366,-3.74631,0.0],[119.71821,-3.75204,0.0],[119.72335,-3.75769,0.0],[119.72371,-3.75802,0.0],[119.7242,-3.75823,0.0],[119.73651,-3.75986,0.0],[119.7369,-3.75983,0.0],[119.73821,-3.75944,0.0],[119.74527,-3.75723,0.0],[119.74578,-3.7572,0.0],[119.74625,-3.75732,0.0],[119.74679,-3.7576,0.0],[119.7584,-3.76451,0.0],[119.75923,-3.76509,0.0],[119.76168,-3.76331,0.0],[119.76227,-3.76249,0.0],[119.76246,-3.76208,0.0],[119.76279,-3.76076,0.0],[119.76297,-3.7605,0.0],[119.76417,-3.76034,0.0],[119.7645,-3.7602,0.0],[119.76511,-3.75974,0.0],[119.76505,-3.75947,0.0],[119.76484,-3.75919,0.0],[119.76482,-3.75873,0.0],[119.76519,-3.75829,0.0],[119.7653,-3.75782,0.0],[119.76557,-3.75734,0.0],[119.7657,-3.75635,0.0],[119.76615,-3.75576,0.0],[119.76679,-3.75531,0.0],[119.7668,-3.75512,0.0],[119.76663,-3.75466,0.0],[119.7668,-3.75436,0.0],[119.76712,-3.75417,0.0],[119.76787,-3.75407,0.0],[119.76796,-3.75358,0.0],[119.77099,-3.75265,0.0],[119.77122,-3.75245,0.0],[119.77131,-3.75216,0.0],[119.7714,-3.74955,0.0],[119.77161,-3.74807,0.0],[119.77252,-3.74598,0.0],[119.77313,-3.74492,0.0],[119.77537,-3.74182,0.0],[119.77666,-3.73965,0.0],[119.77802,-3.73779,0.0],[119.77888,-3.73797,0.0],[119.77934,-3.73793,0.0],[119.77968,-3.73778,0.0],[119.77995,-3.73738,0.0],[119.78016,-3.73731,0.0],[119.78081,-3.73759,0.0],[119.78099,-3.738,0.0],[119.78117,-3.7381,0.0],[119.78164,-3.73807,0.0],[119.78207,-3.73769,0.0],[119.78228,-3.73765,0.0],[119.78334,-3.73798,0.0],[119.78432,-3.73844,0.0],[119.78508,-3.73848,0.0],[119.78676,-3.73755,0.0],[119.78902,-3.73677,0.0],[119.79103,-3.73565,0.0],[119.79196,-3.73569,0.0],[119.7925,-3.73538,0.0],[119.7928,-3.73535,0.0],[119.79408,-3.73574,0.0],[119.79455,-3.73575,0.0],[119.79524,-3.73562,0.0],[119.79571,-3.73572,0.0],[119.79737,-3.73494,0.0],[119.79909,-3.73462,0.0],[119.79973,-3.73421,0.0],[119.8005,-3.73385,0.0],[119.80267,-3.73331,0.0]]]},"properties":{"OBJECTID":85921,"NAMOBJ":"Padang Loang","WADMKD":"Padang Loang","WADMKC":"Patampanua","KDEPUM":"73.15.05.2009","KDCPUM":"73.15.05","WADMKK":"Pinrang","WADMPR":"Sulawesi Selatan","LUASWH":21.729933070224494,"TIPADM":1,"Status":"Batas Indikatif"}},{"type":"Feature","id":85922,"geometry":{"type":"Polygon","coordinates":[[[119.63768,-3.81201,0.0],[119.63574,-3.81105,0.0],[119.63634,-3.80955,0.0],[119.63628,-3.80933,0.0],[119.6356,-3.8091,0.0],[119.6357,-3.80867,0.0],[119.63583,-3.80849,0.0],[119.63408,-3.80755,0.0],[119.63298,-3.80763,0.0],[119.63308,-3.80898,0.0],[119.63226,-3.81069,0.0],[119.63302,-3.81116,0.0],[119.6325,-3.81156,0.0],[119.63187,-3.81179,0.0],[119.63083,-3.81275,0.0],[119.63054,-3.81284,0.0],[119.63032,-3.81318,0.0],[119.63003,-3.81438,0.0],[119.63051,-3.81456,0.0],[119.63044,-3.81468,0.0],[119.63093,-3.81466,0.0],[119.63081,-3.81497,0.0],[119.63185,-3.81546,0.0],[119.63202,-3.81513,0.0],[119.63303,-3.81556,0.0],[119.6329,-3.81582,0.0],[119.63428,-3.81646,0.0],[119.63382,-3.81738,0.0],[119.63525,-3.81809,0.0],[119.63505,-3.81842,0.0],[119.63604,-3.81895,0.0],[119.63635,-3.81853,0.0],[119.63667,-3.81875,0.0],[119.63695,-3.81839,0.0],[119.63838,-3.8191,0.0],[119.63959,-3.81984,0.0],[119.63963,-3.81998,0.0],[119.64048,-3.8204,0.0],[119.64158,-3.81923,0.0],[119.64212,-3.81961,0.0],[119.64221,-3.81949,0.0],[119.64313,-3.82006,0.0],[119.64326,-3.81992,0.0],[119.64413,-3.82065,0.0],[119.64405,-3.82147,0.0],[119.64332,-3.82204,0.0],[119.64302,-3.8224,0.0],[119.64209,-3.82291,0.0],[119.6405,-3.82346,0.0],[119.63981,-3.82385,0.0],[119.6394,-3.82438,0.0],[119.63911,-3.82443,0.0],[119.63871,-3.82514,0.0],[119.63866,-3.82556,0.0],[119.63876,-3.82601,0.0],[119.63851,-3.82694,0.0],[119.63837,-3.82837,0.0],[119.6382,-3.82885,0.0],[119.63861,-3.82901,0.0],[119.63852,-3.82927,0.0],[119.63895,-3.82949,0.0],[119.63852,-3.83033,0.0],[119.6389,-3.8307,0.0],[119.64036,-3.83187,0.0],[119.64111,-3.83143,0.0],[119.64142,-3.83104,0.0],[119.64145,-3.83062,0.0],[119.64184,-3.83016,0.0],[119.64194,-3.8295,0.0],[119.64279,-3.82936,0.0],[119.64317,-3.82908,0.0],[119.64359,-3.82894,0.0],[119.64375,-3.8287,0.0],[119.64451,-3.82901,0.0],[119.64447,-3.82923,0.0],[119.64393,-3.83022,0.0],[119.64483,-3.83061,0.0],[119.64711,-3.83137,0.0],[119.64724,-3.83137,0.0],[119.64729,-3.83124,0.0],[119.6479,-3.8315,0.0],[119.6481,-3.8312,0.0],[119.65068,-3.83229,0.0],[119.6534,-3.83356,0.0],[119.65395,-3.83371,0.0],[119.65492,-3.8342,0.0],[119.65541,-3.83431,0.0],[119.65652,-3.8348,0.0],[119.65644,-3.83515,0.0],[119.65794,-3.83559,0.0],[119.66086,-3.83596,0.0],[119.66081,-3.83641,0.0],[119.66128,-3.83656,0.0],[119.66104,-3.83724,0.0],[119.66361,-3.83819,0.0],[119.66355,-3.83847,0.0],[119.66422,-3.83871,0.0],[119.66413,-3.83905,0.0],[119.66512,-3.83954,0.0],[119.66424,-3.84121,0.0],[119.66474,-3.84142,0.0],[119.66431,-3.84239,0.0],[119.66495,-3.84265,0.0],[119.66479,-3.84304,0.0],[119.665,-3.8431,0.0],[119.6642,-3.84461,0.0],[119.66491,-3.84489,0.0],[119.6651,-3.84449,0.0],[119.66565,-3.84469,0.0],[119.66582,-3.84424,0.0],[119.66722,-3.84471,0.0],[119.66725,-3.84485,0.0],[119.66705,-3.84507,0.0],[119.66655,-3.8463,0.0],[119.66849,-3.84718,0.0],[119.6684,-3.84747,0.0],[119.66929,-3.84769,0.0],[119.67177,-3.84852,0.0],[119.67424,-3.84954,0.0],[119.67458,-3.84873,0.0],[119.6767,-3.84949,0.0],[119.67664,-3.84973,0.0],[119.6774,-3.84997,0.0],[119.67736,-3.85016,0.0],[119.67804,-3.85029,0.0],[119.67809,-3.85016,0.0],[119.67993,-3.85066,0.0],[119.68004,-3.84951,0.0],[119.6798,-3.8485,0.0],[119.67975,-3.84788,0.0],[119.67977,-3.84695,0.0],[119.67999,-3.84546,0.0],[119.68024,-3.84255,0.0],[119.68007,-3.84024,0.0],[119.68049,-3.8389,0.0],[119.68053,-3.83742,0.0],[119.6814,-3.83642,0.0],[119.68183,-3.8354,0.0],[119.68191,-3.83499,0.0],[119.68179,-3.83412,0.0],[119.68164,-3.83371,0.0],[119.67957,-3.83263,0.0],[119.67926,-3.83245,0.0],[119.67924,-3.83234,0.0],[119.67999,-3.82942,0.0],[119.68088,-3.82783,0.0],[119.6811,-3.82716,0.0],[119.68111,-3.82602,0.0],[119.68124,-3.82523,0.0],[119.68171,-3.82333,0.0],[119.68183,-3.82251,0.0],[119.68207,-3.82256,0.0],[119.68222,-3.82195,0.0],[119.68176,-3.82182,0.0],[119.68191,-3.8204,0.0],[119.6805,-3.82017,0.0],[119.6794,-3.82014,0.0],[119.67817,-3.81949,0.0],[119.67798,-3.82001,0.0],[119.67732,-3.81971,0.0],[119.67714,-3.81984,0.0],[119.67685,-3.81967,0.0],[119.6766,-3.81962,0.0],[119.67657,-3.81984,0.0],[119.67508,-3.81953,0.0],[119.67392,-3.81919,0.0],[119.67375,-3.81949,0.0],[119.67293,-3.81898,0.0],[119.67299,-3.81886,0.0],[119.67211,-3.81844,0.0],[119.67158,-3.81906,0.0],[119.66991,-3.81831,0.0],[119.66985,-3.81843,0.0],[119.66875,-3.81796,0.0],[119.66851,-3.81783,0.0],[119.66869,-3.81745,0.0],[119.6674,-3.81695,0.0],[119.6673,-3.81683,0.0],[119.66666,-3.81665,0.0],[119.66616,-3.81776,0.0],[119.66534,-3.81738,0.0],[119.66432,-3.81715,0.0],[119.66432,-3.81728,0.0],[119.66393,-3.81766,0.0],[119.66353,-3.81824,0.0],[119.66313,-3.81847,0.0],[119.66118,-3.81912,0.0],[119.66079,-3.81909,0.0],[119.66042,-3.81893,0.0],[119.66001,-3.81912,0.0],[119.65876,-3.8189,0.0],[119.65729,-3.81792,0.0],[119.65605,-3.81793,0.0],[119.65571,-3.81805,0.0],[119.6552,-3.81789,0.0],[119.65441,-3.8174,0.0],[119.65396,-3.81748,0.0],[119.65367,-3.81744,0.0],[119.65304,-3.81721,0.0],[119.65158,-3.81756,0.0],[119.65129,-3.81749,0.0],[119.65044,-3.81697,0.0],[119.64977,-3.8168,0.0],[119.64955,-3.81682,0.0],[119.649,-3.81712,0.0],[119.64866,-3.81718,0.0],[119.64775,-3.81692,0.0],[119.64706,-3.81741,0.0],[119.64681,-3.81778,0.0],[119.64615,-3.81811,0.0],[119.64585,-3.81836,0.0],[119.64437,-3.81751,0.0],[119.6438,-3.8181,0.0],[119.64019,-3.8157,0.0],[119.63894,-3.81509,0.0],[119.63931,-3.81461,0.0],[119.63698,-3.81347,0.0],[119.63764,-3.81231,0.0],[119.63757,-3.81227,0.0],[119.63768,-3.81201,0.0]]]},"properties":{"OBJECTID":85922,"NAMOBJ":"Bentengnge","WADMKD":"Bentengnge","WADMKC":"Watang Sawitto","KDEPUM":"73.15.04.1006","KDCPUM":"73.15.04","WADMKK":"Pinrang","WADMPR":"Sulawesi Selatan","LUASWH":11.243867298514811,"TIPADM":2,"Status":"Batas Indikatif"}},{"type":"Feature","id":85969,"geometry":{"type":"Polygon","coordinates":[[[119.65231,-3.78265,0.0],[119.65157,-3.78093,0.0],[119.65131,-3.78065,0.0],[119.6506,-3.7803,0.0],[119.64918,-3.77936,0.0],[119.64797,-3.77817,0.0],[119.64739,-3.77746,0.0],[119.64619,-3.77555,0.0],[119.64532,-3.77474,0.0],[119.64517,-3.7745,0.0],[119.64511,-3.77414,0.0],[119.64343,-3.77549,0.0],[119.64212,-3.77528,0.0],[119.64175,-3.77692,0.0],[119.6405,-3.77781,0.0],[119.63953,-3.77977,0.0],[119.63943,-3.77982,0.0],[119.6402,-3.78022,0.0],[119.64022,-3.78029,0.0],[119.64108,-3.78048,0.0],[119.64104,-3.78088,0.0],[119.64131,-3.78096,0.0],[119.64117,-3.78153,0.0],[119.64153,-3.78165,0.0],[119.64136,-3.78254,0.0],[119.64211,-3.78264,0.0],[119.64212,-3.78386,0.0],[119.64227,-3.78471,0.0],[119.64218,-3.78545,0.0],[119.64192,-3.7861,0.0],[119.6421,-3.78613,0.0],[119.64223,-3.78581,0.0],[119.64266,-3.78598,0.0],[119.64258,-3.7862,0.0],[119.64276,-3.78626,0.0],[119.64306,-3.78565,0.0],[119.64385,-3.78592,0.0],[119.64378,-3.78614,0.0],[119.64463,-3.78648,0.0],[119.64478,-3.78615,0.0],[119.64517,-3.78628,0.0],[119.64529,-3.78593,0.0],[119.65092,-3.78736,0.0],[119.65101,-3.78728,0.0],[119.65462,-3.78681,0.0],[119.65506,-3.78668,0.0],[119.65488,-3.78634,0.0],[119.65329,-3.78429,0.0],[119.65231,-3.78265,0.0]]]},"properties":{"OBJECTID":85969,"NAMOBJ":"Pacongang","WADMKD":"Pacongang","WADMKC":"Paleteang","KDEPUM":"73.15.11.1001","KDCPUM":"73.15.11","WADMKK":"Pinrang","WADMPR":"Sulawesi Selatan","LUASWH":1.3072717526846409,"TIPADM":2,"Status":"Batas Indikatif"}},{"type":"Feature","id":86023,"geometry":{"type":"Polygon","coordinates":[[[119.74903,-3.7889,0.0],[119.74857,-3.78888,0.0],[119.74827,-3.78914,0.0],[119.74722,-3.78957,0.0],[119.74511,-3.79028,0.0],[119.74246,-3.79086,0.0],[119.73779,-3.7922,0.0],[119.73493,-3.79352,0.0],[119.73216,-3.79466,0.0],[119.72843,-3.79643,0.0],[119.72451,-3.79899,0.0],[119.72456,-3.79987,0.0],[119.72397,-3.8013,0.0],[119.72399,-3.80167,0.0],[119.72428,-3.80242,0.0],[119.72414,-3.80301,0.0],[119.72425,-3.80388,0.0],[119.72402,-3.80461,0.0],[119.72376,-3.80493,0.0],[119.72347,-3.80565,0.0],[119.72333,-3.80644,0.0],[119.72334,-3.80726,0.0],[119.72327,-3.80757,0.0],[119.72277,-3.8082,0.0],[119.72191,-3.80865,0.0],[119.71998,-3.80866,0.0],[119.71971,-3.81027,0.0],[119.71955,-3.81061,0.0],[119.71901,-3.8112,0.0],[119.71897,-3.81194,0.0],[119.71982,-3.81391,0.0],[119.71981,-3.8141,0.0],[119.71962,-3.8145,0.0],[119.71918,-3.81489,0.0],[119.71762,-3.8154,0.0],[119.71665,-3.8163,0.0],[119.7161,-3.81642,0.0],[119.71503,-3.81638,0.0],[119.71461,-3.81653,0.0],[119.71444,-3.8168,0.0],[119.71422,-3.81752,0.0],[119.71429,-3.81897,0.0],[119.71419,-3.81927,0.0],[119.71382,-3.81955,0.0],[119.71188,-3.82036,0.0],[119.71174,-3.82028,0.0],[119.71178,-3.81993,0.0],[119.71168,-3.81972,0.0],[119.71144,-3.81963,0.0],[119.71127,-3.8197,0.0],[119.71132,-3.82013,0.0],[119.71125,-3.82032,0.0],[119.7102,-3.82123,0.0],[119.71007,-3.82167,0.0],[119.71004,-3.82214,0.0],[119.70985,-3.82251,0.0],[119.70909,-3.8229,0.0],[119.70836,-3.82375,0.0],[119.70754,-3.82432,0.0],[119.70716,-3.82525,0.0],[119.70658,-3.82559,0.0],[119.70654,-3.82601,0.0],[119.70641,-3.82628,0.0],[119.70643,-3.82697,0.0],[119.70628,-3.82752,0.0],[119.70618,-3.82759,0.0],[119.7056,-3.82758,0.0],[119.705,-3.82775,0.0],[119.70461,-3.8286,0.0],[119.7038,-3.82937,0.0],[119.70494,-3.82992,0.0],[119.70793,-3.83081,0.0],[119.71025,-3.83137,0.0],[119.71557,-3.83218,0.0],[119.72322,-3.83291,0.0],[119.72434,-3.83006,0.0],[119.72413,-3.82994,0.0],[119.72482,-3.8273,0.0],[119.72534,-3.82613,0.0],[119.72577,-3.82633,0.0],[119.72644,-3.82515,0.0],[119.72646,-3.82472,0.0],[119.72688,-3.82342,0.0],[119.72734,-3.82235,0.0],[119.72791,-3.82043,0.0],[119.7282,-3.81996,0.0],[119.72844,-3.81987,0.0],[119.72875,-3.81933,0.0],[119.72899,-3.81905,0.0],[119.72909,-3.81904,0.0],[119.72912,-3.81778,0.0],[119.72925,-3.81775,0.0],[119.7297,-3.81663,0.0],[119.73007,-3.81686,0.0],[119.73023,-3.81706,0.0],[119.73145,-3.81478,0.0],[119.73157,-3.8149,0.0],[119.7314,-3.81446,0.0],[119.73162,-3.81433,0.0],[119.73277,-3.81547,0.0],[119.73325,-3.81653,0.0],[119.73367,-3.81693,0.0],[119.73369,-3.81763,0.0],[119.73423,-3.81698,0.0],[119.73329,-3.81463,0.0],[119.73326,-3.8142,0.0],[119.73317,-3.81397,0.0],[119.73316,-3.81274,0.0],[119.73331,-3.81221,0.0],[119.73323,-3.81183,0.0],[119.73331,-3.81158,0.0],[119.7337,-3.81103,0.0],[119.73341,-3.81078,0.0],[119.73334,-3.81043,0.0],[119.7332,-3.81046,0.0],[119.73321,-3.81027,0.0],[119.7331,-3.81025,0.0],[119.73326,-3.80997,0.0],[119.73345,-3.80984,0.0],[119.73405,-3.80981,0.0],[119.7351,-3.81039,0.0],[119.73593,-3.81041,0.0],[119.73699,-3.81067,0.0],[119.73689,-3.81082,0.0],[119.7384,-3.81126,0.0],[119.73878,-3.81129,0.0],[119.73904,-3.81147,0.0],[119.73961,-3.81,0.0],[119.74034,-3.80894,0.0],[119.74227,-3.80385,0.0],[119.74339,-3.8013,0.0],[119.74438,-3.79754,0.0],[119.74449,-3.7976,0.0],[119.74518,-3.79551,0.0],[119.74531,-3.79464,0.0],[119.74603,-3.7948,0.0],[119.74631,-3.79357,0.0],[119.74663,-3.79364,0.0],[119.74676,-3.79107,0.0],[119.74717,-3.7899,0.0],[119.74738,-3.78987,0.0],[119.74732,-3.7901,0.0],[119.74753,-3.79048,0.0],[119.7479,-3.78962,0.0],[119.74884,-3.78951,0.0],[119.74903,-3.7889,0.0]]]},"properties":{"OBJECTID":86023,"NAMOBJ":"Marawi","WADMKD":"Marawi","WADMKC":"Tiroang","KDEPUM":"73.15.09.1002","KDCPUM":"73.15.09","WADMKK":"Pinrang","WADMPR":"Sulawesi Selatan","LUASWH":8.4378630363919704,"TIPADM":2,"Status":"Batas Indikatif"}},{"type":"Feature","id":86052,"geometry":{"type":"Polygon","coordinates":[[[119.73593,-3.60699,0.0],[119.73435,-3.60597,0.0],[119.73138,-3.60353,0.0],[119.73103,-3.60268,0.0],[119.73058,-3.60196,0.0],[119.72952,-3.60097,0.0],[119.72892,-3.5996,0.0],[119.72864,-3.59855,0.0],[119.72828,-3.59648,0.0],[119.72668,-3.59518,0.0],[119.72627,-3.59474,0.0],[119.72571,-3.59389,0.0],[119.72484,-3.59083,0.0],[119.72388,-3.58889,0.0],[119.72381,-3.58856,0.0],[119.72392,-3.58682,0.0],[119.72449,-3.58461,0.0],[119.72484,-3.58383,0.0],[119.72499,-3.58366,0.0],[119.72582,-3.583,0.0],[119.72677,-3.58243,0.0],[119.7272,-3.58157,0.0],[119.72746,-3.58078,0.0],[119.72733,-3.58052,0.0],[119.72624,-3.58024,0.0],[119.72341,-3.58164,0.0],[119.72009,-3.58292,0.0],[119.72011,-3.58303,0.0],[119.71859,-3.58332,0.0],[119.71821,-3.58351,0.0],[119.71789,-3.58383,0.0],[119.71704,-3.58583,0.0],[119.71376,-3.58935,0.0],[119.71309,-3.59022,0.0],[119.7126,-3.59043,0.0],[119.71225,-3.59075,0.0],[119.71123,-3.59216,0.0],[119.71088,-3.59252,0.0],[119.71034,-3.59286,0.0],[119.70976,-3.59296,0.0],[119.70922,-3.59318,0.0],[119.70832,-3.59379,0.0],[119.70733,-3.59463,0.0],[119.70331,-3.59696,0.0],[119.70252,-3.59759,0.0],[119.70133,-3.59815,0.0],[119.70075,-3.59822,0.0],[119.70037,-3.5985,0.0],[119.69987,-3.5986,0.0],[119.69934,-3.5989,0.0],[119.69848,-3.59879,0.0],[119.6983,-3.59884,0.0],[119.69817,-3.59903,0.0],[119.6976,-3.59919,0.0],[119.69627,-3.60013,0.0],[119.69566,-3.60022,0.0],[119.69541,-3.60016,0.0],[119.69504,-3.60047,0.0],[119.6944,-3.60081,0.0],[119.69395,-3.60141,0.0],[119.69575,-3.60339,0.0],[119.69634,-3.60429,0.0],[119.69695,-3.60493,0.0],[119.69754,-3.60668,0.0],[119.69779,-3.60797,0.0],[119.69833,-3.6091,0.0],[119.69829,-3.60953,0.0],[119.69801,-3.6097,0.0],[119.69734,-3.6099,0.0],[119.69698,-3.61019,0.0],[119.69677,-3.61075,0.0],[119.69685,-3.61156,0.0],[119.69639,-3.6134,0.0],[119.69647,-3.61405,0.0],[119.69679,-3.615,0.0],[119.69686,-3.61584,0.0],[119.69682,-3.61653,0.0],[119.6966,-3.61679,0.0],[119.69621,-3.61685,0.0],[119.6948,-3.61657,0.0],[119.69427,-3.61656,0.0],[119.69325,-3.61674,0.0],[119.69294,-3.61694,0.0],[119.69247,-3.61744,0.0],[119.69186,-3.61794,0.0],[119.69171,-3.61829,0.0],[119.69103,-3.61904,0.0],[119.69022,-3.61945,0.0],[119.68969,-3.61939,0.0],[119.68893,-3.61958,0.0],[119.688,-3.62024,0.0],[119.68683,-3.62223,0.0],[119.68603,-3.62247,0.0],[119.68584,-3.62271,0.0],[119.68549,-3.62376,0.0],[119.68522,-3.62411,0.0],[119.6846,-3.62458,0.0],[119.6835,-3.62505,0.0],[119.68195,-3.62638,0.0],[119.68108,-3.62725,0.0],[119.68085,-3.62779,0.0],[119.68045,-3.62959,0.0],[119.67995,-3.63113,0.0],[119.67948,-3.63195,0.0],[119.67869,-3.63363,0.0],[119.67852,-3.63443,0.0],[119.67794,-3.63526,0.0],[119.67634,-3.6372,0.0],[119.67558,-3.63784,0.0],[119.67562,-3.63827,0.0],[119.67599,-3.63886,0.0],[119.67656,-3.63935,0.0],[119.67742,-3.63985,0.0],[119.67782,-3.64037,0.0],[119.67802,-3.64085,0.0],[119.67935,-3.64291,0.0],[119.68066,-3.64355,0.0],[119.68126,-3.64417,0.0],[119.68212,-3.64442,0.0],[119.68312,-3.64437,0.0],[119.68333,-3.64454,0.0],[119.68343,-3.64485,0.0],[119.68312,-3.64547,0.0],[119.68273,-3.64766,0.0],[119.68223,-3.64825,0.0],[119.68213,-3.64878,0.0],[119.68249,-3.64916,0.0],[119.68316,-3.64964,0.0],[119.68475,-3.64987,0.0],[119.68625,-3.6497,0.0],[119.6877,-3.64937,0.0],[119.69033,-3.6492,0.0],[119.69338,-3.64917,0.0],[119.69603,-3.64936,0.0],[119.69737,-3.64931,0.0],[119.70001,-3.64884,0.0],[119.70406,-3.64757,0.0],[119.70839,-3.64698,0.0],[119.70946,-3.64746,0.0],[119.71247,-3.64846,0.0],[119.71446,-3.64883,0.0],[119.71529,-3.64868,0.0],[119.71558,-3.64901,0.0],[119.71598,-3.64854,0.0],[119.71672,-3.64846,0.0],[119.71804,-3.64837,0.0],[119.71935,-3.64862,0.0],[119.7216,-3.64848,0.0],[119.72179,-3.64842,0.0],[119.72218,-3.64804,0.0],[119.72313,-3.64791,0.0],[119.72349,-3.64774,0.0],[119.72385,-3.64748,0.0],[119.72417,-3.64697,0.0],[119.72481,-3.64717,0.0],[119.72496,-3.64682,0.0],[119.72503,-3.64621,0.0],[119.72517,-3.64589,0.0],[119.72534,-3.646,0.0],[119.7259,-3.64586,0.0],[119.72684,-3.64536,0.0],[119.72898,-3.64471,0.0],[119.73094,-3.644,0.0],[119.73481,-3.64233,0.0],[119.73944,-3.6402,0.0],[119.74552,-3.63616,0.0],[119.74508,-3.63491,0.0],[119.74456,-3.63403,0.0],[119.74332,-3.63251,0.0],[119.74334,-3.63224,0.0],[119.74383,-3.63115,0.0],[119.74383,-3.62996,0.0],[119.7443,-3.62765,0.0],[119.74347,-3.62583,0.0],[119.74325,-3.62548,0.0],[119.7429,-3.62518,0.0],[119.74236,-3.62424,0.0],[119.74204,-3.62346,0.0],[119.74183,-3.62176,0.0],[119.74136,-3.61998,0.0],[119.74109,-3.61954,0.0],[119.74025,-3.61874,0.0],[119.73983,-3.61823,0.0],[119.73957,-3.6177,0.0],[119.7396,-3.6174,0.0],[119.73983,-3.61685,0.0],[119.74004,-3.61537,0.0],[119.74021,-3.61476,0.0],[119.74008,-3.61435,0.0],[119.73968,-3.61366,0.0],[119.73898,-3.61334,0.0],[119.73827,-3.6124,0.0],[119.73788,-3.61174,0.0],[119.7374,-3.61009,0.0],[119.73688,-3.60926,0.0],[119.73617,-3.60872,0.0],[119.7361,-3.6085,0.0],[119.73642,-3.60773,0.0],[119.73629,-3.60731,0.0],[119.73593,-3.60699,0.0]]]},"properties":{"OBJECTID":86052,"NAMOBJ":"Watang Kassa","WADMKD":"Watang Kassa","WADMKC":"Batulappa","KDEPUM":"73.15.12.2006","KDCPUM":"73.15.12","WADMKK":"Pinrang","WADMPR":"Sulawesi Selatan","LUASWH":33.891201320344621,"TIPADM":1,"Status":"Batas Indikatif"}},{"type":"Feature","id":86090,"geometry":{"type":"Polygon","coordinates":[[[119.58659,-3.89982,0.0],[119.58663,-3.89956,0.0],[119.58519,-3.89906,0.0],[119.58462,-3.89874,0.0],[119.58459,-3.89863,0.0],[119.58378,-3.8981,0.0],[119.58381,-3.89802,0.0],[119.58286,-3.89741,0.0],[119.58296,-3.89718,0.0],[119.58216,-3.89685,0.0],[119.58219,-3.89675,0.0],[119.58119,-3.89575,0.0],[119.58151,-3.89522,0.0],[119.58078,-3.89497,0.0],[119.58017,-3.89485,0.0],[119.5796,-3.89509,0.0],[119.57878,-3.89511,0.0],[119.57865,-3.8953,0.0],[119.57762,-3.895,0.0],[119.5775,-3.8955,0.0],[119.57723,-3.89585,0.0],[119.57648,-3.8958,0.0],[119.57593,-3.89597,0.0],[119.57437,-3.89567,0.0],[119.57379,-3.89589,0.0],[119.57329,-3.89589,0.0],[119.57261,-3.89601,0.0],[119.57196,-3.89591,0.0],[119.57181,-3.89598,0.0],[119.5708,-3.89537,0.0],[119.57058,-3.89573,0.0],[119.57034,-3.89557,0.0],[119.57024,-3.89561,0.0],[119.56952,-3.89507,0.0],[119.56963,-3.89495,0.0],[119.56917,-3.89469,0.0],[119.5694,-3.8943,0.0],[119.56819,-3.89354,0.0],[119.56799,-3.89357,0.0],[119.56753,-3.89319,0.0],[119.56771,-3.89288,0.0],[119.56715,-3.89253,0.0],[119.56679,-3.89319,0.0],[119.56544,-3.8923,0.0],[119.56555,-3.89199,0.0],[119.56488,-3.89157,0.0],[119.56511,-3.89118,0.0],[119.56452,-3.89081,0.0],[119.56464,-3.89058,0.0],[119.56456,-3.89049,0.0],[119.56354,-3.88979,0.0],[119.56313,-3.89066,0.0],[119.56206,-3.89249,0.0],[119.56158,-3.89351,0.0],[119.5615,-3.89416,0.0],[119.56157,-3.89431,0.0],[119.56127,-3.89436,0.0],[119.56116,-3.89457,0.0],[119.56123,-3.89461,0.0],[119.56114,-3.89485,0.0],[119.55988,-3.89584,0.0],[119.55997,-3.89598,0.0],[119.55998,-3.89628,0.0],[119.5593,-3.89891,0.0],[119.56075,-3.8994,0.0],[119.56051,-3.89987,0.0],[119.55589,-3.9023,0.0],[119.55778,-3.90322,0.0],[119.55926,-3.90413,0.0],[119.5602,-3.90432,0.0],[119.5617,-3.90516,0.0],[119.56239,-3.90566,0.0],[119.56356,-3.90694,0.0],[119.56344,-3.9072,0.0],[119.5638,-3.9076,0.0],[119.56438,-3.90971,0.0],[119.56452,-3.90994,0.0],[119.56465,-3.91009,0.0],[119.56539,-3.9103,0.0],[119.56569,-3.91056,0.0],[119.56593,-3.91108,0.0],[119.56411,-3.91164,0.0],[119.56323,-3.91201,0.0],[119.56244,-3.91247,0.0],[119.56167,-3.91315,0.0],[119.56162,-3.91321,0.0],[119.56189,-3.91406,0.0],[119.56382,-3.91363,0.0],[119.56384,-3.91386,0.0],[119.56628,-3.91341,0.0],[119.56634,-3.91318,0.0],[119.56649,-3.91298,0.0],[119.56715,-3.91303,0.0],[119.56717,-3.91313,0.0],[119.5683,-3.91286,0.0],[119.56951,-3.91281,0.0],[119.56969,-3.91285,0.0],[119.56966,-3.91312,0.0],[119.57048,-3.91304,0.0],[119.57119,-3.91311,0.0],[119.57141,-3.91277,0.0],[119.5719,-3.91287,0.0],[119.57227,-3.91227,0.0],[119.57309,-3.91295,0.0],[119.57539,-3.91423,0.0],[119.57669,-3.91277,0.0],[119.57724,-3.91175,0.0],[119.57738,-3.91097,0.0],[119.57773,-3.91071,0.0],[119.57844,-3.91039,0.0],[119.57863,-3.90974,0.0],[119.57873,-3.90878,0.0],[119.57921,-3.90781,0.0],[119.5794,-3.9072,0.0],[119.57958,-3.90688,0.0],[119.58008,-3.90668,0.0],[119.58036,-3.90587,0.0],[119.58081,-3.90566,0.0],[119.58093,-3.90504,0.0],[119.58112,-3.90497,0.0],[119.58145,-3.90516,0.0],[119.5816,-3.90481,0.0],[119.5817,-3.90474,0.0],[119.58302,-3.90432,0.0],[119.58337,-3.90435,0.0],[119.58384,-3.90469,0.0],[119.58472,-3.90463,0.0],[119.58523,-3.90354,0.0],[119.58511,-3.90314,0.0],[119.58546,-3.9023,0.0],[119.58546,-3.90188,0.0],[119.58579,-3.90144,0.0],[119.58595,-3.90071,0.0],[119.58635,-3.90075,0.0],[119.58659,-3.89982,0.0]]]},"properties":{"OBJECTID":86090,"NAMOBJ":"Lerang","WADMKD":"Lerang","WADMKC":"Lanrisang","KDEPUM":"73.15.10.2007","KDCPUM":"73.15.10","WADMKK":"Pinrang","WADMPR":"Sulawesi Selatan","LUASWH":4.8105624577386576,"TIPADM":1,"Status":"Batas Indikatif"}},{"type":"Feature","id":86100,"geometry":{"type":"Polygon","coordinates":[[[119.57671,-3.69682,0.0],[119.57504,-3.69646,0.0],[119.57366,-3.69655,0.0],[119.57295,-3.6969,0.0],[119.57256,-3.69766,0.0],[119.57209,-3.69901,0.0],[119.57176,-3.70079,0.0],[119.5716,-3.70342,0.0],[119.57119,-3.70503,0.0],[119.57226,-3.70567,0.0],[119.57453,-3.70728,0.0],[119.57488,-3.70715,0.0],[119.57537,-3.70712,0.0],[119.57716,-3.70731,0.0],[119.57703,-3.70782,0.0],[119.57617,-3.70923,0.0],[119.57561,-3.70981,0.0],[119.57518,-3.71007,0.0],[119.57296,-3.71107,0.0],[119.57273,-3.71123,0.0],[119.57201,-3.71216,0.0],[119.57183,-3.71208,0.0],[119.57122,-3.71214,0.0],[119.57021,-3.71202,0.0],[119.56995,-3.71217,0.0],[119.56895,-3.71344,0.0],[119.56878,-3.71393,0.0],[119.56854,-3.71415,0.0],[119.56803,-3.71436,0.0],[119.56803,-3.71461,0.0],[119.56756,-3.7155,0.0],[119.56696,-3.71612,0.0],[119.56673,-3.71648,0.0],[119.56768,-3.71746,0.0],[119.56777,-3.71773,0.0],[119.56944,-3.7184,0.0],[119.56936,-3.71862,0.0],[119.56979,-3.71867,0.0],[119.56971,-3.7193,0.0],[119.57052,-3.7194,0.0],[119.57035,-3.71984,0.0],[119.57009,-3.71978,0.0],[119.56979,-3.72023,0.0],[119.56953,-3.72012,0.0],[119.56919,-3.72061,0.0],[119.56998,-3.72097,0.0],[119.5696,-3.72202,0.0],[119.56955,-3.72293,0.0],[119.56964,-3.72357,0.0],[119.57021,-3.72378,0.0],[119.57018,-3.72416,0.0],[119.57027,-3.72423,0.0],[119.56984,-3.72549,0.0],[119.56973,-3.72575,0.0],[119.56956,-3.72567,0.0],[119.56946,-3.72615,0.0],[119.56945,-3.72663,0.0],[119.56961,-3.72713,0.0],[119.56949,-3.72776,0.0],[119.56967,-3.72785,0.0],[119.56968,-3.72817,0.0],[119.56993,-3.7287,0.0],[119.57008,-3.72926,0.0],[119.57006,-3.72992,0.0],[119.56997,-3.73017,0.0],[119.57222,-3.73048,0.0],[119.57244,-3.731,0.0],[119.57293,-3.73152,0.0],[119.57361,-3.73168,0.0],[119.57416,-3.73229,0.0],[119.57458,-3.73259,0.0],[119.57584,-3.73309,0.0],[119.57792,-3.73353,0.0],[119.57886,-3.7336,0.0],[119.5801,-3.7342,0.0],[119.5804,-3.73426,0.0],[119.58116,-3.73383,0.0],[119.5812,-3.7335,0.0],[119.58162,-3.73286,0.0],[119.58155,-3.7326,0.0],[119.58164,-3.73247,0.0],[119.58232,-3.73173,0.0],[119.58261,-3.73163,0.0],[119.58285,-3.73136,0.0],[119.58365,-3.72928,0.0],[119.58422,-3.72915,0.0],[119.58471,-3.72944,0.0],[119.5855,-3.72937,0.0],[119.58563,-3.72921,0.0],[119.58572,-3.72883,0.0],[119.58608,-3.72817,0.0],[119.58645,-3.72805,0.0],[119.58685,-3.7276,0.0],[119.58711,-3.72761,0.0],[119.58745,-3.72718,0.0],[119.58811,-3.72716,0.0],[119.58869,-3.72674,0.0],[119.58903,-3.72678,0.0],[119.58935,-3.72696,0.0],[119.59005,-3.72693,0.0],[119.59027,-3.72701,0.0],[119.59031,-3.72643,0.0],[119.59052,-3.72623,0.0],[119.59071,-3.72586,0.0],[119.59102,-3.72557,0.0],[119.59148,-3.72465,0.0],[119.59155,-3.72434,0.0],[119.59246,-3.72382,0.0],[119.59321,-3.7239,0.0],[119.59587,-3.72357,0.0],[119.59609,-3.72357,0.0],[119.59646,-3.72371,0.0],[119.59698,-3.72349,0.0],[119.59727,-3.72349,0.0],[119.59793,-3.72371,0.0],[119.59826,-3.72374,0.0],[119.59935,-3.72346,0.0],[119.60072,-3.72377,0.0],[119.60163,-3.72381,0.0],[119.60223,-3.72392,0.0],[119.60249,-3.72381,0.0],[119.60304,-3.72393,0.0],[119.60329,-3.72407,0.0],[119.60341,-3.72401,0.0],[119.6039,-3.72297,0.0],[119.60421,-3.72303,0.0],[119.60473,-3.72333,0.0],[119.60496,-3.72327,0.0],[119.60577,-3.7221,0.0],[119.60635,-3.72097,0.0],[119.6066,-3.72079,0.0],[119.60706,-3.72107,0.0],[119.60734,-3.72108,0.0],[119.60787,-3.72133,0.0],[119.60856,-3.72123,0.0],[119.60964,-3.72129,0.0],[119.61023,-3.72104,0.0],[119.61117,-3.72103,0.0],[119.61137,-3.72094,0.0],[119.61257,-3.71716,0.0],[119.61242,-3.7171,0.0],[119.61259,-3.71649,0.0],[119.61248,-3.71644,0.0],[119.61336,-3.71411,0.0],[119.61391,-3.71427,0.0],[119.61421,-3.71323,0.0],[119.61475,-3.71343,0.0],[119.61517,-3.71171,0.0],[119.61504,-3.71169,0.0],[119.6155,-3.71013,0.0],[119.61573,-3.7088,0.0],[119.616,-3.70884,0.0],[119.61631,-3.708,0.0],[119.61665,-3.70808,0.0],[119.6169,-3.70721,0.0],[119.6172,-3.70727,0.0],[119.61747,-3.70645,0.0],[119.61786,-3.70659,0.0],[119.61819,-3.70573,0.0],[119.61823,-3.70496,0.0],[119.61854,-3.70492,0.0],[119.61861,-3.70394,0.0],[119.61922,-3.7041,0.0],[119.61933,-3.70303,0.0],[119.61954,-3.70302,0.0],[119.61985,-3.70024,0.0],[119.61964,-3.70017,0.0],[119.61814,-3.7002,0.0],[119.61662,-3.7005,0.0],[119.61195,-3.70193,0.0],[119.60926,-3.70263,0.0],[119.60568,-3.7042,0.0],[119.60403,-3.70519,0.0],[119.6028,-3.70607,0.0],[119.60188,-3.70729,0.0],[119.60125,-3.7089,0.0],[119.60016,-3.7112,0.0],[119.59928,-3.7136,0.0],[119.59845,-3.7154,0.0],[119.59768,-3.71637,0.0],[119.59672,-3.71725,0.0],[119.5958,-3.71774,0.0],[119.5946,-3.71818,0.0],[119.59311,-3.71827,0.0],[119.59188,-3.71819,0.0],[119.59109,-3.71791,0.0],[119.59057,-3.7173,0.0],[119.59,-3.71628,0.0],[119.58962,-3.71544,0.0],[119.58954,-3.71462,0.0],[119.58912,-3.71265,0.0],[119.58774,-3.71201,0.0],[119.58558,-3.71054,0.0],[119.58385,-3.70889,0.0],[119.58164,-3.70622,0.0],[119.58077,-3.7048,0.0],[119.57914,-3.6995,0.0],[119.57853,-3.69834,0.0],[119.5779,-3.69743,0.0],[119.57714,-3.69697,0.0],[119.57671,-3.69682,0.0]]]},"properties":{"OBJECTID":86100,"NAMOBJ":"Mangki","WADMKD":"Mangki","WADMKC":"Cempa","KDEPUM":"73.15.08.2002","KDCPUM":"73.15.08","WADMKK":"Pinrang","WADMPR":"Sulawesi Selatan","LUASWH":10.664789463261812,"TIPADM":1,"Status":"Batas Indikatif"}},{"type":"Feature","id":86138,"geometry":{"type":"Polygon","coordinates":[[[119.49212,-3.30909,0.0],[119.49169,-3.30726,0.0],[119.49184,-3.3065,0.0],[119.4918,-3.30634,0.0],[119.49162,-3.30622,0.0],[119.49134,-3.3057,0.0],[119.49116,-3.30487,0.0],[119.49046,-3.30414,0.0],[119.49014,-3.30337,0.0],[119.4897,-3.30164,0.0],[119.48833,-3.30038,0.0],[119.48735,-3.29894,0.0],[119.48654,-3.29873,0.0],[119.48642,-3.29861,0.0],[119.48635,-3.29804,0.0],[119.486,-3.29667,0.0],[119.48454,-3.29624,0.0],[119.48442,-3.29609,0.0],[119.48429,-3.29554,0.0],[119.48336,-3.29529,0.0],[119.48307,-3.29512,0.0],[119.48281,-3.29436,0.0],[119.48252,-3.29405,0.0],[119.48232,-3.29286,0.0],[119.48167,-3.29163,0.0],[119.47997,-3.29047,0.0],[119.47897,-3.29006,0.0],[119.47852,-3.28956,0.0],[119.47811,-3.28931,0.0],[119.47699,-3.28883,0.0],[119.47609,-3.28832,0.0],[119.47482,-3.2884,0.0],[119.47331,-3.28877,0.0],[119.47276,-3.28883,0.0],[119.47209,-3.28928,0.0],[119.47136,-3.28957,0.0],[119.47093,-3.28983,0.0],[119.47103,-3.29026,0.0],[119.47174,-3.29101,0.0],[119.4719,-3.29151,0.0],[119.47197,-3.29234,0.0],[119.47174,-3.29294,0.0],[119.47178,-3.29347,0.0],[119.47171,-3.2935,0.0],[119.47105,-3.29359,0.0],[119.47056,-3.2935,0.0],[119.46937,-3.29272,0.0],[119.46916,-3.29274,0.0],[119.46901,-3.29291,0.0],[119.46888,-3.29294,0.0],[119.4683,-3.2927,0.0],[119.46771,-3.29273,0.0],[119.46724,-3.29302,0.0],[119.4667,-3.29299,0.0],[119.46609,-3.2931,0.0],[119.46549,-3.29263,0.0],[119.46476,-3.29267,0.0],[119.46436,-3.2921,0.0],[119.4642,-3.29204,0.0],[119.46295,-3.29242,0.0],[119.46181,-3.29256,0.0],[119.46153,-3.29208,0.0],[119.46122,-3.29181,0.0],[119.45974,-3.29093,0.0],[119.45896,-3.29003,0.0],[119.45872,-3.28901,0.0],[119.45913,-3.28684,0.0],[119.45905,-3.28607,0.0],[119.45883,-3.28463,0.0],[119.45818,-3.28393,0.0],[119.45772,-3.28375,0.0],[119.45673,-3.28424,0.0],[119.45602,-3.28632,0.0],[119.45547,-3.28673,0.0],[119.4547,-3.28699,0.0],[119.45414,-3.28737,0.0],[119.45368,-3.28748,0.0],[119.45253,-3.2876,0.0],[119.45174,-3.28744,0.0],[119.44897,-3.288,0.0],[119.44854,-3.28793,0.0],[119.44821,-3.28729,0.0],[119.44773,-3.28715,0.0],[119.44709,-3.28711,0.0],[119.44574,-3.28663,0.0],[119.44543,-3.28641,0.0],[119.44425,-3.28506,0.0],[119.44375,-3.28431,0.0],[119.44339,-3.28353,0.0],[119.44212,-3.28204,0.0],[119.44129,-3.28266,0.0],[119.44066,-3.28336,0.0],[119.43938,-3.28376,0.0],[119.43892,-3.28406,0.0],[119.43839,-3.28414,0.0],[119.43813,-3.28428,0.0],[119.43798,-3.2845,0.0],[119.43774,-3.28553,0.0],[119.4366,-3.28669,0.0],[119.43678,-3.28711,0.0],[119.4368,-3.28742,0.0],[119.43617,-3.28759,0.0],[119.43608,-3.28767,0.0],[119.43604,-3.28804,0.0],[119.43588,-3.28842,0.0],[119.43596,-3.28862,0.0],[119.4364,-3.28939,0.0],[119.43695,-3.29,0.0],[119.43749,-3.29015,0.0],[119.43755,-3.29032,0.0],[119.43743,-3.29049,0.0],[119.43647,-3.29099,0.0],[119.43576,-3.29178,0.0],[119.43562,-3.29311,0.0],[119.43551,-3.29325,0.0],[119.43494,-3.29358,0.0],[119.43486,-3.29372,0.0],[119.43495,-3.29436,0.0],[119.43514,-3.29473,0.0],[119.43552,-3.29492,0.0],[119.43607,-3.29492,0.0],[119.43618,-3.29499,0.0],[119.43637,-3.29523,0.0],[119.43638,-3.29551,0.0],[119.43657,-3.29602,0.0],[119.43708,-3.29623,0.0],[119.43709,-3.29654,0.0],[119.43732,-3.297,0.0],[119.43765,-3.29717,0.0],[119.43798,-3.2977,0.0],[119.43843,-3.2979,0.0],[119.43843,-3.29821,0.0],[119.43829,-3.29858,0.0],[119.43806,-3.29887,0.0],[119.4381,-3.29901,0.0],[119.4391,-3.29942,0.0],[119.43976,-3.29999,0.0],[119.44028,-3.30015,0.0],[119.44044,-3.30028,0.0],[119.44063,-3.30064,0.0],[119.44036,-3.30163,0.0],[119.44077,-3.30242,0.0],[119.44053,-3.30322,0.0],[119.44066,-3.30385,0.0],[119.44054,-3.30403,0.0],[119.44023,-3.30418,0.0],[119.44013,-3.30437,0.0],[119.44031,-3.30489,0.0],[119.44047,-3.30511,0.0],[119.44048,-3.30531,0.0],[119.44029,-3.3059,0.0],[119.44011,-3.30614,0.0],[119.43986,-3.3068,0.0],[119.4396,-3.30711,0.0],[119.43942,-3.30751,0.0],[119.43901,-3.308,0.0],[119.43897,-3.30851,0.0],[119.43875,-3.30898,0.0],[119.4387,-3.30946,0.0],[119.43857,-3.30975,0.0],[119.43859,-3.30994,0.0],[119.43884,-3.31023,0.0],[119.43896,-3.31054,0.0],[119.43869,-3.31145,0.0],[119.4385,-3.31162,0.0],[119.43791,-3.31155,0.0],[119.43692,-3.31189,0.0],[119.43662,-3.31257,0.0],[119.43657,-3.31344,0.0],[119.43719,-3.31386,0.0],[119.43726,-3.31399,0.0],[119.43792,-3.31406,0.0],[119.43969,-3.31341,0.0],[119.44104,-3.31316,0.0],[119.44241,-3.31278,0.0],[119.44298,-3.31274,0.0],[119.44328,-3.31292,0.0],[119.44349,-3.31373,0.0],[119.44383,-3.31421,0.0],[119.44426,-3.31455,0.0],[119.44462,-3.31455,0.0],[119.44462,-3.31632,0.0],[119.44493,-3.3178,0.0],[119.44488,-3.31807,0.0],[119.44444,-3.31875,0.0],[119.444,-3.32015,0.0],[119.44334,-3.32139,0.0],[119.44268,-3.32201,0.0],[119.44232,-3.32259,0.0],[119.44165,-3.32305,0.0],[119.4415,-3.32328,0.0],[119.44162,-3.32348,0.0],[119.44158,-3.32461,0.0],[119.44292,-3.32506,0.0],[119.44482,-3.32586,0.0],[119.44589,-3.32653,0.0],[119.44679,-3.3278,0.0],[119.44894,-3.33051,0.0],[119.44984,-3.33116,0.0],[119.45003,-3.33238,0.0],[119.45095,-3.33283,0.0],[119.4558,-3.33352,0.0],[119.45858,-3.33403,0.0],[119.46074,-3.33522,0.0],[119.46272,-3.33681,0.0],[119.46307,-3.33755,0.0],[119.46313,-3.33795,0.0],[119.46343,-3.33843,0.0],[119.46415,-3.33828,0.0],[119.46436,-3.33856,0.0],[119.46455,-3.33923,0.0],[119.46544,-3.34006,0.0],[119.46567,-3.33977,0.0],[119.46597,-3.33981,0.0],[119.46626,-3.34021,0.0],[119.4662,-3.34075,0.0],[119.46631,-3.34161,0.0],[119.46671,-3.34218,0.0],[119.46728,-3.3423,0.0],[119.46804,-3.34232,0.0],[119.46824,-3.34292,0.0],[119.46868,-3.34273,0.0],[119.46914,-3.34273,0.0],[119.46927,-3.34311,0.0],[119.47016,-3.34384,0.0],[119.47058,-3.34373,0.0],[119.47096,-3.34329,0.0],[119.47208,-3.34362,0.0],[119.47307,-3.34377,0.0],[119.474,-3.34382,0.0],[119.47501,-3.3434,0.0],[119.47591,-3.34252,0.0],[119.47663,-3.34209,0.0],[119.47743,-3.34213,0.0],[119.47808,-3.34259,0.0],[119.47889,-3.34294,0.0],[119.47935,-3.34287,0.0],[119.4808,-3.3444,0.0],[119.48121,-3.34511,0.0],[119.4816,-3.34537,0.0],[119.48224,-3.34517,0.0],[119.48245,-3.34538,0.0],[119.48388,-3.34618,0.0],[119.48521,-3.34711,0.0],[119.48661,-3.34732,0.0],[119.48875,-3.34718,0.0],[119.49007,-3.34462,0.0],[119.49086,-3.3423,0.0],[119.49151,-3.33929,0.0],[119.49288,-3.33664,0.0],[119.49327,-3.33463,0.0],[119.49302,-3.33257,0.0],[119.49274,-3.32911,0.0],[119.49275,-3.32821,0.0],[119.49294,-3.3271,0.0],[119.49568,-3.32111,0.0],[119.49589,-3.32054,0.0],[119.49657,-3.31758,0.0],[119.49845,-3.3125,0.0],[119.49813,-3.31205,0.0],[119.49759,-3.31194,0.0],[119.4962,-3.31201,0.0],[119.49556,-3.3116,0.0],[119.4948,-3.31124,0.0],[119.4945,-3.31064,0.0],[119.49426,-3.31036,0.0],[119.49376,-3.3101,0.0],[119.49339,-3.31007,0.0],[119.493,-3.30992,0.0],[119.49247,-3.3094,0.0],[119.49242,-3.30926,0.0],[119.49212,-3.30909,0.0]]]},"properties":{"OBJECTID":86138,"NAMOBJ":"Suppirang","WADMKD":"Suppirang","WADMKC":"Lembang","KDEPUM":"73.15.07.2007","KDCPUM":"73.15.07","WADMKK":"Pinrang","WADMPR":"Sulawesi Selatan","LUASWH":31.331998286735537,"TIPADM":1,"Status":"Batas Indikatif"}},{"type":"Feature","id":86219,"geometry":{"type":"Polygon","coordinates":[[[119.71969,-3.57342,0.0],[119.71916,-3.57104,0.0],[119.71922,-3.56992,0.0],[119.71946,-3.56928,0.0],[119.71976,-3.56876,0.0],[119.72005,-3.5674,0.0],[119.72038,-3.56697,0.0],[119.72081,-3.5667,0.0],[119.7214,-3.56594,0.0],[119.72214,-3.56488,0.0],[119.72221,-3.56455,0.0],[119.72207,-3.56428,0.0],[119.7193,-3.56331,0.0],[119.71881,-3.56287,0.0],[119.71821,-3.5615,0.0],[119.71654,-3.56239,0.0],[119.71639,-3.56241,0.0],[119.71569,-3.56211,0.0],[119.71515,-3.56227,0.0],[119.71445,-3.56301,0.0],[119.71319,-3.56344,0.0],[119.7121,-3.5642,0.0],[119.71141,-3.56501,0.0],[119.70997,-3.5657,0.0],[119.70945,-3.56621,0.0],[119.70871,-3.56729,0.0],[119.70785,-3.5677,0.0],[119.70731,-3.56771,0.0],[119.70598,-3.56728,0.0],[119.70529,-3.56685,0.0],[119.70458,-3.56679,0.0],[119.70286,-3.56702,0.0],[119.70038,-3.56755,0.0],[119.69691,-3.56849,0.0],[119.69512,-3.56905,0.0],[119.68914,-3.5706,0.0],[119.68697,-3.57092,0.0],[119.6854,-3.57128,0.0],[119.68236,-3.57253,0.0],[119.68097,-3.57283,0.0],[119.6801,-3.57283,0.0],[119.67845,-3.57252,0.0],[119.6767,-3.5725,0.0],[119.67467,-3.57193,0.0],[119.6733,-3.57134,0.0],[119.67229,-3.57074,0.0],[119.67107,-3.57062,0.0],[119.66967,-3.57065,0.0],[119.66384,-3.57044,0.0],[119.65974,-3.57041,0.0],[119.65587,-3.57071,0.0],[119.64377,-3.57301,0.0],[119.6405,-3.57308,0.0],[119.64004,-3.57321,0.0],[119.63861,-3.57316,0.0],[119.63801,-3.57328,0.0],[119.6375,-3.57362,0.0],[119.63733,-3.57401,0.0],[119.63721,-3.57605,0.0],[119.63667,-3.57673,0.0],[119.63566,-3.57709,0.0],[119.63529,-3.57709,0.0],[119.63502,-3.57699,0.0],[119.63483,-3.57667,0.0],[119.63496,-3.58277,0.0],[119.63582,-3.5892,0.0],[119.63596,-3.59248,0.0],[119.6371,-3.59691,0.0],[119.63796,-3.5994,0.0],[119.63924,-3.60197,0.0],[119.64274,-3.6059,0.0],[119.64795,-3.61047,0.0],[119.65388,-3.61375,0.0],[119.66102,-3.61668,0.0],[119.6713,-3.62056,0.0],[119.67377,-3.6207,0.0],[119.67639,-3.62032,0.0],[119.67927,-3.62034,0.0],[119.67982,-3.62091,0.0],[119.67977,-3.62169,0.0],[119.68008,-3.62221,0.0],[119.68113,-3.62281,0.0],[119.6817,-3.62345,0.0],[119.68229,-3.62474,0.0],[119.68219,-3.62616,0.0],[119.6835,-3.62505,0.0],[119.6846,-3.62458,0.0],[119.68522,-3.62411,0.0],[119.68549,-3.62376,0.0],[119.68584,-3.62271,0.0],[119.68603,-3.62247,0.0],[119.68683,-3.62223,0.0],[119.688,-3.62024,0.0],[119.68839,-3.61993,0.0],[119.68893,-3.61958,0.0],[119.68969,-3.61939,0.0],[119.69022,-3.61945,0.0],[119.69103,-3.61904,0.0],[119.69171,-3.61829,0.0],[119.69186,-3.61794,0.0],[119.69247,-3.61744,0.0],[119.69294,-3.61694,0.0],[119.69325,-3.61674,0.0],[119.69427,-3.61656,0.0],[119.6948,-3.61657,0.0],[119.69621,-3.61685,0.0],[119.6966,-3.61679,0.0],[119.69682,-3.61653,0.0],[119.69686,-3.61584,0.0],[119.69679,-3.615,0.0],[119.69647,-3.61405,0.0],[119.69639,-3.6134,0.0],[119.69685,-3.61156,0.0],[119.69677,-3.61075,0.0],[119.69698,-3.61019,0.0],[119.69734,-3.6099,0.0],[119.69801,-3.6097,0.0],[119.69829,-3.60953,0.0],[119.69833,-3.6091,0.0],[119.69779,-3.60797,0.0],[119.69754,-3.60668,0.0],[119.69695,-3.60493,0.0],[119.69634,-3.60429,0.0],[119.69575,-3.60339,0.0],[119.69395,-3.60141,0.0],[119.6944,-3.60081,0.0],[119.69504,-3.60047,0.0],[119.69541,-3.60016,0.0],[119.69566,-3.60022,0.0],[119.69627,-3.60013,0.0],[119.6976,-3.59919,0.0],[119.69817,-3.59903,0.0],[119.6983,-3.59884,0.0],[119.69848,-3.59879,0.0],[119.69934,-3.5989,0.0],[119.69987,-3.5986,0.0],[119.70037,-3.5985,0.0],[119.70075,-3.59822,0.0],[119.70133,-3.59815,0.0],[119.70252,-3.59759,0.0],[119.70331,-3.59696,0.0],[119.70733,-3.59463,0.0],[119.70832,-3.59379,0.0],[119.70922,-3.59318,0.0],[119.70976,-3.59296,0.0],[119.71034,-3.59286,0.0],[119.71088,-3.59252,0.0],[119.71123,-3.59216,0.0],[119.71225,-3.59075,0.0],[119.7126,-3.59043,0.0],[119.71309,-3.59022,0.0],[119.71376,-3.58935,0.0],[119.71704,-3.58583,0.0],[119.71789,-3.58383,0.0],[119.71821,-3.58351,0.0],[119.71859,-3.58332,0.0],[119.72011,-3.58303,0.0],[119.72009,-3.58292,0.0],[119.72341,-3.58164,0.0],[119.72624,-3.58024,0.0],[119.7255,-3.58,0.0],[119.72289,-3.57846,0.0],[119.72226,-3.57796,0.0],[119.72026,-3.57456,0.0],[119.71969,-3.57342,0.0]]]},"properties":{"OBJECTID":86219,"NAMOBJ":"Batulappa","WADMKD":"Batulappa","WADMKC":"Batulappa","KDEPUM":"73.15.12.2001","KDCPUM":"73.15.12","WADMKK":"Pinrang","WADMPR":"Sulawesi Selatan","LUASWH":41.090930010630139,"TIPADM":1,"Status":"Batas Indikatif"}},{"type":"Feature","id":86238,"geometry":{"type":"Polygon","coordinates":[[[119.60245,-3.79266,0.0],[119.60223,-3.79276,0.0],[119.60163,-3.79329,0.0],[119.60107,-3.79344,0.0],[119.59957,-3.79264,0.0],[119.5985,-3.79216,0.0],[119.59808,-3.79213,0.0],[119.59781,-3.79199,0.0],[119.592,-3.78854,0.0],[119.58985,-3.78738,0.0],[119.58903,-3.78905,0.0],[119.58943,-3.78927,0.0],[119.58816,-3.79164,0.0],[119.58785,-3.79151,0.0],[119.58759,-3.79195,0.0],[119.58788,-3.79213,0.0],[119.58738,-3.79299,0.0],[119.58746,-3.79307,0.0],[119.58727,-3.79352,0.0],[119.58744,-3.79362,0.0],[119.58719,-3.79393,0.0],[119.58785,-3.79429,0.0],[119.58799,-3.79376,0.0],[119.58915,-3.7945,0.0],[119.58897,-3.79485,0.0],[119.58886,-3.7948,0.0],[119.58729,-3.79801,0.0],[119.58643,-3.79755,0.0],[119.5861,-3.79843,0.0],[119.58463,-3.79772,0.0],[119.58433,-3.79816,0.0],[119.58393,-3.79798,0.0],[119.5837,-3.7984,0.0],[119.5836,-3.79837,0.0],[119.58331,-3.79907,0.0],[119.58194,-3.79835,0.0],[119.58173,-3.79868,0.0],[119.58299,-3.79924,0.0],[119.58277,-3.79964,0.0],[119.58332,-3.79985,0.0],[119.58344,-3.79958,0.0],[119.58471,-3.80007,0.0],[119.58453,-3.80045,0.0],[119.5853,-3.80085,0.0],[119.5852,-3.80105,0.0],[119.58634,-3.80149,0.0],[119.5864,-3.80145,0.0],[119.58731,-3.80186,0.0],[119.58746,-3.80158,0.0],[119.58787,-3.80183,0.0],[119.58779,-3.80202,0.0],[119.59038,-3.80335,0.0],[119.59218,-3.80446,0.0],[119.59217,-3.80455,0.0],[119.59328,-3.80515,0.0],[119.59357,-3.80477,0.0],[119.59374,-3.80484,0.0],[119.59407,-3.80435,0.0],[119.59515,-3.80489,0.0],[119.59474,-3.80574,0.0],[119.59558,-3.80616,0.0],[119.59564,-3.80603,0.0],[119.59882,-3.80762,0.0],[119.5987,-3.80786,0.0],[119.60041,-3.80872,0.0],[119.60045,-3.80863,0.0],[119.60125,-3.80897,0.0],[119.60148,-3.80846,0.0],[119.60254,-3.80895,0.0],[119.60231,-3.80943,0.0],[119.6024,-3.8095,0.0],[119.60255,-3.8095,0.0],[119.60325,-3.80989,0.0],[119.60347,-3.80953,0.0],[119.60398,-3.80982,0.0],[119.6046,-3.8102,0.0],[119.60436,-3.81056,0.0],[119.60609,-3.81143,0.0],[119.60598,-3.81163,0.0],[119.60616,-3.81171,0.0],[119.60645,-3.81154,0.0],[119.60672,-3.81199,0.0],[119.61906,-3.80544,0.0],[119.61958,-3.80588,0.0],[119.61979,-3.80553,0.0],[119.62168,-3.80634,0.0],[119.62173,-3.80624,0.0],[119.62194,-3.80629,0.0],[119.62318,-3.80683,0.0],[119.62321,-3.80697,0.0],[119.62432,-3.80745,0.0],[119.62455,-3.80696,0.0],[119.62557,-3.80752,0.0],[119.6256,-3.80746,0.0],[119.62792,-3.80851,0.0],[119.62779,-3.80881,0.0],[119.62949,-3.80956,0.0],[119.63035,-3.81007,0.0],[119.63053,-3.80974,0.0],[119.63226,-3.81069,0.0],[119.63305,-3.80905,0.0],[119.63306,-3.80833,0.0],[119.6328,-3.80658,0.0],[119.63234,-3.8052,0.0],[119.6318,-3.80409,0.0],[119.63172,-3.80399,0.0],[119.63063,-3.80344,0.0],[119.62965,-3.80278,0.0],[119.62862,-3.80225,0.0],[119.6264,-3.80077,0.0],[119.62518,-3.79974,0.0],[119.62417,-3.79904,0.0],[119.62335,-3.79861,0.0],[119.62335,-3.79853,0.0],[119.60835,-3.79785,0.0],[119.60799,-3.79771,0.0],[119.60749,-3.79732,0.0],[119.60527,-3.79391,0.0],[119.60498,-3.79362,0.0],[119.60482,-3.79356,0.0],[119.60434,-3.79365,0.0],[119.60412,-3.79357,0.0],[119.60245,-3.79266,0.0]]]},"properties":{"OBJECTID":86238,"NAMOBJ":"Sipatokkong","WADMKD":"Sipatokkong","WADMKC":"Watang Sawitto","KDEPUM":"73.15.04.1007","KDCPUM":"73.15.04","WADMKK":"Pinrang","WADMPR":"Sulawesi Selatan","LUASWH":6.5795633479354247,"TIPADM":2,"Status":"Batas Indikatif"}},{"type":"Feature","id":86260,"geometry":{"type":"Polygon","coordinates":[[[119.67648,-3.75584,0.0],[119.67548,-3.75531,0.0],[119.6757,-3.75443,0.0],[119.67457,-3.75372,0.0],[119.67391,-3.75359,0.0],[119.67381,-3.75429,0.0],[119.6728,-3.75448,0.0],[119.67242,-3.75441,0.0],[119.67219,-3.75482,0.0],[119.67171,-3.75472,0.0],[119.67153,-3.75548,0.0],[119.67054,-3.75532,0.0],[119.67018,-3.75533,0.0],[119.67012,-3.75559,0.0],[119.66999,-3.75556,0.0],[119.66973,-3.75627,0.0],[119.66901,-3.75607,0.0],[119.66874,-3.75645,0.0],[119.66825,-3.75616,0.0],[119.66699,-3.7589,0.0],[119.66664,-3.75886,0.0],[119.6664,-3.75893,0.0],[119.66608,-3.75954,0.0],[119.66639,-3.75966,0.0],[119.66627,-3.75998,0.0],[119.66665,-3.7602,0.0],[119.66667,-3.76061,0.0],[119.6661,-3.76192,0.0],[119.66578,-3.7624,0.0],[119.66549,-3.76231,0.0],[119.66541,-3.76218,0.0],[119.66516,-3.76207,0.0],[119.66483,-3.76214,0.0],[119.66471,-3.76263,0.0],[119.66487,-3.7629,0.0],[119.66478,-3.7631,0.0],[119.66459,-3.76319,0.0],[119.66401,-3.76297,0.0],[119.66368,-3.76302,0.0],[119.66333,-3.7627,0.0],[119.66203,-3.76208,0.0],[119.66207,-3.76187,0.0],[119.65992,-3.76045,0.0],[119.65952,-3.76053,0.0],[119.65916,-3.76072,0.0],[119.65873,-3.76058,0.0],[119.6579,-3.76228,0.0],[119.65762,-3.76243,0.0],[119.65681,-3.7626,0.0],[119.65621,-3.76288,0.0],[119.65565,-3.76304,0.0],[119.65517,-3.7629,0.0],[119.65485,-3.76267,0.0],[119.65453,-3.7627,0.0],[119.65424,-3.7626,0.0],[119.65366,-3.7626,0.0],[119.65332,-3.76275,0.0],[119.65271,-3.76253,0.0],[119.6524,-3.76269,0.0],[119.65182,-3.76268,0.0],[119.6507,-3.76223,0.0],[119.65031,-3.76278,0.0],[119.64777,-3.76539,0.0],[119.64744,-3.76588,0.0],[119.64739,-3.76605,0.0],[119.64759,-3.76803,0.0],[119.64744,-3.76901,0.0],[119.64624,-3.77127,0.0],[119.64598,-3.77246,0.0],[119.6453,-3.77338,0.0],[119.64516,-3.77372,0.0],[119.64511,-3.77414,0.0],[119.64517,-3.7745,0.0],[119.64532,-3.77474,0.0],[119.64619,-3.77555,0.0],[119.64739,-3.77746,0.0],[119.64797,-3.77817,0.0],[119.64918,-3.77936,0.0],[119.6506,-3.7803,0.0],[119.65131,-3.78065,0.0],[119.65157,-3.78093,0.0],[119.65231,-3.78265,0.0],[119.653,-3.78241,0.0],[119.65317,-3.78195,0.0],[119.65403,-3.78225,0.0],[119.65458,-3.78195,0.0],[119.65413,-3.78119,0.0],[119.65402,-3.78046,0.0],[119.65526,-3.78075,0.0],[119.65622,-3.78115,0.0],[119.6581,-3.78172,0.0],[119.65819,-3.78178,0.0],[119.65821,-3.78227,0.0],[119.65861,-3.78233,0.0],[119.65848,-3.78274,0.0],[119.65877,-3.78291,0.0],[119.66364,-3.78458,0.0],[119.66379,-3.78402,0.0],[119.66472,-3.7842,0.0],[119.66473,-3.78373,0.0],[119.66533,-3.7826,0.0],[119.666,-3.77998,0.0],[119.66613,-3.77913,0.0],[119.66646,-3.77801,0.0],[119.66777,-3.77817,0.0],[119.66788,-3.77817,0.0],[119.66795,-3.77801,0.0],[119.66872,-3.77821,0.0],[119.67242,-3.77008,0.0],[119.67236,-3.76949,0.0],[119.67206,-3.76952,0.0],[119.67213,-3.76892,0.0],[119.67159,-3.7689,0.0],[119.67169,-3.76871,0.0],[119.6716,-3.76834,0.0],[119.67162,-3.76755,0.0],[119.67183,-3.76533,0.0],[119.67202,-3.76487,0.0],[119.67213,-3.76479,0.0],[119.67253,-3.76474,0.0],[119.67246,-3.76389,0.0],[119.67202,-3.76335,0.0],[119.67213,-3.76291,0.0],[119.67269,-3.76302,0.0],[119.67265,-3.76267,0.0],[119.67271,-3.76233,0.0],[119.67383,-3.76272,0.0],[119.67401,-3.76228,0.0],[119.67433,-3.76235,0.0],[119.6744,-3.76178,0.0],[119.67516,-3.75829,0.0],[119.67544,-3.75756,0.0],[119.67578,-3.75762,0.0],[119.67612,-3.75697,0.0],[119.67648,-3.75584,0.0]]]},"properties":{"OBJECTID":86260,"NAMOBJ":"Temmassarangnge","WADMKD":"Temmassarangnge","WADMKC":"Paleteang","KDEPUM":"73.15.11.1003","KDCPUM":"73.15.11","WADMKK":"Pinrang","WADMPR":"Sulawesi Selatan","LUASWH":6.3010580651788102,"TIPADM":2,"Status":"Batas Indikatif"}},{"type":"Feature","id":86270,"geometry":{"type":"Polygon","coordinates":[[[119.6368,-3.46721,0.0],[119.63364,-3.46535,0.0],[119.63115,-3.46459,0.0],[119.63075,-3.46409,0.0],[119.63078,-3.46327,0.0],[119.63052,-3.46245,0.0],[119.63012,-3.46244,0.0],[119.62979,-3.46271,0.0],[119.6283,-3.46437,0.0],[119.62773,-3.46551,0.0],[119.62607,-3.46711,0.0],[119.62518,-3.46828,0.0],[119.62457,-3.46936,0.0],[119.6236,-3.47211,0.0],[119.62292,-3.47689,0.0],[119.62248,-3.48187,0.0],[119.62136,-3.48498,0.0],[119.62116,-3.4875,0.0],[119.62133,-3.48796,0.0],[119.62135,-3.48999,0.0],[119.6215,-3.49104,0.0],[119.62143,-3.49194,0.0],[119.62125,-3.4926,0.0],[119.62065,-3.49347,0.0],[119.619,-3.49704,0.0],[119.61993,-3.49775,0.0],[119.62274,-3.50027,0.0],[119.62416,-3.50179,0.0],[119.62531,-3.50241,0.0],[119.62892,-3.50541,0.0],[119.62978,-3.50646,0.0],[119.6325,-3.50258,0.0],[119.63396,-3.50029,0.0],[119.63852,-3.49411,0.0],[119.63995,-3.49314,0.0],[119.64079,-3.49321,0.0],[119.6416,-3.49362,0.0],[119.64291,-3.49474,0.0],[119.64455,-3.49592,0.0],[119.6455,-3.49671,0.0],[119.64819,-3.49844,0.0],[119.64853,-3.49906,0.0],[119.64981,-3.49997,0.0],[119.65065,-3.5004,0.0],[119.6512,-3.50038,0.0],[119.65156,-3.50085,0.0],[119.65193,-3.50157,0.0],[119.65237,-3.50167,0.0],[119.65257,-3.50124,0.0],[119.65293,-3.50087,0.0],[119.6536,-3.5011,0.0],[119.65448,-3.50166,0.0],[119.65561,-3.50207,0.0],[119.65619,-3.50267,0.0],[119.65712,-3.50342,0.0],[119.6578,-3.50421,0.0],[119.65837,-3.50449,0.0],[119.65837,-3.50423,0.0],[119.65852,-3.50393,0.0],[119.65892,-3.50361,0.0],[119.65928,-3.50345,0.0],[119.66008,-3.5026,0.0],[119.66044,-3.50241,0.0],[119.66166,-3.50322,0.0],[119.66433,-3.5037,0.0],[119.66668,-3.50385,0.0],[119.66921,-3.50383,0.0],[119.67011,-3.5039,0.0],[119.67531,-3.50464,0.0],[119.67473,-3.50077,0.0],[119.67367,-3.49823,0.0],[119.67318,-3.49677,0.0],[119.67337,-3.4952,0.0],[119.67338,-3.49424,0.0],[119.67274,-3.49326,0.0],[119.67155,-3.49192,0.0],[119.67124,-3.49085,0.0],[119.67096,-3.49092,0.0],[119.66945,-3.49018,0.0],[119.66811,-3.48871,0.0],[119.66782,-3.48868,0.0],[119.66707,-3.48922,0.0],[119.66584,-3.48958,0.0],[119.66535,-3.49014,0.0],[119.66452,-3.49044,0.0],[119.66407,-3.49051,0.0],[119.66375,-3.49007,0.0],[119.6631,-3.4887,0.0],[119.66281,-3.48841,0.0],[119.66255,-3.4884,0.0],[119.66208,-3.48857,0.0],[119.66123,-3.4898,0.0],[119.66091,-3.48995,0.0],[119.66037,-3.48988,0.0],[119.6601,-3.4897,0.0],[119.65983,-3.48905,0.0],[119.6598,-3.48872,0.0],[119.6592,-3.48821,0.0],[119.6592,-3.48774,0.0],[119.65907,-3.4876,0.0],[119.65836,-3.48758,0.0],[119.65796,-3.48725,0.0],[119.65781,-3.48687,0.0],[119.65783,-3.48651,0.0],[119.6581,-3.48607,0.0],[119.65891,-3.48418,0.0],[119.65897,-3.4839,0.0],[119.6585,-3.48358,0.0],[119.65809,-3.48358,0.0],[119.65762,-3.48317,0.0],[119.65722,-3.483,0.0],[119.65689,-3.48267,0.0],[119.65679,-3.48241,0.0],[119.6569,-3.48193,0.0],[119.65692,-3.48124,0.0],[119.65677,-3.481,0.0],[119.65659,-3.4809,0.0],[119.65546,-3.48094,0.0],[119.65465,-3.48087,0.0],[119.65403,-3.48059,0.0],[119.6532,-3.48054,0.0],[119.65158,-3.47993,0.0],[119.64804,-3.47977,0.0],[119.64726,-3.47953,0.0],[119.64645,-3.47874,0.0],[119.64628,-3.47849,0.0],[119.64612,-3.4777,0.0],[119.64598,-3.4774,0.0],[119.64535,-3.47712,0.0],[119.64478,-3.47735,0.0],[119.64425,-3.47745,0.0],[119.64355,-3.47717,0.0],[119.64301,-3.47683,0.0],[119.64275,-3.47645,0.0],[119.64262,-3.47538,0.0],[119.64234,-3.4748,0.0],[119.64218,-3.47428,0.0],[119.6425,-3.47242,0.0],[119.64262,-3.47088,0.0],[119.64255,-3.47056,0.0],[119.64228,-3.47009,0.0],[119.64194,-3.46978,0.0],[119.63961,-3.46851,0.0],[119.6368,-3.46721,0.0]]]},"properties":{"OBJECTID":86270,"NAMOBJ":"Kariango","WADMKD":"Kariango","WADMKC":"Lembang","KDEPUM":"73.15.07.2009","KDCPUM":"73.15.07","WADMKK":"Pinrang","WADMPR":"Sulawesi Selatan","LUASWH":14.88094419307987,"TIPADM":1,"Status":"Batas Indikatif"}},{"type":"Feature","id":86272,"geometry":{"type":"MultiPolygon","coordinates":[[[[119.58695,-3.97514,0.0],[119.58683,-3.97513,0.0],[119.58679,-3.97521,0.0],[119.58708,-3.9752,0.0],[119.58695,-3.97514,0.0]]],[[[119.5867,-3.97526,0.0],[119.58672,-3.97512,0.0],[119.58657,-3.97507,0.0],[119.58651,-3.97519,0.0],[119.5867,-3.97526,0.0]]],[[[119.57361,-3.93425,0.0],[119.57321,-3.93424,0.0],[119.57182,-3.93386,0.0],[119.57151,-3.93454,0.0],[119.5714,-3.9346,0.0],[119.56979,-3.93466,0.0],[119.56783,-3.9346,0.0],[119.56781,-3.93494,0.0],[119.56682,-3.93486,0.0],[119.56674,-3.93527,0.0],[119.56617,-3.93519,0.0],[119.5661,-3.93624,0.0],[119.5656,-3.9362,0.0],[119.5656,-3.93627,0.0],[119.56428,-3.93593,0.0],[119.56423,-3.93637,0.0],[119.56435,-3.93643,0.0],[119.56436,-3.93675,0.0],[119.56394,-3.93685,0.0],[119.56315,-3.93731,0.0],[119.56339,-3.93769,0.0],[119.56377,-3.93862,0.0],[119.56412,-3.93902,0.0],[119.56417,-3.93926,0.0],[119.56459,-3.94,0.0],[119.56521,-3.94073,0.0],[119.56785,-3.94509,0.0],[119.56851,-3.94571,0.0],[119.56865,-3.94597,0.0],[119.57048,-3.94787,0.0],[119.57113,-3.94928,0.0],[119.57127,-3.94944,0.0],[119.57122,-3.94954,0.0],[119.57159,-3.95062,0.0],[119.57197,-3.95222,0.0],[119.57257,-3.95521,0.0],[119.57304,-3.95815,0.0],[119.57315,-3.95833,0.0],[119.57335,-3.9597,0.0],[119.5739,-3.96204,0.0],[119.57448,-3.96588,0.0],[119.57542,-3.97111,0.0],[119.57599,-3.97324,0.0],[119.57646,-3.97571,0.0],[119.5777,-3.98024,0.0],[119.57908,-3.98005,0.0],[119.57932,-3.98016,0.0],[119.58288,-3.98034,0.0],[119.58296,-3.97911,0.0],[119.58345,-3.97871,0.0],[119.58447,-3.97886,0.0],[119.58527,-3.97932,0.0],[119.5856,-3.97907,0.0],[119.58552,-3.97905,0.0],[119.58567,-3.9789,0.0],[119.58582,-3.97896,0.0],[119.58601,-3.97886,0.0],[119.58623,-3.97538,0.0],[119.58615,-3.97533,0.0],[119.58614,-3.97521,0.0],[119.5863,-3.97523,0.0],[119.58638,-3.97488,0.0],[119.58608,-3.97319,0.0],[119.58573,-3.97219,0.0],[119.58581,-3.97126,0.0],[119.58571,-3.97076,0.0],[119.585,-3.97048,0.0],[119.58498,-3.97038,0.0],[119.58521,-3.96755,0.0],[119.58595,-3.96597,0.0],[119.58517,-3.96571,0.0],[119.58505,-3.96524,0.0],[119.58444,-3.96521,0.0],[119.58363,-3.96485,0.0],[119.58303,-3.96491,0.0],[119.58286,-3.9653,0.0],[119.58187,-3.96497,0.0],[119.5817,-3.96534,0.0],[119.58033,-3.96494,0.0],[119.5803,-3.96511,0.0],[119.57905,-3.96501,0.0],[119.57897,-3.96429,0.0],[119.57869,-3.96348,0.0],[119.57891,-3.96233,0.0],[119.57854,-3.96195,0.0],[119.57822,-3.96183,0.0],[119.57811,-3.96148,0.0],[119.57792,-3.96143,0.0],[119.57792,-3.96111,0.0],[119.57748,-3.96107,0.0],[119.57743,-3.96077,0.0],[119.57773,-3.96081,0.0],[119.57774,-3.96051,0.0],[119.57805,-3.9605,0.0],[119.57783,-3.9601,0.0],[119.57803,-3.96008,0.0],[119.5778,-3.95935,0.0],[119.57781,-3.9588,0.0],[119.57825,-3.9588,0.0],[119.57825,-3.95859,0.0],[119.57804,-3.95859,0.0],[119.57802,-3.95754,0.0],[119.57827,-3.95753,0.0],[119.57852,-3.95648,0.0],[119.57886,-3.95649,0.0],[119.57877,-3.95611,0.0],[119.57835,-3.95608,0.0],[119.57831,-3.95562,0.0],[119.57859,-3.95561,0.0],[119.57851,-3.95504,0.0],[119.57862,-3.95506,0.0],[119.5787,-3.95454,0.0],[119.57897,-3.95453,0.0],[119.57914,-3.95362,0.0],[119.57879,-3.95343,0.0],[119.57883,-3.95328,0.0],[119.57854,-3.95323,0.0],[119.57878,-3.9523,0.0],[119.57925,-3.95116,0.0],[119.57944,-3.95109,0.0],[119.57955,-3.95029,0.0],[119.57986,-3.95029,0.0],[119.57977,-3.95081,0.0],[119.58041,-3.95082,0.0],[119.58041,-3.95029,0.0],[119.58101,-3.95035,0.0],[119.58105,-3.95062,0.0],[119.58173,-3.95058,0.0],[119.58179,-3.95152,0.0],[119.58198,-3.95149,0.0],[119.5822,-3.95118,0.0],[119.58272,-3.95091,0.0],[119.58226,-3.95013,0.0],[119.58089,-3.94676,0.0],[119.58077,-3.94586,0.0],[119.58051,-3.94526,0.0],[119.58046,-3.94392,0.0],[119.58031,-3.9434,0.0],[119.57802,-3.94165,0.0],[119.57728,-3.94144,0.0],[119.57547,-3.94003,0.0],[119.57518,-3.93964,0.0],[119.57444,-3.93847,0.0],[119.57418,-3.93789,0.0],[119.57362,-3.93572,0.0],[119.57361,-3.93425,0.0]]]]},"properties":{"OBJECTID":86272,"NAMOBJ":"Tasiwalie","WADMKD":"Tasiwalie","WADMKC":"Suppa","KDEPUM":"73.15.02.2006","KDCPUM":"73.15.02","WADMKK":"Pinrang","WADMPR":"Sulawesi Selatan","LUASWH":4.9568949582570578,"TIPADM":1,"Status":"Batas Indikatif"}},{"type":"Feature","id":86294,"geometry":{"type":"Polygon","coordinates":[[[119.67054,-3.75532,0.0],[119.67059,-3.75477,0.0],[119.67052,-3.75386,0.0],[119.67031,-3.75351,0.0],[119.67054,-3.75291,0.0],[119.66991,-3.75264,0.0],[119.66888,-3.75236,0.0],[119.66885,-3.75151,0.0],[119.66894,-3.75048,0.0],[119.67003,-3.75058,0.0],[119.67067,-3.7509,0.0],[119.67098,-3.75014,0.0],[119.67132,-3.74971,0.0],[119.67143,-3.74878,0.0],[119.67136,-3.74788,0.0],[119.67037,-3.74776,0.0],[119.67019,-3.74797,0.0],[119.66992,-3.74795,0.0],[119.66974,-3.74819,0.0],[119.66899,-3.74792,0.0],[119.66798,-3.74968,0.0],[119.66684,-3.74945,0.0],[119.66615,-3.74922,0.0],[119.66592,-3.74955,0.0],[119.66424,-3.7489,0.0],[119.66404,-3.74914,0.0],[119.66312,-3.74864,0.0],[119.66223,-3.74838,0.0],[119.66209,-3.74846,0.0],[119.66163,-3.7491,0.0],[119.66009,-3.74857,0.0],[119.65852,-3.74823,0.0],[119.65734,-3.74827,0.0],[119.65674,-3.74852,0.0],[119.65649,-3.74817,0.0],[119.65623,-3.74858,0.0],[119.65491,-3.7477,0.0],[119.65441,-3.74851,0.0],[119.65376,-3.74811,0.0],[119.65348,-3.74859,0.0],[119.65283,-3.74837,0.0],[119.65293,-3.74779,0.0],[119.6519,-3.7472,0.0],[119.65181,-3.74729,0.0],[119.65136,-3.74738,0.0],[119.65085,-3.74733,0.0],[119.65036,-3.74753,0.0],[119.64826,-3.74763,0.0],[119.64671,-3.74796,0.0],[119.64628,-3.74827,0.0],[119.6443,-3.74779,0.0],[119.64136,-3.74739,0.0],[119.64046,-3.74732,0.0],[119.64037,-3.74774,0.0],[119.63973,-3.74775,0.0],[119.63882,-3.74762,0.0],[119.63839,-3.74748,0.0],[119.63794,-3.74751,0.0],[119.63714,-3.74806,0.0],[119.63683,-3.74839,0.0],[119.63628,-3.74957,0.0],[119.63602,-3.74947,0.0],[119.63572,-3.74996,0.0],[119.63542,-3.74982,0.0],[119.6352,-3.75036,0.0],[119.63545,-3.75054,0.0],[119.63487,-3.75205,0.0],[119.63462,-3.75242,0.0],[119.63402,-3.75223,0.0],[119.63389,-3.75265,0.0],[119.63377,-3.75262,0.0],[119.63357,-3.75314,0.0],[119.63321,-3.75322,0.0],[119.63269,-3.75354,0.0],[119.6331,-3.75423,0.0],[119.63276,-3.75446,0.0],[119.63258,-3.75472,0.0],[119.63282,-3.75487,0.0],[119.63288,-3.75503,0.0],[119.6322,-3.75637,0.0],[119.63204,-3.7569,0.0],[119.63124,-3.75868,0.0],[119.63114,-3.75895,0.0],[119.63123,-3.75903,0.0],[119.63034,-3.76076,0.0],[119.63105,-3.76105,0.0],[119.63086,-3.76146,0.0],[119.63066,-3.76141,0.0],[119.63004,-3.76303,0.0],[119.62927,-3.76288,0.0],[119.62904,-3.76337,0.0],[119.63261,-3.76442,0.0],[119.63552,-3.76551,0.0],[119.63654,-3.76631,0.0],[119.6361,-3.76695,0.0],[119.63605,-3.76718,0.0],[119.63467,-3.76855,0.0],[119.63588,-3.76948,0.0],[119.63615,-3.76921,0.0],[119.63648,-3.76943,0.0],[119.63655,-3.76934,0.0],[119.63736,-3.76983,0.0],[119.63701,-3.77068,0.0],[119.63651,-3.77109,0.0],[119.6361,-3.77175,0.0],[119.63779,-3.77277,0.0],[119.63755,-3.77313,0.0],[119.63858,-3.77364,0.0],[119.63866,-3.77352,0.0],[119.63938,-3.77378,0.0],[119.63853,-3.77518,0.0],[119.63964,-3.7756,0.0],[119.63974,-3.77572,0.0],[119.63955,-3.77636,0.0],[119.63948,-3.77636,0.0],[119.63934,-3.77697,0.0],[119.63999,-3.77717,0.0],[119.64082,-3.77756,0.0],[119.64175,-3.77692,0.0],[119.64212,-3.77528,0.0],[119.64343,-3.77549,0.0],[119.64511,-3.77414,0.0],[119.64516,-3.77372,0.0],[119.6453,-3.77338,0.0],[119.64598,-3.77246,0.0],[119.64624,-3.77127,0.0],[119.64744,-3.76901,0.0],[119.64759,-3.76803,0.0],[119.64739,-3.76605,0.0],[119.64744,-3.76588,0.0],[119.64777,-3.76539,0.0],[119.65031,-3.76278,0.0],[119.6507,-3.76223,0.0],[119.65182,-3.76268,0.0],[119.6524,-3.76269,0.0],[119.65271,-3.76253,0.0],[119.65332,-3.76275,0.0],[119.65366,-3.7626,0.0],[119.65424,-3.7626,0.0],[119.65453,-3.7627,0.0],[119.65485,-3.76267,0.0],[119.65517,-3.7629,0.0],[119.65565,-3.76304,0.0],[119.65621,-3.76288,0.0],[119.65681,-3.7626,0.0],[119.65762,-3.76243,0.0],[119.6579,-3.76228,0.0],[119.65873,-3.76058,0.0],[119.65916,-3.76072,0.0],[119.65952,-3.76053,0.0],[119.65992,-3.76045,0.0],[119.66207,-3.76187,0.0],[119.66203,-3.76208,0.0],[119.66333,-3.7627,0.0],[119.66356,-3.76296,0.0],[119.66368,-3.76302,0.0],[119.66401,-3.76297,0.0],[119.66459,-3.76319,0.0],[119.6647,-3.76315,0.0],[119.66487,-3.7629,0.0],[119.66471,-3.76263,0.0],[119.66483,-3.76214,0.0],[119.66516,-3.76207,0.0],[119.66541,-3.76218,0.0],[119.66549,-3.76231,0.0],[119.66578,-3.7624,0.0],[119.6661,-3.76192,0.0],[119.66667,-3.76061,0.0],[119.66665,-3.7602,0.0],[119.66627,-3.75998,0.0],[119.66639,-3.75966,0.0],[119.66608,-3.75954,0.0],[119.6664,-3.75893,0.0],[119.66664,-3.75886,0.0],[119.66699,-3.7589,0.0],[119.66825,-3.75616,0.0],[119.66874,-3.75645,0.0],[119.66901,-3.75607,0.0],[119.66973,-3.75627,0.0],[119.66999,-3.75556,0.0],[119.67012,-3.75559,0.0],[119.67018,-3.75533,0.0],[119.67054,-3.75532,0.0]]]},"properties":{"OBJECTID":86294,"NAMOBJ":"Macinnae","WADMKD":"Macinnae","WADMKC":"Paleteang","KDEPUM":"73.15.11.1002","KDCPUM":"73.15.11","WADMKK":"Pinrang","WADMPR":"Sulawesi Selatan","LUASWH":8.1144309596098712,"TIPADM":2,"Status":"Batas Indikatif"}},{"type":"Feature","id":86310,"geometry":{"type":"Polygon","coordinates":[[[119.64212,-3.93843,0.0],[119.6423,-3.93689,0.0],[119.6426,-3.93565,0.0],[119.64282,-3.93508,0.0],[119.64282,-3.93467,0.0],[119.64271,-3.93451,0.0],[119.6418,-3.93489,0.0],[119.63946,-3.93349,0.0],[119.63934,-3.93211,0.0],[119.6391,-3.932,0.0],[119.63817,-3.9316,0.0],[119.63682,-3.93135,0.0],[119.6366,-3.9314,0.0],[119.63631,-3.93176,0.0],[119.63587,-3.93175,0.0],[119.63563,-3.93131,0.0],[119.63528,-3.93106,0.0],[119.63484,-3.93108,0.0],[119.63403,-3.9307,0.0],[119.63327,-3.93045,0.0],[119.63305,-3.93021,0.0],[119.63232,-3.92836,0.0],[119.63141,-3.92806,0.0],[119.62993,-3.92833,0.0],[119.62943,-3.92799,0.0],[119.62832,-3.92808,0.0],[119.62764,-3.92773,0.0],[119.62725,-3.92727,0.0],[119.62671,-3.92633,0.0],[119.62619,-3.92597,0.0],[119.62595,-3.92564,0.0],[119.62543,-3.92564,0.0],[119.62523,-3.92553,0.0],[119.62475,-3.92499,0.0],[119.62406,-3.9247,0.0],[119.6237,-3.92409,0.0],[119.62352,-3.92294,0.0],[119.62291,-3.92184,0.0],[119.62246,-3.92139,0.0],[119.62124,-3.92071,0.0],[119.62054,-3.92005,0.0],[119.62008,-3.91981,0.0],[119.61969,-3.92003,0.0],[119.61925,-3.92015,0.0],[119.61842,-3.92018,0.0],[119.61791,-3.92033,0.0],[119.61699,-3.92024,0.0],[119.6162,-3.92043,0.0],[119.61514,-3.92053,0.0],[119.61495,-3.92048,0.0],[119.61487,-3.92032,0.0],[119.61467,-3.92027,0.0],[119.61434,-3.92035,0.0],[119.6141,-3.92018,0.0],[119.61368,-3.92065,0.0],[119.61356,-3.92131,0.0],[119.6131,-3.92176,0.0],[119.61283,-3.92217,0.0],[119.61176,-3.92172,0.0],[119.61151,-3.92209,0.0],[119.6114,-3.92219,0.0],[119.61123,-3.92218,0.0],[119.61106,-3.92249,0.0],[119.61083,-3.92263,0.0],[119.61007,-3.92445,0.0],[119.60994,-3.92546,0.0],[119.61022,-3.92576,0.0],[119.60985,-3.92655,0.0],[119.60942,-3.92703,0.0],[119.60895,-3.92699,0.0],[119.60869,-3.92783,0.0],[119.60814,-3.92783,0.0],[119.60476,-3.92869,0.0],[119.60443,-3.92893,0.0],[119.60433,-3.92912,0.0],[119.60287,-3.9284,0.0],[119.60278,-3.92859,0.0],[119.60271,-3.92855,0.0],[119.60256,-3.92879,0.0],[119.6021,-3.92914,0.0],[119.60188,-3.93008,0.0],[119.6014,-3.9305,0.0],[119.60082,-3.93119,0.0],[119.60069,-3.93211,0.0],[119.60095,-3.93215,0.0],[119.60099,-3.93247,0.0],[119.6013,-3.93254,0.0],[119.60126,-3.93268,0.0],[119.60253,-3.93302,0.0],[119.6024,-3.93332,0.0],[119.60242,-3.93352,0.0],[119.60268,-3.93372,0.0],[119.60244,-3.93447,0.0],[119.60309,-3.93481,0.0],[119.60279,-3.93554,0.0],[119.60297,-3.93572,0.0],[119.60228,-3.93766,0.0],[119.60196,-3.93829,0.0],[119.60197,-3.93846,0.0],[119.60212,-3.93864,0.0],[119.60213,-3.93877,0.0],[119.60177,-3.94013,0.0],[119.60082,-3.94251,0.0],[119.60581,-3.94445,0.0],[119.6057,-3.94502,0.0],[119.60541,-3.94572,0.0],[119.60548,-3.94588,0.0],[119.6054,-3.94717,0.0],[119.60571,-3.94763,0.0],[119.60665,-3.948,0.0],[119.6058,-3.95053,0.0],[119.60676,-3.95076,0.0],[119.60811,-3.95077,0.0],[119.60844,-3.95087,0.0],[119.60913,-3.95116,0.0],[119.60964,-3.95191,0.0],[119.60978,-3.95198,0.0],[119.61074,-3.95225,0.0],[119.61098,-3.95244,0.0],[119.61159,-3.95211,0.0],[119.61191,-3.95228,0.0],[119.61235,-3.95229,0.0],[119.61241,-3.95265,0.0],[119.61259,-3.95288,0.0],[119.61338,-3.95322,0.0],[119.61385,-3.95321,0.0],[119.614,-3.95313,0.0],[119.61467,-3.95191,0.0],[119.61591,-3.95171,0.0],[119.61604,-3.9511,0.0],[119.61716,-3.95114,0.0],[119.6178,-3.95149,0.0],[119.61805,-3.95146,0.0],[119.61886,-3.95162,0.0],[119.61984,-3.95192,0.0],[119.61992,-3.952,0.0],[119.61998,-3.95257,0.0],[119.62008,-3.95266,0.0],[119.62059,-3.95266,0.0],[119.62083,-3.95255,0.0],[119.62108,-3.95233,0.0],[119.6211,-3.95198,0.0],[119.62362,-3.95176,0.0],[119.62384,-3.95134,0.0],[119.62427,-3.95125,0.0],[119.62444,-3.95097,0.0],[119.62554,-3.95055,0.0],[119.62566,-3.95021,0.0],[119.62567,-3.9498,0.0],[119.62586,-3.94952,0.0],[119.62607,-3.94938,0.0],[119.62752,-3.94877,0.0],[119.62813,-3.94826,0.0],[119.62903,-3.94766,0.0],[119.6296,-3.94733,0.0],[119.63024,-3.94708,0.0],[119.63433,-3.94452,0.0],[119.63563,-3.94382,0.0],[119.63724,-3.94237,0.0],[119.63736,-3.94166,0.0],[119.63792,-3.94151,0.0],[119.64007,-3.94,0.0],[119.6415,-3.93919,0.0],[119.64185,-3.93894,0.0],[119.64212,-3.93843,0.0]]]},"properties":{"OBJECTID":86310,"NAMOBJ":"Watang Pulu","WADMKD":"Watang Pulu","WADMKC":"Suppa","KDEPUM":"73.15.02.2004","KDCPUM":"73.15.02","WADMKK":"Pinrang","WADMPR":"Sulawesi Selatan","LUASWH":10.648851537393911,"TIPADM":1,"Status":"Batas Indikatif"}},{"type":"Feature","id":86313,"geometry":{"type":"Polygon","coordinates":[[[119.67531,-3.50464,0.0],[119.67011,-3.5039,0.0],[119.66921,-3.50383,0.0],[119.66668,-3.50385,0.0],[119.66433,-3.5037,0.0],[119.66166,-3.50322,0.0],[119.66044,-3.50241,0.0],[119.66008,-3.5026,0.0],[119.65928,-3.50345,0.0],[119.65892,-3.50361,0.0],[119.65852,-3.50393,0.0],[119.65837,-3.50423,0.0],[119.65837,-3.50449,0.0],[119.6578,-3.50421,0.0],[119.65712,-3.50342,0.0],[119.65619,-3.50267,0.0],[119.65561,-3.50207,0.0],[119.65448,-3.50166,0.0],[119.6536,-3.5011,0.0],[119.65293,-3.50087,0.0],[119.65257,-3.50124,0.0],[119.65237,-3.50167,0.0],[119.65193,-3.50157,0.0],[119.65156,-3.50085,0.0],[119.6512,-3.50038,0.0],[119.65065,-3.5004,0.0],[119.64981,-3.49997,0.0],[119.64853,-3.49906,0.0],[119.64819,-3.49844,0.0],[119.6455,-3.49671,0.0],[119.64455,-3.49592,0.0],[119.64291,-3.49474,0.0],[119.6416,-3.49362,0.0],[119.64079,-3.49321,0.0],[119.63995,-3.49314,0.0],[119.63852,-3.49411,0.0],[119.63396,-3.50029,0.0],[119.6325,-3.50258,0.0],[119.62978,-3.50646,0.0],[119.62751,-3.51142,0.0],[119.62611,-3.51474,0.0],[119.62499,-3.51746,0.0],[119.62433,-3.52195,0.0],[119.62393,-3.52338,0.0],[119.62396,-3.52472,0.0],[119.62389,-3.52547,0.0],[119.62352,-3.52587,0.0],[119.62315,-3.52591,0.0],[119.62301,-3.52603,0.0],[119.62295,-3.52631,0.0],[119.62311,-3.527,0.0],[119.62324,-3.52821,0.0],[119.62338,-3.53041,0.0],[119.62335,-3.53212,0.0],[119.62315,-3.5334,0.0],[119.62463,-3.53525,0.0],[119.62776,-3.53813,0.0],[119.631,-3.5404,0.0],[119.63596,-3.54361,0.0],[119.63679,-3.54402,0.0],[119.63945,-3.54465,0.0],[119.64257,-3.54457,0.0],[119.64938,-3.54328,0.0],[119.65052,-3.54253,0.0],[119.65155,-3.54143,0.0],[119.65191,-3.54147,0.0],[119.65222,-3.54183,0.0],[119.65232,-3.54232,0.0],[119.65215,-3.54281,0.0],[119.65237,-3.54327,0.0],[119.65316,-3.54328,0.0],[119.65348,-3.54358,0.0],[119.65369,-3.54362,0.0],[119.6539,-3.54356,0.0],[119.65437,-3.54322,0.0],[119.65452,-3.54334,0.0],[119.65459,-3.54364,0.0],[119.65456,-3.54389,0.0],[119.65467,-3.544,0.0],[119.65498,-3.54398,0.0],[119.65535,-3.54433,0.0],[119.65586,-3.54448,0.0],[119.65633,-3.54426,0.0],[119.65754,-3.54477,0.0],[119.6582,-3.54488,0.0],[119.65935,-3.54483,0.0],[119.66007,-3.54492,0.0],[119.66046,-3.54507,0.0],[119.66128,-3.54601,0.0],[119.66173,-3.54636,0.0],[119.66243,-3.54629,0.0],[119.6632,-3.54632,0.0],[119.66629,-3.54715,0.0],[119.66654,-3.54635,0.0],[119.66835,-3.54459,0.0],[119.66954,-3.54288,0.0],[119.67021,-3.54107,0.0],[119.6703,-3.54012,0.0],[119.66982,-3.53921,0.0],[119.6694,-3.53802,0.0],[119.6693,-3.53612,0.0],[119.66935,-3.53383,0.0],[119.66854,-3.53003,0.0],[119.66844,-3.52589,0.0],[119.66868,-3.52403,0.0],[119.66954,-3.52198,0.0],[119.67144,-3.51922,0.0],[119.67302,-3.51745,0.0],[119.67394,-3.51555,0.0],[119.67563,-3.5126,0.0],[119.67757,-3.50691,0.0],[119.67633,-3.50596,0.0],[119.67531,-3.50464,0.0]]]},"properties":{"OBJECTID":86313,"NAMOBJ":"Letta","WADMKD":"Letta","WADMKC":"Lembang","KDEPUM":"73.15.07.2005","KDCPUM":"73.15.07","WADMKK":"Pinrang","WADMPR":"Sulawesi Selatan","LUASWH":24.144735461820517,"TIPADM":1,"Status":"Batas Indikatif"}},{"type":"Feature","id":86330,"geometry":{"type":"Polygon","coordinates":[[[119.53985,-3.5744,0.0],[119.53938,-3.57435,0.0],[119.53887,-3.57465,0.0],[119.53841,-3.57458,0.0],[119.53711,-3.57467,0.0],[119.53027,-3.57469,0.0],[119.52968,-3.57444,0.0],[119.5294,-3.5741,0.0],[119.52915,-3.5749,0.0],[119.52838,-3.57478,0.0],[119.52834,-3.57508,0.0],[119.52895,-3.57516,0.0],[119.52874,-3.57752,0.0],[119.52833,-3.57744,0.0],[119.52798,-3.579,0.0],[119.52765,-3.57886,0.0],[119.52751,-3.57992,0.0],[119.5263,-3.5828,0.0],[119.52738,-3.58325,0.0],[119.5288,-3.584,0.0],[119.53245,-3.58484,0.0],[119.53638,-3.58637,0.0],[119.53601,-3.58694,0.0],[119.53574,-3.58684,0.0],[119.53559,-3.58714,0.0],[119.53529,-3.58708,0.0],[119.53497,-3.58762,0.0],[119.53399,-3.58843,0.0],[119.53409,-3.58882,0.0],[119.53463,-3.58862,0.0],[119.53516,-3.58903,0.0],[119.53488,-3.58965,0.0],[119.53449,-3.59283,0.0],[119.53358,-3.59287,0.0],[119.53351,-3.59598,0.0],[119.5344,-3.59565,0.0],[119.53528,-3.59565,0.0],[119.53651,-3.59587,0.0],[119.53743,-3.59524,0.0],[119.53795,-3.59499,0.0],[119.53824,-3.59495,0.0],[119.53865,-3.59514,0.0],[119.53903,-3.59593,0.0],[119.5397,-3.59613,0.0],[119.54008,-3.59637,0.0],[119.54052,-3.59636,0.0],[119.5408,-3.59627,0.0],[119.54272,-3.59608,0.0],[119.54272,-3.59576,0.0],[119.54393,-3.59562,0.0],[119.54395,-3.59593,0.0],[119.54437,-3.59592,0.0],[119.54457,-3.59583,0.0],[119.54466,-3.59566,0.0],[119.54445,-3.59538,0.0],[119.54469,-3.59494,0.0],[119.5452,-3.59519,0.0],[119.54544,-3.59486,0.0],[119.54553,-3.59486,0.0],[119.54566,-3.59503,0.0],[119.54567,-3.59525,0.0],[119.54554,-3.59543,0.0],[119.54557,-3.59563,0.0],[119.54575,-3.59582,0.0],[119.54624,-3.5959,0.0],[119.54639,-3.59604,0.0],[119.5466,-3.59603,0.0],[119.54667,-3.59598,0.0],[119.54651,-3.59497,0.0],[119.54629,-3.59468,0.0],[119.54633,-3.59414,0.0],[119.54616,-3.59398,0.0],[119.54591,-3.59334,0.0],[119.54605,-3.5927,0.0],[119.54642,-3.59217,0.0],[119.54696,-3.59097,0.0],[119.54722,-3.59083,0.0],[119.5475,-3.5909,0.0],[119.54768,-3.59083,0.0],[119.54781,-3.59067,0.0],[119.54806,-3.59066,0.0],[119.54854,-3.59094,0.0],[119.54889,-3.5906,0.0],[119.54904,-3.59056,0.0],[119.54978,-3.59084,0.0],[119.55029,-3.59067,0.0],[119.5508,-3.59082,0.0],[119.55264,-3.59097,0.0],[119.55325,-3.59087,0.0],[119.55337,-3.59056,0.0],[119.55333,-3.59035,0.0],[119.55298,-3.59041,0.0],[119.55293,-3.59002,0.0],[119.55302,-3.58976,0.0],[119.55336,-3.5893,0.0],[119.55374,-3.58914,0.0],[119.55395,-3.59001,0.0],[119.5546,-3.59001,0.0],[119.55466,-3.59033,0.0],[119.555,-3.59038,0.0],[119.55533,-3.59034,0.0],[119.55551,-3.59015,0.0],[119.55575,-3.58932,0.0],[119.55511,-3.58787,0.0],[119.55434,-3.58659,0.0],[119.55429,-3.58583,0.0],[119.55395,-3.5845,0.0],[119.5532,-3.58298,0.0],[119.55172,-3.58049,0.0],[119.55132,-3.58016,0.0],[119.55016,-3.58008,0.0],[119.54931,-3.57981,0.0],[119.54923,-3.57939,0.0],[119.54871,-3.57879,0.0],[119.54853,-3.57831,0.0],[119.54876,-3.57791,0.0],[119.54883,-3.57711,0.0],[119.5479,-3.57645,0.0],[119.54753,-3.57665,0.0],[119.54694,-3.57667,0.0],[119.54653,-3.57683,0.0],[119.54613,-3.57657,0.0],[119.54581,-3.57652,0.0],[119.54563,-3.57616,0.0],[119.54563,-3.57586,0.0],[119.54522,-3.57559,0.0],[119.54477,-3.57552,0.0],[119.54443,-3.57569,0.0],[119.54432,-3.57567,0.0],[119.54415,-3.5754,0.0],[119.54401,-3.57533,0.0],[119.54215,-3.57495,0.0],[119.54164,-3.57493,0.0],[119.54149,-3.57502,0.0],[119.5413,-3.57492,0.0],[119.54066,-3.57487,0.0],[119.54056,-3.57452,0.0],[119.54015,-3.57433,0.0],[119.53985,-3.5744,0.0]]]},"properties":{"OBJECTID":86330,"NAMOBJ":"Barugae","WADMKD":"Barugae","WADMKC":"Duampanua","KDEPUM":"73.15.06.2015","KDCPUM":"73.15.06","WADMKK":"Pinrang","WADMPR":"Sulawesi Selatan","LUASWH":4.9279114163175466,"TIPADM":1,"Status":"Batas Indikatif"}},{"type":"Feature","id":86353,"geometry":{"type":"Polygon","coordinates":[[[119.6145,-3.72883,0.0],[119.61425,-3.72842,0.0],[119.61397,-3.72831,0.0],[119.61422,-3.72765,0.0],[119.61322,-3.72734,0.0],[119.61333,-3.72692,0.0],[119.61377,-3.72707,0.0],[119.61393,-3.72663,0.0],[119.61349,-3.72649,0.0],[119.61372,-3.72575,0.0],[119.61453,-3.72605,0.0],[119.61483,-3.72518,0.0],[119.61552,-3.72363,0.0],[119.61582,-3.72375,0.0],[119.61618,-3.72258,0.0],[119.61687,-3.72284,0.0],[119.61732,-3.7213,0.0],[119.61715,-3.72113,0.0],[119.61562,-3.72071,0.0],[119.61465,-3.72074,0.0],[119.61414,-3.72128,0.0],[119.6137,-3.72143,0.0],[119.61331,-3.72137,0.0],[119.61259,-3.72099,0.0],[119.61223,-3.72098,0.0],[119.61189,-3.72086,0.0],[119.61117,-3.72103,0.0],[119.61023,-3.72104,0.0],[119.60964,-3.72129,0.0],[119.60856,-3.72123,0.0],[119.60787,-3.72133,0.0],[119.60734,-3.72108,0.0],[119.60706,-3.72107,0.0],[119.6066,-3.72079,0.0],[119.60635,-3.72097,0.0],[119.60577,-3.7221,0.0],[119.60496,-3.72327,0.0],[119.60473,-3.72333,0.0],[119.60421,-3.72303,0.0],[119.6039,-3.72297,0.0],[119.60341,-3.72401,0.0],[119.60329,-3.72407,0.0],[119.60304,-3.72393,0.0],[119.60249,-3.72381,0.0],[119.60223,-3.72392,0.0],[119.60163,-3.72381,0.0],[119.60072,-3.72377,0.0],[119.59935,-3.72346,0.0],[119.59826,-3.72374,0.0],[119.59793,-3.72371,0.0],[119.59727,-3.72349,0.0],[119.59698,-3.72349,0.0],[119.59646,-3.72371,0.0],[119.59609,-3.72357,0.0],[119.59587,-3.72357,0.0],[119.59321,-3.7239,0.0],[119.59246,-3.72382,0.0],[119.59155,-3.72434,0.0],[119.59148,-3.72465,0.0],[119.59102,-3.72557,0.0],[119.59071,-3.72586,0.0],[119.59052,-3.72623,0.0],[119.59031,-3.72643,0.0],[119.59027,-3.72701,0.0],[119.59014,-3.72698,0.0],[119.59012,-3.72748,0.0],[119.58927,-3.72965,0.0],[119.58963,-3.72983,0.0],[119.58902,-3.73142,0.0],[119.58832,-3.73466,0.0],[119.58882,-3.73476,0.0],[119.58872,-3.73544,0.0],[119.58959,-3.73571,0.0],[119.58937,-3.73618,0.0],[119.58927,-3.73728,0.0],[119.5889,-3.7381,0.0],[119.59244,-3.73986,0.0],[119.59243,-3.73994,0.0],[119.59326,-3.74044,0.0],[119.59303,-3.74089,0.0],[119.59598,-3.74252,0.0],[119.59558,-3.74369,0.0],[119.59618,-3.74347,0.0],[119.59637,-3.74355,0.0],[119.59629,-3.74377,0.0],[119.59654,-3.74385,0.0],[119.59661,-3.74372,0.0],[119.59683,-3.74379,0.0],[119.59677,-3.74399,0.0],[119.59696,-3.74406,0.0],[119.59706,-3.74387,0.0],[119.59739,-3.74397,0.0],[119.59726,-3.74515,0.0],[119.59734,-3.7465,0.0],[119.59681,-3.74739,0.0],[119.5968,-3.74746,0.0],[119.59701,-3.74753,0.0],[119.59654,-3.74871,0.0],[119.59672,-3.74882,0.0],[119.59622,-3.7498,0.0],[119.5986,-3.75096,0.0],[119.59905,-3.75007,0.0],[119.60024,-3.7506,0.0],[119.60121,-3.74867,0.0],[119.60183,-3.74893,0.0],[119.60181,-3.74899,0.0],[119.6026,-3.74939,0.0],[119.60341,-3.74973,0.0],[119.6032,-3.75043,0.0],[119.60259,-3.75033,0.0],[119.60252,-3.75045,0.0],[119.60333,-3.75097,0.0],[119.60353,-3.75094,0.0],[119.60418,-3.75125,0.0],[119.60432,-3.75119,0.0],[119.60455,-3.75132,0.0],[119.60463,-3.75127,0.0],[119.60483,-3.75093,0.0],[119.60419,-3.75068,0.0],[119.60455,-3.74996,0.0],[119.60468,-3.74996,0.0],[119.60502,-3.7495,0.0],[119.60512,-3.74914,0.0],[119.60504,-3.74884,0.0],[119.60517,-3.74884,0.0],[119.60511,-3.7482,0.0],[119.6055,-3.74832,0.0],[119.6058,-3.74702,0.0],[119.60644,-3.7472,0.0],[119.60661,-3.74666,0.0],[119.60676,-3.74671,0.0],[119.60732,-3.74524,0.0],[119.60696,-3.74504,0.0],[119.6075,-3.74381,0.0],[119.60732,-3.74372,0.0],[119.60782,-3.74261,0.0],[119.60774,-3.74258,0.0],[119.60798,-3.74201,0.0],[119.60872,-3.74217,0.0],[119.60806,-3.74049,0.0],[119.60863,-3.7407,0.0],[119.60863,-3.74088,0.0],[119.60979,-3.74148,0.0],[119.6102,-3.74017,0.0],[119.60973,-3.73995,0.0],[119.61016,-3.73901,0.0],[119.61042,-3.7386,0.0],[119.61054,-3.73865,0.0],[119.61163,-3.73655,0.0],[119.61191,-3.73671,0.0],[119.61202,-3.73646,0.0],[119.61227,-3.73633,0.0],[119.61234,-3.73642,0.0],[119.61219,-3.73672,0.0],[119.61236,-3.73713,0.0],[119.61332,-3.737,0.0],[119.61355,-3.7369,0.0],[119.61392,-3.73652,0.0],[119.61412,-3.73656,0.0],[119.61462,-3.73687,0.0],[119.61491,-3.73812,0.0],[119.61499,-3.73815,0.0],[119.61528,-3.73773,0.0],[119.61549,-3.73771,0.0],[119.61592,-3.73722,0.0],[119.61632,-3.73714,0.0],[119.61672,-3.73719,0.0],[119.61726,-3.73682,0.0],[119.61746,-3.73649,0.0],[119.61571,-3.73551,0.0],[119.61602,-3.73504,0.0],[119.61596,-3.73501,0.0],[119.61642,-3.73455,0.0],[119.61696,-3.73376,0.0],[119.61584,-3.73315,0.0],[119.61644,-3.73231,0.0],[119.61612,-3.73195,0.0],[119.61593,-3.73154,0.0],[119.61564,-3.73143,0.0],[119.61528,-3.73111,0.0],[119.61474,-3.73098,0.0],[119.61427,-3.73059,0.0],[119.61431,-3.73025,0.0],[119.6141,-3.73007,0.0],[119.61427,-3.72949,0.0],[119.61427,-3.72891,0.0],[119.6145,-3.72883,0.0]]]},"properties":{"OBJECTID":86353,"NAMOBJ":"Tanra Tuo","WADMKD":"Tanra Tuo","WADMKC":"Cempa","KDEPUM":"73.15.08.2007","KDCPUM":"73.15.08","WADMKK":"Pinrang","WADMPR":"Sulawesi Selatan","LUASWH":6.6637515907890119,"TIPADM":1,"Status":"Batas Indikatif"}},{"type":"Feature","id":86359,"geometry":{"type":"Polygon","coordinates":[[[119.66852,-3.69868,0.0],[119.66789,-3.6991,0.0],[119.66722,-3.69936,0.0],[119.66665,-3.69917,0.0],[119.66663,-3.69855,0.0],[119.66684,-3.69786,0.0],[119.66684,-3.69736,0.0],[119.66665,-3.69684,0.0],[119.66624,-3.69658,0.0],[119.66548,-3.69658,0.0],[119.6647,-3.69679,0.0],[119.66408,-3.69734,0.0],[119.66375,-3.69817,0.0],[119.66318,-3.69858,0.0],[119.66101,-3.6992,0.0],[119.65951,-3.69939,0.0],[119.65725,-3.69934,0.0],[119.65561,-3.69905,0.0],[119.65451,-3.69841,0.0],[119.65313,-3.69657,0.0],[119.6522,-3.69621,0.0],[119.65007,-3.69632,0.0],[119.65009,-3.69894,0.0],[119.64961,-3.69895,0.0],[119.64966,-3.69999,0.0],[119.64929,-3.70285,0.0],[119.64929,-3.70341,0.0],[119.64905,-3.70347,0.0],[119.64926,-3.70517,0.0],[119.64916,-3.70523,0.0],[119.64876,-3.70646,0.0],[119.64826,-3.70616,0.0],[119.64823,-3.70624,0.0],[119.64781,-3.70612,0.0],[119.64778,-3.70627,0.0],[119.64742,-3.70633,0.0],[119.64741,-3.70662,0.0],[119.64812,-3.70662,0.0],[119.64769,-3.70814,0.0],[119.64824,-3.70825,0.0],[119.64815,-3.70855,0.0],[119.64866,-3.70875,0.0],[119.64859,-3.70905,0.0],[119.64901,-3.70922,0.0],[119.64807,-3.71101,0.0],[119.64791,-3.71241,0.0],[119.64788,-3.71401,0.0],[119.64844,-3.71405,0.0],[119.64844,-3.71421,0.0],[119.64922,-3.71424,0.0],[119.64942,-3.71412,0.0],[119.65034,-3.71438,0.0],[119.65038,-3.71463,0.0],[119.65104,-3.71528,0.0],[119.65084,-3.71553,0.0],[119.65194,-3.71624,0.0],[119.65175,-3.71662,0.0],[119.65252,-3.71702,0.0],[119.65315,-3.71762,0.0],[119.65246,-3.71877,0.0],[119.65318,-3.71959,0.0],[119.65374,-3.71909,0.0],[119.65356,-3.71864,0.0],[119.65385,-3.71822,0.0],[119.6538,-3.71761,0.0],[119.65405,-3.71576,0.0],[119.65387,-3.71498,0.0],[119.6539,-3.71446,0.0],[119.65497,-3.71429,0.0],[119.65502,-3.71383,0.0],[119.65738,-3.71393,0.0],[119.65805,-3.71404,0.0],[119.65817,-3.71367,0.0],[119.65886,-3.71402,0.0],[119.65935,-3.71327,0.0],[119.65971,-3.71379,0.0],[119.66028,-3.71527,0.0],[119.66095,-3.71574,0.0],[119.66145,-3.71633,0.0],[119.66302,-3.7175,0.0],[119.66338,-3.71686,0.0],[119.66458,-3.71774,0.0],[119.66516,-3.71831,0.0],[119.66551,-3.71848,0.0],[119.66599,-3.71861,0.0],[119.6679,-3.71877,0.0],[119.66826,-3.71886,0.0],[119.66847,-3.71856,0.0],[119.66819,-3.71843,0.0],[119.66824,-3.71825,0.0],[119.66817,-3.71821,0.0],[119.66832,-3.71794,0.0],[119.66866,-3.71807,0.0],[119.66925,-3.7173,0.0],[119.66908,-3.7172,0.0],[119.66922,-3.71668,0.0],[119.67022,-3.71609,0.0],[119.6703,-3.71588,0.0],[119.67075,-3.71604,0.0],[119.67079,-3.71594,0.0],[119.67126,-3.7161,0.0],[119.67073,-3.71733,0.0],[119.67023,-3.7199,0.0],[119.67237,-3.71906,0.0],[119.67307,-3.71866,0.0],[119.67406,-3.71831,0.0],[119.67423,-3.71875,0.0],[119.67392,-3.71899,0.0],[119.67475,-3.71936,0.0],[119.6746,-3.72008,0.0],[119.67583,-3.72032,0.0],[119.67578,-3.72081,0.0],[119.67775,-3.72121,0.0],[119.67765,-3.72184,0.0],[119.67793,-3.72188,0.0],[119.67795,-3.72175,0.0],[119.6786,-3.72182,0.0],[119.67864,-3.7211,0.0],[119.67901,-3.72114,0.0],[119.67908,-3.7217,0.0],[119.67891,-3.72284,0.0],[119.67925,-3.72291,0.0],[119.67928,-3.72273,0.0],[119.68224,-3.72295,0.0],[119.6823,-3.72276,0.0],[119.6833,-3.72276,0.0],[119.6832,-3.72372,0.0],[119.68371,-3.72379,0.0],[119.68424,-3.72412,0.0],[119.68458,-3.72344,0.0],[119.6851,-3.72374,0.0],[119.68556,-3.72312,0.0],[119.68572,-3.72279,0.0],[119.6866,-3.72323,0.0],[119.68693,-3.72323,0.0],[119.68752,-3.72346,0.0],[119.68752,-3.72332,0.0],[119.68792,-3.72346,0.0],[119.68808,-3.72379,0.0],[119.68862,-3.72409,0.0],[119.6893,-3.72342,0.0],[119.68943,-3.7231,0.0],[119.68941,-3.72201,0.0],[119.68983,-3.72054,0.0],[119.68983,-3.72026,0.0],[119.68962,-3.71923,0.0],[119.68907,-3.71847,0.0],[119.6891,-3.71773,0.0],[119.68898,-3.71698,0.0],[119.68884,-3.71667,0.0],[119.68813,-3.71614,0.0],[119.68788,-3.7158,0.0],[119.68742,-3.71491,0.0],[119.6873,-3.71441,0.0],[119.68751,-3.71369,0.0],[119.68748,-3.71289,0.0],[119.68811,-3.71137,0.0],[119.68808,-3.71065,0.0],[119.68781,-3.71,0.0],[119.6872,-3.70986,0.0],[119.68675,-3.70895,0.0],[119.68661,-3.7088,0.0],[119.68613,-3.70859,0.0],[119.68566,-3.70791,0.0],[119.68559,-3.70767,0.0],[119.6856,-3.70747,0.0],[119.68583,-3.70702,0.0],[119.68629,-3.70656,0.0],[119.68629,-3.7063,0.0],[119.68459,-3.70548,0.0],[119.68451,-3.70571,0.0],[119.68383,-3.70541,0.0],[119.68277,-3.70511,0.0],[119.68266,-3.70534,0.0],[119.68108,-3.70497,0.0],[119.68064,-3.70649,0.0],[119.68043,-3.70649,0.0],[119.67922,-3.70619,0.0],[119.67924,-3.70594,0.0],[119.67647,-3.70531,0.0],[119.67493,-3.70481,0.0],[119.67449,-3.70459,0.0],[119.67433,-3.70464,0.0],[119.67374,-3.70455,0.0],[119.67376,-3.70416,0.0],[119.67345,-3.70413,0.0],[119.67354,-3.70294,0.0],[119.67212,-3.70264,0.0],[119.6721,-3.70252,0.0],[119.67158,-3.70239,0.0],[119.66893,-3.70222,0.0],[119.66902,-3.70145,0.0],[119.66877,-3.70144,0.0],[119.66852,-3.69868,0.0]]]},"properties":{"OBJECTID":86359,"NAMOBJ":"Teppo","WADMKD":"Teppo","WADMKC":"Patampanua","KDEPUM":"73.15.05.1002","KDCPUM":"73.15.05","WADMKK":"Pinrang","WADMPR":"Sulawesi Selatan","LUASWH":8.2938104662176855,"TIPADM":2,"Status":"Batas Indikatif"}},{"type":"Feature","id":86371,"geometry":{"type":"Polygon","coordinates":[[[119.65225,-3.7901,0.0],[119.65037,-3.78966,0.0],[119.64979,-3.79183,0.0],[119.64666,-3.79208,0.0],[119.64486,-3.79276,0.0],[119.64464,-3.7951,0.0],[119.64416,-3.79611,0.0],[119.64325,-3.79838,0.0],[119.64429,-3.79889,0.0],[119.64436,-3.79875,0.0],[119.64538,-3.79929,0.0],[119.64685,-3.79986,0.0],[119.647,-3.79962,0.0],[119.6484,-3.80007,0.0],[119.64839,-3.8002,0.0],[119.6487,-3.80028,0.0],[119.64871,-3.80047,0.0],[119.64881,-3.80058,0.0],[119.65119,-3.7966,0.0],[119.65151,-3.7967,0.0],[119.65148,-3.79691,0.0],[119.65181,-3.79691,0.0],[119.65181,-3.79665,0.0],[119.65389,-3.79701,0.0],[119.65433,-3.79594,0.0],[119.65489,-3.79549,0.0],[119.65519,-3.79509,0.0],[119.65534,-3.79426,0.0],[119.6551,-3.79427,0.0],[119.65178,-3.79516,0.0],[119.65174,-3.79239,0.0],[119.65225,-3.7901,0.0]]]},"properties":{"OBJECTID":86371,"NAMOBJ":"Jaya","WADMKD":"Jaya","WADMKC":"Watang Sawitto","KDEPUM":"73.15.04.1001","KDCPUM":"73.15.04","WADMKK":"Pinrang","WADMPR":"Sulawesi Selatan","LUASWH":0.76711469733241944,"TIPADM":2,"Status":"Batas Indikatif"}},{"type":"Feature","id":86374,"geometry":{"type":"Polygon","coordinates":[[[119.55084,-3.38473,0.0],[119.55041,-3.38466,0.0],[119.54985,-3.3844,0.0],[119.54935,-3.38394,0.0],[119.54874,-3.3827,0.0],[119.54855,-3.38211,0.0],[119.54849,-3.38161,0.0],[119.54819,-3.38097,0.0],[119.54788,-3.38076,0.0],[119.54764,-3.3807,0.0],[119.5475,-3.37838,0.0],[119.54754,-3.37805,0.0],[119.5474,-3.37766,0.0],[119.54731,-3.37633,0.0],[119.54721,-3.37616,0.0],[119.54741,-3.37548,0.0],[119.5474,-3.37516,0.0],[119.54666,-3.37456,0.0],[119.54633,-3.37419,0.0],[119.54648,-3.37369,0.0],[119.5465,-3.37325,0.0],[119.54668,-3.37301,0.0],[119.54678,-3.37255,0.0],[119.54566,-3.37169,0.0],[119.54506,-3.37159,0.0],[119.5444,-3.37131,0.0],[119.54406,-3.37128,0.0],[119.54351,-3.37157,0.0],[119.54333,-3.37155,0.0],[119.54176,-3.37045,0.0],[119.53925,-3.36898,0.0],[119.5387,-3.36903,0.0],[119.53787,-3.36859,0.0],[119.53638,-3.36812,0.0],[119.53621,-3.3679,0.0],[119.53557,-3.36765,0.0],[119.5353,-3.3681,0.0],[119.53488,-3.36831,0.0],[119.53467,-3.36831,0.0],[119.53452,-3.36781,0.0],[119.53438,-3.36766,0.0],[119.53333,-3.36839,0.0],[119.53274,-3.36843,0.0],[119.53251,-3.36856,0.0],[119.53244,-3.36949,0.0],[119.53225,-3.36969,0.0],[119.532,-3.36965,0.0],[119.53151,-3.36941,0.0],[119.53118,-3.36943,0.0],[119.53076,-3.36969,0.0],[119.53023,-3.37045,0.0],[119.52903,-3.37046,0.0],[119.52873,-3.37053,0.0],[119.52856,-3.37102,0.0],[119.52843,-3.37118,0.0],[119.5277,-3.3715,0.0],[119.52764,-3.37173,0.0],[119.52769,-3.37203,0.0],[119.52793,-3.37229,0.0],[119.52787,-3.37269,0.0],[119.52757,-3.37315,0.0],[119.52676,-3.3738,0.0],[119.52622,-3.37437,0.0],[119.52529,-3.37583,0.0],[119.52472,-3.37623,0.0],[119.52429,-3.37673,0.0],[119.52369,-3.37704,0.0],[119.52319,-3.37773,0.0],[119.52305,-3.3787,0.0],[119.52231,-3.38144,0.0],[119.52131,-3.38408,0.0],[119.52091,-3.38439,0.0],[119.5205,-3.38432,0.0],[119.5201,-3.38403,0.0],[119.51989,-3.38361,0.0],[119.51932,-3.38309,0.0],[119.51857,-3.38302,0.0],[119.51793,-3.38323,0.0],[119.51722,-3.38359,0.0],[119.51679,-3.38413,0.0],[119.51623,-3.38665,0.0],[119.51602,-3.38951,0.0],[119.51673,-3.39265,0.0],[119.51887,-3.39572,0.0],[119.52087,-3.39815,0.0],[119.52273,-3.40072,0.0],[119.52337,-3.40407,0.0],[119.52373,-3.40728,0.0],[119.52373,-3.40871,0.0],[119.52523,-3.41335,0.0],[119.5258,-3.41728,0.0],[119.52458,-3.4202,0.0],[119.52294,-3.42299,0.0],[119.52258,-3.42706,0.0],[119.52337,-3.42963,0.0],[119.52515,-3.43248,0.0],[119.52665,-3.43548,0.0],[119.5268,-3.43898,0.0],[119.52715,-3.44198,0.0],[119.52801,-3.44683,0.0],[119.5278,-3.45276,0.0],[119.52515,-3.46139,0.0],[119.52444,-3.46553,0.0],[119.5253,-3.47124,0.0],[119.52658,-3.48459,0.0],[119.5258,-3.48702,0.0],[119.5255,-3.48959,0.0],[119.52607,-3.49179,0.0],[119.5266,-3.49533,0.0],[119.5266,-3.49596,0.0],[119.52577,-3.4973,0.0],[119.52384,-3.49985,0.0],[119.52288,-3.50203,0.0],[119.52131,-3.50482,0.0],[119.51992,-3.50591,0.0],[119.52028,-3.50594,0.0],[119.52099,-3.50571,0.0],[119.52171,-3.50579,0.0],[119.5235,-3.50659,0.0],[119.52735,-3.50744,0.0],[119.52933,-3.50771,0.0],[119.53328,-3.50847,0.0],[119.53421,-3.50875,0.0],[119.53545,-3.50901,0.0],[119.53599,-3.5089,0.0],[119.53635,-3.50825,0.0],[119.53655,-3.50825,0.0],[119.53679,-3.50855,0.0],[119.53701,-3.50862,0.0],[119.53937,-3.50861,0.0],[119.53967,-3.50912,0.0],[119.53982,-3.5092,0.0],[119.54013,-3.50914,0.0],[119.54047,-3.5089,0.0],[119.54097,-3.50872,0.0],[119.54126,-3.50867,0.0],[119.54133,-3.50887,0.0],[119.54212,-3.50863,0.0],[119.54249,-3.50898,0.0],[119.54334,-3.50946,0.0],[119.54412,-3.50929,0.0],[119.54636,-3.50913,0.0],[119.54759,-3.50928,0.0],[119.55028,-3.50916,0.0],[119.55642,-3.50945,0.0],[119.55844,-3.5094,0.0],[119.55975,-3.50921,0.0],[119.56082,-3.50847,0.0],[119.56494,-3.50407,0.0],[119.56689,-3.50169,0.0],[119.56824,-3.49953,0.0],[119.57069,-3.49698,0.0],[119.57521,-3.49296,0.0],[119.57892,-3.48777,0.0],[119.58458,-3.48303,0.0],[119.58834,-3.48074,0.0],[119.59188,-3.47903,0.0],[119.59662,-3.47766,0.0],[119.5988,-3.47827,0.0],[119.59638,-3.47662,0.0],[119.59486,-3.476,0.0],[119.58744,-3.47443,0.0],[119.58549,-3.47362,0.0],[119.58196,-3.46948,0.0],[119.57559,-3.46168,0.0],[119.57197,-3.45682,0.0],[119.56683,-3.45135,0.0],[119.56526,-3.44888,0.0],[119.56212,-3.44583,0.0],[119.5616,-3.44498,0.0],[119.55926,-3.44407,0.0],[119.55746,-3.44283,0.0],[119.55665,-3.4416,0.0],[119.55631,-3.43893,0.0],[119.55631,-3.43788,0.0],[119.55612,-3.43722,0.0],[119.55446,-3.43374,0.0],[119.55427,-3.43198,0.0],[119.55398,-3.43041,0.0],[119.55408,-3.42899,0.0],[119.55441,-3.42813,0.0],[119.55539,-3.42647,0.0],[119.55769,-3.42532,0.0],[119.55845,-3.4247,0.0],[119.55955,-3.42404,0.0],[119.5596,-3.42161,0.0],[119.55951,-3.41983,0.0],[119.55966,-3.41852,0.0],[119.55995,-3.41757,0.0],[119.56076,-3.41611,0.0],[119.56111,-3.4148,0.0],[119.5607,-3.41361,0.0],[119.56064,-3.412,0.0],[119.5607,-3.41064,0.0],[119.56061,-3.40879,0.0],[119.56016,-3.40814,0.0],[119.55847,-3.40671,0.0],[119.55799,-3.40641,0.0],[119.55731,-3.40501,0.0],[119.55704,-3.40391,0.0],[119.55703,-3.40289,0.0],[119.55686,-3.40219,0.0],[119.55813,-3.40061,0.0],[119.55859,-3.40017,0.0],[119.55984,-3.39966,0.0],[119.56308,-3.39907,0.0],[119.56455,-3.39918,0.0],[119.56597,-3.39907,0.0],[119.56688,-3.39863,0.0],[119.56795,-3.39756,0.0],[119.56837,-3.3967,0.0],[119.56861,-3.39556,0.0],[119.56888,-3.39538,0.0],[119.56962,-3.39458,0.0],[119.56971,-3.39398,0.0],[119.5692,-3.39238,0.0],[119.56841,-3.39082,0.0],[119.56798,-3.39015,0.0],[119.56755,-3.3897,0.0],[119.567,-3.38927,0.0],[119.56664,-3.38917,0.0],[119.5661,-3.38918,0.0],[119.56554,-3.38931,0.0],[119.56514,-3.3895,0.0],[119.5642,-3.39057,0.0],[119.56364,-3.39154,0.0],[119.56304,-3.39202,0.0],[119.56253,-3.39212,0.0],[119.56199,-3.39199,0.0],[119.5614,-3.39168,0.0],[119.5613,-3.39141,0.0],[119.56131,-3.39074,0.0],[119.56159,-3.38962,0.0],[119.5615,-3.3883,0.0],[119.56131,-3.38735,0.0],[119.561,-3.38644,0.0],[119.56039,-3.38587,0.0],[119.5599,-3.3857,0.0],[119.55923,-3.38566,0.0],[119.55842,-3.38584,0.0],[119.55779,-3.38577,0.0],[119.55719,-3.38547,0.0],[119.55673,-3.38497,0.0],[119.55582,-3.38368,0.0],[119.55545,-3.38336,0.0],[119.5545,-3.38311,0.0],[119.55403,-3.38321,0.0],[119.55366,-3.38334,0.0],[119.55322,-3.38364,0.0],[119.55275,-3.38414,0.0],[119.55211,-3.38447,0.0],[119.55159,-3.38467,0.0],[119.55084,-3.38473,0.0]]]},"properties":{"OBJECTID":86374,"NAMOBJ":"Betteng","WADMKD":"Betteng","WADMKC":"Lembang","KDEPUM":"73.15.07.1002","KDCPUM":"73.15.07","WADMKK":"Pinrang","WADMPR":"Sulawesi Selatan","LUASWH":70.641902547506149,"TIPADM":2,"Status":"Batas Indikatif"}},{"type":"Feature","id":86399,"geometry":{"type":"Polygon","coordinates":[[[119.56371,-3.74126,0.0],[119.5628,-3.74293,0.0],[119.56023,-3.74606,0.0],[119.55889,-3.74756,0.0],[119.55799,-3.7478,0.0],[119.55763,-3.74811,0.0],[119.55728,-3.74827,0.0],[119.55612,-3.74848,0.0],[119.55535,-3.74845,0.0],[119.55492,-3.74832,0.0],[119.55461,-3.74807,0.0],[119.55434,-3.74753,0.0],[119.55352,-3.74688,0.0],[119.55313,-3.74646,0.0],[119.55306,-3.74627,0.0],[119.55292,-3.74617,0.0],[119.55248,-3.74625,0.0],[119.55241,-3.74615,0.0],[119.55244,-3.74564,0.0],[119.5516,-3.7455,0.0],[119.55061,-3.74552,0.0],[119.55043,-3.74541,0.0],[119.55047,-3.74511,0.0],[119.55041,-3.74497,0.0],[119.55033,-3.74487,0.0],[119.55008,-3.74482,0.0],[119.55,-3.74466,0.0],[119.54934,-3.74407,0.0],[119.54925,-3.74373,0.0],[119.54901,-3.74352,0.0],[119.54894,-3.74366,0.0],[119.54518,-3.74202,0.0],[119.5451,-3.74192,0.0],[119.5454,-3.74131,0.0],[119.54529,-3.74125,0.0],[119.54543,-3.74086,0.0],[119.54326,-3.73976,0.0],[119.54399,-3.73829,0.0],[119.54225,-3.73763,0.0],[119.54172,-3.73872,0.0],[119.54049,-3.73829,0.0],[119.5404,-3.73863,0.0],[119.53947,-3.73849,0.0],[119.53936,-3.73881,0.0],[119.5366,-3.7379,0.0],[119.53604,-3.73782,0.0],[119.53604,-3.73775,0.0],[119.53443,-3.73752,0.0],[119.53436,-3.73777,0.0],[119.53324,-3.73749,0.0],[119.53332,-3.73713,0.0],[119.53236,-3.73691,0.0],[119.53207,-3.73747,0.0],[119.53169,-3.73733,0.0],[119.53137,-3.73703,0.0],[119.53122,-3.73716,0.0],[119.53101,-3.73766,0.0],[119.53028,-3.73981,0.0],[119.52959,-3.74129,0.0],[119.52912,-3.74108,0.0],[119.5285,-3.74207,0.0],[119.52735,-3.74423,0.0],[119.52705,-3.74408,0.0],[119.52678,-3.74473,0.0],[119.52724,-3.74492,0.0],[119.52645,-3.74627,0.0],[119.52614,-3.74652,0.0],[119.52604,-3.74698,0.0],[119.52546,-3.74812,0.0],[119.52279,-3.75256,0.0],[119.5232,-3.75276,0.0],[119.52146,-3.7557,0.0],[119.52397,-3.7559,0.0],[119.52746,-3.75766,0.0],[119.52905,-3.75835,0.0],[119.53275,-3.75881,0.0],[119.53317,-3.75842,0.0],[119.53346,-3.75843,0.0],[119.5355,-3.7595,0.0],[119.53702,-3.76058,0.0],[119.5385,-3.76095,0.0],[119.53944,-3.76094,0.0],[119.5393,-3.76135,0.0],[119.54164,-3.76241,0.0],[119.54124,-3.76333,0.0],[119.54355,-3.76455,0.0],[119.54424,-3.76475,0.0],[119.54529,-3.76525,0.0],[119.5472,-3.76597,0.0],[119.54897,-3.76678,0.0],[119.54905,-3.76659,0.0],[119.54992,-3.76699,0.0],[119.54984,-3.76719,0.0],[119.55212,-3.76826,0.0],[119.55232,-3.76782,0.0],[119.55309,-3.76814,0.0],[119.5533,-3.76763,0.0],[119.55379,-3.76783,0.0],[119.55459,-3.76703,0.0],[119.55671,-3.7645,0.0],[119.55776,-3.76493,0.0],[119.5582,-3.76395,0.0],[119.55866,-3.76416,0.0],[119.55875,-3.764,0.0],[119.55926,-3.76426,0.0],[119.55935,-3.76406,0.0],[119.5616,-3.76494,0.0],[119.5618,-3.76457,0.0],[119.56253,-3.76497,0.0],[119.56268,-3.76466,0.0],[119.56282,-3.76473,0.0],[119.56306,-3.7643,0.0],[119.56438,-3.7649,0.0],[119.56526,-3.76355,0.0],[119.56569,-3.76376,0.0],[119.56531,-3.76444,0.0],[119.56656,-3.76502,0.0],[119.56671,-3.76474,0.0],[119.56841,-3.76535,0.0],[119.56845,-3.7652,0.0],[119.56898,-3.76536,0.0],[119.56894,-3.76554,0.0],[119.57043,-3.76602,0.0],[119.57029,-3.76634,0.0],[119.57096,-3.76661,0.0],[119.57103,-3.76648,0.0],[119.57095,-3.76635,0.0],[119.571,-3.76616,0.0],[119.57288,-3.76664,0.0],[119.57315,-3.76674,0.0],[119.57311,-3.76688,0.0],[119.57387,-3.76721,0.0],[119.5772,-3.75694,0.0],[119.57778,-3.7571,0.0],[119.57795,-3.7566,0.0],[119.57824,-3.75668,0.0],[119.57833,-3.75607,0.0],[119.57819,-3.75602,0.0],[119.5787,-3.755,0.0],[119.57877,-3.75505,0.0],[119.57882,-3.75498,0.0],[119.5791,-3.75511,0.0],[119.57943,-3.755,0.0],[119.5802,-3.75394,0.0],[119.57954,-3.75352,0.0],[119.57922,-3.75326,0.0],[119.57923,-3.75317,0.0],[119.58038,-3.75108,0.0],[119.58063,-3.7502,0.0],[119.58057,-3.74976,0.0],[119.58014,-3.74948,0.0],[119.58091,-3.74919,0.0],[119.57852,-3.74805,0.0],[119.56744,-3.74323,0.0],[119.56371,-3.74126,0.0]]]},"properties":{"OBJECTID":86399,"NAMOBJ":"Mattunru Tunrue","WADMKD":"Mattunru Tunrue","WADMKC":"Cempa","KDEPUM":"73.15.08.2003","KDCPUM":"73.15.08","WADMKK":"Pinrang","WADMPR":"Sulawesi Selatan","LUASWH":13.489520562805231,"TIPADM":1,"Status":"Batas Indikatif"}},{"type":"Feature","id":86414,"geometry":{"type":"Polygon","coordinates":[[[119.65389,-3.79701,0.0],[119.65181,-3.79665,0.0],[119.65181,-3.79691,0.0],[119.65148,-3.79691,0.0],[119.65151,-3.7967,0.0],[119.65119,-3.7966,0.0],[119.64881,-3.80058,0.0],[119.64871,-3.80047,0.0],[119.6487,-3.80028,0.0],[119.64839,-3.8002,0.0],[119.6484,-3.80007,0.0],[119.647,-3.79962,0.0],[119.64685,-3.79986,0.0],[119.64538,-3.79929,0.0],[119.64436,-3.79875,0.0],[119.64429,-3.79889,0.0],[119.64325,-3.79838,0.0],[119.64416,-3.79611,0.0],[119.64464,-3.7951,0.0],[119.64485,-3.79294,0.0],[119.6414,-3.79432,0.0],[119.63841,-3.79541,0.0],[119.63847,-3.79573,0.0],[119.63832,-3.79639,0.0],[119.63909,-3.7967,0.0],[119.63829,-3.79866,0.0],[119.63872,-3.79878,0.0],[119.63854,-3.7993,0.0],[119.63909,-3.79954,0.0],[119.63848,-3.80089,0.0],[119.63885,-3.80105,0.0],[119.63812,-3.80269,0.0],[119.63982,-3.80331,0.0],[119.63929,-3.80516,0.0],[119.64017,-3.80553,0.0],[119.63955,-3.80646,0.0],[119.6386,-3.8075,0.0],[119.63784,-3.80948,0.0],[119.6388,-3.8098,0.0],[119.63869,-3.81029,0.0],[119.6383,-3.81122,0.0],[119.63813,-3.81116,0.0],[119.63786,-3.81159,0.0],[119.63757,-3.81227,0.0],[119.63764,-3.81231,0.0],[119.63698,-3.81347,0.0],[119.63931,-3.81461,0.0],[119.63894,-3.81509,0.0],[119.64019,-3.8157,0.0],[119.6438,-3.8181,0.0],[119.64437,-3.81751,0.0],[119.64585,-3.81836,0.0],[119.64615,-3.81811,0.0],[119.64681,-3.81778,0.0],[119.64706,-3.81741,0.0],[119.64775,-3.81692,0.0],[119.64866,-3.81718,0.0],[119.649,-3.81712,0.0],[119.64955,-3.81682,0.0],[119.64977,-3.8168,0.0],[119.65044,-3.81697,0.0],[119.65129,-3.81749,0.0],[119.65158,-3.81756,0.0],[119.65304,-3.81721,0.0],[119.65367,-3.81744,0.0],[119.65396,-3.81748,0.0],[119.65441,-3.8174,0.0],[119.6552,-3.81789,0.0],[119.65571,-3.81805,0.0],[119.65605,-3.81793,0.0],[119.65729,-3.81792,0.0],[119.65876,-3.8189,0.0],[119.66001,-3.81912,0.0],[119.66042,-3.81893,0.0],[119.66079,-3.81909,0.0],[119.66118,-3.81912,0.0],[119.66313,-3.81847,0.0],[119.66353,-3.81824,0.0],[119.66393,-3.81766,0.0],[119.66432,-3.81728,0.0],[119.66432,-3.81715,0.0],[119.66378,-3.81637,0.0],[119.66343,-3.816,0.0],[119.66297,-3.81583,0.0],[119.66239,-3.81535,0.0],[119.66222,-3.81491,0.0],[119.66175,-3.81438,0.0],[119.66166,-3.81413,0.0],[119.66209,-3.81306,0.0],[119.66269,-3.81274,0.0],[119.6628,-3.81255,0.0],[119.66288,-3.81185,0.0],[119.6624,-3.81111,0.0],[119.66238,-3.81061,0.0],[119.6619,-3.81029,0.0],[119.66151,-3.80985,0.0],[119.66136,-3.80928,0.0],[119.66117,-3.809,0.0],[119.66056,-3.80882,0.0],[119.66031,-3.80854,0.0],[119.66012,-3.80845,0.0],[119.6597,-3.80858,0.0],[119.65946,-3.8085,0.0],[119.65899,-3.8078,0.0],[119.65901,-3.80732,0.0],[119.65895,-3.80718,0.0],[119.6586,-3.80704,0.0],[119.6574,-3.80625,0.0],[119.65688,-3.80559,0.0],[119.65681,-3.80507,0.0],[119.65616,-3.80408,0.0],[119.65598,-3.80362,0.0],[119.65582,-3.80348,0.0],[119.65545,-3.80342,0.0],[119.65496,-3.80263,0.0],[119.65435,-3.80194,0.0],[119.65417,-3.80151,0.0],[119.65418,-3.80066,0.0],[119.65454,-3.79935,0.0],[119.65454,-3.79908,0.0],[119.65382,-3.79756,0.0],[119.65389,-3.79701,0.0]]]},"properties":{"OBJECTID":86414,"NAMOBJ":"Macorawalie","WADMKD":"Macorawalie","WADMKC":"Watang Sawitto","KDEPUM":"73.15.04.1003","KDCPUM":"73.15.04","WADMKK":"Pinrang","WADMPR":"Sulawesi Selatan","LUASWH":5.0805546422726815,"TIPADM":2,"Status":"Batas Indikatif"}},{"type":"Feature","id":86429,"geometry":{"type":"Polygon","coordinates":[[[119.5255,-3.48959,0.0],[119.51985,-3.48915,0.0],[119.51628,-3.48873,0.0],[119.51506,-3.48873,0.0],[119.51396,-3.48852,0.0],[119.51114,-3.48754,0.0],[119.50953,-3.48671,0.0],[119.50654,-3.48612,0.0],[119.50453,-3.48597,0.0],[119.50306,-3.48602,0.0],[119.50026,-3.48595,0.0],[119.49948,-3.48606,0.0],[119.49862,-3.48593,0.0],[119.49764,-3.48566,0.0],[119.49653,-3.48507,0.0],[119.4955,-3.48471,0.0],[119.49436,-3.48404,0.0],[119.49385,-3.48383,0.0],[119.4929,-3.48361,0.0],[119.49279,-3.48373,0.0],[119.49162,-3.48398,0.0],[119.48999,-3.48362,0.0],[119.48888,-3.48365,0.0],[119.48839,-3.48372,0.0],[119.4881,-3.48386,0.0],[119.48785,-3.48493,0.0],[119.48748,-3.48547,0.0],[119.48647,-3.48651,0.0],[119.48569,-3.48752,0.0],[119.48498,-3.48867,0.0],[119.48461,-3.48958,0.0],[119.48439,-3.4905,0.0],[119.48422,-3.49192,0.0],[119.48453,-3.49263,0.0],[119.48514,-3.49322,0.0],[119.48523,-3.49342,0.0],[119.48534,-3.4945,0.0],[119.48513,-3.49554,0.0],[119.48502,-3.49571,0.0],[119.48457,-3.49576,0.0],[119.48362,-3.49521,0.0],[119.4828,-3.49495,0.0],[119.48236,-3.49401,0.0],[119.48216,-3.4939,0.0],[119.4809,-3.49364,0.0],[119.47995,-3.49307,0.0],[119.4796,-3.49311,0.0],[119.47916,-3.4935,0.0],[119.47902,-3.49387,0.0],[119.47904,-3.49456,0.0],[119.47923,-3.49523,0.0],[119.47964,-3.49596,0.0],[119.47984,-3.49617,0.0],[119.48038,-3.49654,0.0],[119.48216,-3.4973,0.0],[119.48249,-3.49756,0.0],[119.48257,-3.49803,0.0],[119.48234,-3.4984,0.0],[119.48126,-3.49863,0.0],[119.48166,-3.49909,0.0],[119.48202,-3.49935,0.0],[119.48253,-3.5003,0.0],[119.48607,-3.5033,0.0],[119.48629,-3.50384,0.0],[119.48676,-3.50439,0.0],[119.48753,-3.50355,0.0],[119.48797,-3.50291,0.0],[119.48802,-3.50268,0.0],[119.4889,-3.5019,0.0],[119.49068,-3.50383,0.0],[119.49057,-3.5039,0.0],[119.49146,-3.50502,0.0],[119.49263,-3.50692,0.0],[119.49332,-3.50884,0.0],[119.4942,-3.50869,0.0],[119.49519,-3.50828,0.0],[119.49572,-3.50791,0.0],[119.49608,-3.50718,0.0],[119.49615,-3.50649,0.0],[119.49628,-3.50604,0.0],[119.49746,-3.50652,0.0],[119.49803,-3.50566,0.0],[119.49845,-3.50535,0.0],[119.49974,-3.50514,0.0],[119.49973,-3.50477,0.0],[119.49985,-3.50429,0.0],[119.5001,-3.50417,0.0],[119.50032,-3.50417,0.0],[119.50123,-3.50455,0.0],[119.50169,-3.50459,0.0],[119.50218,-3.50515,0.0],[119.5025,-3.5054,0.0],[119.50326,-3.50566,0.0],[119.50408,-3.50576,0.0],[119.50805,-3.50569,0.0],[119.5084,-3.50561,0.0],[119.51009,-3.50472,0.0],[119.51049,-3.50472,0.0],[119.51089,-3.50491,0.0],[119.51169,-3.50595,0.0],[119.51416,-3.5058,0.0],[119.51587,-3.50604,0.0],[119.51666,-3.50545,0.0],[119.51685,-3.50545,0.0],[119.5172,-3.50559,0.0],[119.51797,-3.50572,0.0],[119.51815,-3.50629,0.0],[119.51812,-3.50682,0.0],[119.51925,-3.50764,0.0],[119.51938,-3.5074,0.0],[119.51987,-3.50687,0.0],[119.51992,-3.50591,0.0],[119.52131,-3.50482,0.0],[119.52288,-3.50203,0.0],[119.52384,-3.49985,0.0],[119.52577,-3.4973,0.0],[119.5266,-3.49596,0.0],[119.5266,-3.49533,0.0],[119.52607,-3.49179,0.0],[119.5255,-3.48959,0.0]]]},"properties":{"OBJECTID":86429,"NAMOBJ":"Pangaparang","WADMKD":"Pangaparang","WADMKC":"Lembang","KDEPUM":"73.15.07.2016","KDCPUM":"73.15.07","WADMKK":"Pinrang","WADMPR":"Sulawesi Selatan","LUASWH":9.5229597109907527,"TIPADM":1,"Status":"Batas Indikatif"}},{"type":"Feature","id":86452,"geometry":{"type":"Polygon","coordinates":[[[119.56821,-3.85822,0.0],[119.56319,-3.85632,0.0],[119.56311,-3.85648,0.0],[119.56195,-3.85619,0.0],[119.56192,-3.85629,0.0],[119.56129,-3.85631,0.0],[119.56113,-3.85817,0.0],[119.56016,-3.85938,0.0],[119.55981,-3.85949,0.0],[119.55913,-3.85954,0.0],[119.55619,-3.85954,0.0],[119.5549,-3.85908,0.0],[119.5536,-3.85834,0.0],[119.5532,-3.85842,0.0],[119.55239,-3.85993,0.0],[119.55177,-3.8597,0.0],[119.55156,-3.86022,0.0],[119.55103,-3.85996,0.0],[119.55093,-3.86021,0.0],[119.55038,-3.85998,0.0],[119.55033,-3.86007,0.0],[119.54884,-3.85937,0.0],[119.54878,-3.85955,0.0],[119.54861,-3.85961,0.0],[119.54776,-3.85915,0.0],[119.54779,-3.85897,0.0],[119.5469,-3.85858,0.0],[119.54658,-3.85924,0.0],[119.54623,-3.85909,0.0],[119.54634,-3.85859,0.0],[119.54444,-3.8577,0.0],[119.5445,-3.85752,0.0],[119.54243,-3.85658,0.0],[119.54259,-3.85621,0.0],[119.5425,-3.85619,0.0],[119.54258,-3.856,0.0],[119.54215,-3.85579,0.0],[119.54208,-3.85595,0.0],[119.54168,-3.85576,0.0],[119.54194,-3.85516,0.0],[119.54127,-3.85479,0.0],[119.54128,-3.85504,0.0],[119.54118,-3.85533,0.0],[119.54063,-3.85582,0.0],[119.53952,-3.85749,0.0],[119.53874,-3.85842,0.0],[119.53862,-3.85869,0.0],[119.53865,-3.85894,0.0],[119.53883,-3.85929,0.0],[119.53892,-3.85994,0.0],[119.53875,-3.86044,0.0],[119.53805,-3.86098,0.0],[119.53779,-3.86154,0.0],[119.53713,-3.86245,0.0],[119.53655,-3.86368,0.0],[119.53621,-3.86401,0.0],[119.535,-3.86477,0.0],[119.53462,-3.86496,0.0],[119.53429,-3.86498,0.0],[119.53411,-3.8649,0.0],[119.53398,-3.86453,0.0],[119.53396,-3.86402,0.0],[119.53363,-3.8636,0.0],[119.53336,-3.86347,0.0],[119.53216,-3.86342,0.0],[119.53203,-3.86334,0.0],[119.53135,-3.86328,0.0],[119.53059,-3.86354,0.0],[119.53044,-3.86345,0.0],[119.53023,-3.86286,0.0],[119.52912,-3.86235,0.0],[119.52874,-3.86175,0.0],[119.52855,-3.86168,0.0],[119.5283,-3.86178,0.0],[119.52824,-3.86232,0.0],[119.52809,-3.86272,0.0],[119.52728,-3.86295,0.0],[119.52714,-3.86314,0.0],[119.527,-3.86364,0.0],[119.52682,-3.86368,0.0],[119.5258,-3.86313,0.0],[119.52528,-3.86314,0.0],[119.5249,-3.86327,0.0],[119.52457,-3.86357,0.0],[119.52443,-3.86379,0.0],[119.52439,-3.86405,0.0],[119.52447,-3.86473,0.0],[119.52421,-3.86501,0.0],[119.52423,-3.86536,0.0],[119.52442,-3.86551,0.0],[119.5244,-3.86582,0.0],[119.52457,-3.86566,0.0],[119.52454,-3.86531,0.0],[119.52489,-3.8653,0.0],[119.52495,-3.86548,0.0],[119.52498,-3.86583,0.0],[119.52485,-3.86627,0.0],[119.52516,-3.86703,0.0],[119.52588,-3.86984,0.0],[119.52723,-3.87394,0.0],[119.52746,-3.87493,0.0],[119.52796,-3.87608,0.0],[119.52848,-3.87765,0.0],[119.52869,-3.87839,0.0],[119.52861,-3.87849,0.0],[119.5288,-3.87844,0.0],[119.52924,-3.87927,0.0],[119.52977,-3.88091,0.0],[119.52982,-3.8813,0.0],[119.52999,-3.88156,0.0],[119.53113,-3.88433,0.0],[119.53233,-3.88809,0.0],[119.53251,-3.88805,0.0],[119.53267,-3.88826,0.0],[119.53353,-3.89088,0.0],[119.53351,-3.89102,0.0],[119.53436,-3.89259,0.0],[119.53445,-3.89302,0.0],[119.5344,-3.89309,0.0],[119.53695,-3.89867,0.0],[119.53866,-3.90219,0.0],[119.53897,-3.90193,0.0],[119.53902,-3.90196,0.0],[119.53907,-3.90171,0.0],[119.53887,-3.90033,0.0],[119.53897,-3.89881,0.0],[119.5389,-3.89797,0.0],[119.53879,-3.89748,0.0],[119.53791,-3.89669,0.0],[119.53761,-3.89603,0.0],[119.53756,-3.89578,0.0],[119.53764,-3.89494,0.0],[119.53732,-3.89381,0.0],[119.5373,-3.89352,0.0],[119.53746,-3.89324,0.0],[119.53768,-3.89294,0.0],[119.53987,-3.89132,0.0],[119.54062,-3.89087,0.0],[119.54137,-3.89063,0.0],[119.5416,-3.89021,0.0],[119.5422,-3.88972,0.0],[119.54241,-3.88933,0.0],[119.54272,-3.88949,0.0],[119.54355,-3.88966,0.0],[119.54381,-3.88981,0.0],[119.54502,-3.89089,0.0],[119.54693,-3.88935,0.0],[119.54713,-3.88901,0.0],[119.54796,-3.8893,0.0],[119.54835,-3.88919,0.0],[119.5485,-3.88938,0.0],[119.54994,-3.88976,0.0],[119.54998,-3.88999,0.0],[119.55071,-3.89017,0.0],[119.55141,-3.89051,0.0],[119.55296,-3.89101,0.0],[119.55935,-3.87713,0.0],[119.56821,-3.85822,0.0]]]},"properties":{"OBJECTID":86452,"NAMOBJ":"Waetuoe","WADMKD":"Waetuoe","WADMKC":"Lanrisang","KDEPUM":"73.15.10.2006","KDCPUM":"73.15.10","WADMKK":"Pinrang","WADMPR":"Sulawesi Selatan","LUASWH":12.476899881871036,"TIPADM":1,"Status":"Batas Indikatif"}},{"type":"Feature","id":86461,"geometry":{"type":"Polygon","coordinates":[[[119.69976,-3.86401,0.0],[119.69937,-3.86409,0.0],[119.69867,-3.86441,0.0],[119.69704,-3.86563,0.0],[119.69645,-3.86588,0.0],[119.69545,-3.86601,0.0],[119.69382,-3.86596,0.0],[119.69204,-3.86554,0.0],[119.69006,-3.86473,0.0],[119.68553,-3.86331,0.0],[119.68341,-3.86242,0.0],[119.68243,-3.86227,0.0],[119.68174,-3.86235,0.0],[119.68039,-3.86316,0.0],[119.68019,-3.86354,0.0],[119.68004,-3.86581,0.0],[119.67982,-3.86613,0.0],[119.67961,-3.86674,0.0],[119.67954,-3.86762,0.0],[119.67966,-3.86849,0.0],[119.67954,-3.87068,0.0],[119.67829,-3.87291,0.0],[119.67798,-3.87426,0.0],[119.67774,-3.87486,0.0],[119.67742,-3.8753,0.0],[119.67693,-3.87563,0.0],[119.67653,-3.87583,0.0],[119.67612,-3.87589,0.0],[119.67499,-3.87574,0.0],[119.6733,-3.87578,0.0],[119.67293,-3.87557,0.0],[119.67222,-3.87487,0.0],[119.67005,-3.87379,0.0],[119.66923,-3.87379,0.0],[119.667,-3.87428,0.0],[119.66592,-3.87395,0.0],[119.66517,-3.87405,0.0],[119.66491,-3.87417,0.0],[119.66465,-3.87445,0.0],[119.66434,-3.87497,0.0],[119.66388,-3.87522,0.0],[119.66335,-3.87528,0.0],[119.66178,-3.87521,0.0],[119.66093,-3.87539,0.0],[119.66049,-3.87564,0.0],[119.65908,-3.87686,0.0],[119.65835,-3.87784,0.0],[119.65723,-3.87891,0.0],[119.65821,-3.87956,0.0],[119.66057,-3.87997,0.0],[119.66093,-3.88014,0.0],[119.66158,-3.88025,0.0],[119.66193,-3.88042,0.0],[119.66236,-3.88156,0.0],[119.66259,-3.88281,0.0],[119.66274,-3.88321,0.0],[119.66298,-3.88362,0.0],[119.66359,-3.88402,0.0],[119.66379,-3.88443,0.0],[119.66384,-3.88509,0.0],[119.66398,-3.88536,0.0],[119.6638,-3.88653,0.0],[119.66394,-3.8873,0.0],[119.66395,-3.88824,0.0],[119.66383,-3.88953,0.0],[119.66342,-3.89073,0.0],[119.66347,-3.89086,0.0],[119.66567,-3.89167,0.0],[119.66601,-3.89204,0.0],[119.66605,-3.89217,0.0],[119.66602,-3.8925,0.0],[119.66586,-3.89279,0.0],[119.66598,-3.89334,0.0],[119.66588,-3.89347,0.0],[119.66574,-3.894,0.0],[119.66583,-3.89407,0.0],[119.66599,-3.89405,0.0],[119.66564,-3.89493,0.0],[119.66555,-3.89505,0.0],[119.66481,-3.89529,0.0],[119.66378,-3.89633,0.0],[119.66354,-3.89647,0.0],[119.66425,-3.89722,0.0],[119.66506,-3.8977,0.0],[119.6663,-3.89878,0.0],[119.66661,-3.89885,0.0],[119.66682,-3.89879,0.0],[119.66815,-3.89708,0.0],[119.66861,-3.89576,0.0],[119.66924,-3.89583,0.0],[119.66969,-3.89548,0.0],[119.67069,-3.89541,0.0],[119.67079,-3.89516,0.0],[119.67185,-3.89518,0.0],[119.6722,-3.89569,0.0],[119.67236,-3.89678,0.0],[119.67259,-3.89679,0.0],[119.67324,-3.89661,0.0],[119.67359,-3.89666,0.0],[119.67378,-3.89688,0.0],[119.67378,-3.89757,0.0],[119.67397,-3.898,0.0],[119.67381,-3.89875,0.0],[119.674,-3.89959,0.0],[119.67389,-3.89984,0.0],[119.67369,-3.90006,0.0],[119.67347,-3.90014,0.0],[119.67317,-3.90005,0.0],[119.67262,-3.90015,0.0],[119.67242,-3.90036,0.0],[119.67239,-3.9007,0.0],[119.67285,-3.9007,0.0],[119.67389,-3.9013,0.0],[119.67429,-3.90164,0.0],[119.67496,-3.9029,0.0],[119.67538,-3.90345,0.0],[119.67632,-3.90437,0.0],[119.67676,-3.90466,0.0],[119.6777,-3.90509,0.0],[119.67821,-3.9055,0.0],[119.67882,-3.90604,0.0],[119.67933,-3.90668,0.0],[119.6794,-3.90737,0.0],[119.67936,-3.90816,0.0],[119.67925,-3.90848,0.0],[119.6792,-3.90976,0.0],[119.67936,-3.91003,0.0],[119.67928,-3.91043,0.0],[119.67899,-3.911,0.0],[119.67895,-3.9117,0.0],[119.67904,-3.9119,0.0],[119.67929,-3.91205,0.0],[119.67937,-3.91225,0.0],[119.67932,-3.91283,0.0],[119.67948,-3.91299,0.0],[119.6795,-3.91322,0.0],[119.67932,-3.91352,0.0],[119.67938,-3.9138,0.0],[119.67956,-3.91408,0.0],[119.68015,-3.91452,0.0],[119.68017,-3.91468,0.0],[119.67983,-3.91574,0.0],[119.67991,-3.9161,0.0],[119.6802,-3.91634,0.0],[119.68039,-3.91631,0.0],[119.68053,-3.91593,0.0],[119.68086,-3.91568,0.0],[119.68105,-3.91527,0.0],[119.68119,-3.91515,0.0],[119.68168,-3.91515,0.0],[119.6819,-3.91612,0.0],[119.68337,-3.91721,0.0],[119.68375,-3.91792,0.0],[119.68375,-3.91825,0.0],[119.68301,-3.9204,0.0],[119.68308,-3.92135,0.0],[119.68283,-3.92193,0.0],[119.68279,-3.92232,0.0],[119.6831,-3.9229,0.0],[119.68362,-3.92355,0.0],[119.68365,-3.92381,0.0],[119.68391,-3.92421,0.0],[119.68445,-3.92477,0.0],[119.68443,-3.92492,0.0],[119.68402,-3.92541,0.0],[119.68391,-3.92566,0.0],[119.68384,-3.92611,0.0],[119.6833,-3.92779,0.0],[119.68313,-3.92793,0.0],[119.68302,-3.92868,0.0],[119.68307,-3.92914,0.0],[119.68325,-3.92927,0.0],[119.68337,-3.92958,0.0],[119.68327,-3.93034,0.0],[119.68275,-3.93262,0.0],[119.68281,-3.93517,0.0],[119.68269,-3.93623,0.0],[119.68304,-3.93585,0.0],[119.68314,-3.93561,0.0],[119.68508,-3.93358,0.0],[119.68718,-3.92986,0.0],[119.6878,-3.92895,0.0],[119.6887,-3.92799,0.0],[119.6896,-3.92762,0.0],[119.69011,-3.92759,0.0],[119.691,-3.92812,0.0],[119.69166,-3.92823,0.0],[119.69228,-3.92791,0.0],[119.69297,-3.92645,0.0],[119.69307,-3.92539,0.0],[119.69347,-3.92351,0.0],[119.69447,-3.92263,0.0],[119.69475,-3.92219,0.0],[119.69517,-3.92035,0.0],[119.6955,-3.91949,0.0],[119.69553,-3.91841,0.0],[119.69596,-3.91713,0.0],[119.69653,-3.91665,0.0],[119.69725,-3.91673,0.0],[119.69817,-3.91643,0.0],[119.69847,-3.9155,0.0],[119.69887,-3.91475,0.0],[119.69999,-3.91364,0.0],[119.70155,-3.91281,0.0],[119.70314,-3.91209,0.0],[119.70333,-3.91192,0.0],[119.70336,-3.9118,0.0],[119.70384,-3.91149,0.0],[119.70417,-3.91115,0.0],[119.70425,-3.91096,0.0],[119.70425,-3.91046,0.0],[119.70388,-3.90992,0.0],[119.70384,-3.90958,0.0],[119.70395,-3.90938,0.0],[119.70419,-3.90924,0.0],[119.70439,-3.90899,0.0],[119.70453,-3.90834,0.0],[119.7045,-3.90816,0.0],[119.70416,-3.90774,0.0],[119.70378,-3.90748,0.0],[119.70343,-3.90735,0.0],[119.70341,-3.90708,0.0],[119.70354,-3.90668,0.0],[119.70378,-3.90634,0.0],[119.70441,-3.906,0.0],[119.70497,-3.90612,0.0],[119.70528,-3.90631,0.0],[119.70542,-3.90651,0.0],[119.70555,-3.90703,0.0],[119.70641,-3.90791,0.0],[119.7074,-3.90838,0.0],[119.70791,-3.90881,0.0],[119.70827,-3.9096,0.0],[119.70923,-3.91085,0.0],[119.70977,-3.91099,0.0],[119.71121,-3.9107,0.0],[119.71166,-3.91074,0.0],[119.71213,-3.91091,0.0],[119.71268,-3.91079,0.0],[119.71327,-3.91038,0.0],[119.7139,-3.90958,0.0],[119.71487,-3.90891,0.0],[119.71531,-3.90871,0.0],[119.71691,-3.90824,0.0],[119.71703,-3.90809,0.0],[119.71705,-3.90767,0.0],[119.71789,-3.90717,0.0],[119.71813,-3.90665,0.0],[119.71834,-3.90568,0.0],[119.71851,-3.90533,0.0],[119.71929,-3.90519,0.0],[119.71966,-3.90494,0.0],[119.7198,-3.90386,0.0],[119.72069,-3.9021,0.0],[119.72127,-3.90014,0.0],[119.72149,-3.89986,0.0],[119.72206,-3.8996,0.0],[119.72205,-3.89901,0.0],[119.72218,-3.89869,0.0],[119.72232,-3.89847,0.0],[119.7228,-3.8981,0.0],[119.72281,-3.89768,0.0],[119.72308,-3.89741,0.0],[119.72315,-3.89696,0.0],[119.72359,-3.89626,0.0],[119.72359,-3.89605,0.0],[119.72338,-3.89572,0.0],[119.72338,-3.89551,0.0],[119.72363,-3.89529,0.0],[119.72426,-3.89516,0.0],[119.72436,-3.89468,0.0],[119.72475,-3.89457,0.0],[119.72467,-3.89429,0.0],[119.72471,-3.8938,0.0],[119.72439,-3.89307,0.0],[119.72406,-3.89267,0.0],[119.7242,-3.89182,0.0],[119.72399,-3.89136,0.0],[119.72415,-3.89102,0.0],[119.72407,-3.89062,0.0],[119.72413,-3.89034,0.0],[119.7237,-3.88954,0.0],[119.72343,-3.88926,0.0],[119.7235,-3.88868,0.0],[119.72373,-3.8881,0.0],[119.72415,-3.88797,0.0],[119.7241,-3.8865,0.0],[119.72425,-3.88603,0.0],[119.72483,-3.88567,0.0],[119.72519,-3.88522,0.0],[119.72648,-3.88492,0.0],[119.72661,-3.88401,0.0],[119.72695,-3.88366,0.0],[119.72674,-3.88341,0.0],[119.72633,-3.8834,0.0],[119.72605,-3.88231,0.0],[119.72582,-3.8821,0.0],[119.72571,-3.88184,0.0],[119.7257,-3.88083,0.0],[119.72526,-3.88044,0.0],[119.72514,-3.88004,0.0],[119.72515,-3.87977,0.0],[119.72531,-3.87948,0.0],[119.72529,-3.87925,0.0],[119.72441,-3.87874,0.0],[119.72375,-3.87861,0.0],[119.72338,-3.87818,0.0],[119.7234,-3.87769,0.0],[119.72312,-3.87732,0.0],[119.72314,-3.87712,0.0],[119.72335,-3.8767,0.0],[119.72318,-3.87636,0.0],[119.72324,-3.8762,0.0],[119.72345,-3.87604,0.0],[119.72432,-3.87578,0.0],[119.72469,-3.87546,0.0],[119.72479,-3.87524,0.0],[119.72481,-3.87484,0.0],[119.72499,-3.87453,0.0],[119.72496,-3.87416,0.0],[119.72553,-3.87375,0.0],[119.72562,-3.8736,0.0],[119.72563,-3.87329,0.0],[119.72603,-3.87303,0.0],[119.72597,-3.87283,0.0],[119.72602,-3.87264,0.0],[119.72586,-3.87249,0.0],[119.72573,-3.87206,0.0],[119.72522,-3.87186,0.0],[119.72521,-3.87172,0.0],[119.72553,-3.87099,0.0],[119.72604,-3.87028,0.0],[119.72608,-3.8698,0.0],[119.72661,-3.86924,0.0],[119.72711,-3.86802,0.0],[119.72714,-3.8677,0.0],[119.72684,-3.86736,0.0],[119.72682,-3.86713,0.0],[119.72696,-3.8668,0.0],[119.72696,-3.86631,0.0],[119.72738,-3.86489,0.0],[119.72739,-3.86447,0.0],[119.72755,-3.86393,0.0],[119.72754,-3.86369,0.0],[119.72718,-3.86317,0.0],[119.72672,-3.86323,0.0],[119.72544,-3.86293,0.0],[119.72497,-3.86293,0.0],[119.72447,-3.86274,0.0],[119.72427,-3.86274,0.0],[119.7233,-3.86316,0.0],[119.7229,-3.86299,0.0],[119.72263,-3.86305,0.0],[119.72211,-3.86365,0.0],[119.72173,-3.86356,0.0],[119.72134,-3.86362,0.0],[119.72018,-3.8634,0.0],[119.71979,-3.86312,0.0],[119.7195,-3.86268,0.0],[119.71923,-3.86244,0.0],[119.71836,-3.86229,0.0],[119.71815,-3.8624,0.0],[119.71754,-3.86299,0.0],[119.71716,-3.86322,0.0],[119.71618,-3.86326,0.0],[119.7147,-3.86363,0.0],[119.71399,-3.86359,0.0],[119.71317,-3.86506,0.0],[119.71284,-3.86526,0.0],[119.71248,-3.86518,0.0],[119.71223,-3.86477,0.0],[119.71139,-3.86478,0.0],[119.71089,-3.86466,0.0],[119.71017,-3.8643,0.0],[119.70886,-3.86393,0.0],[119.7081,-3.86397,0.0],[119.7072,-3.86413,0.0],[119.70593,-3.86397,0.0],[119.70472,-3.86394,0.0],[119.70351,-3.86436,0.0],[119.70285,-3.86487,0.0],[119.70221,-3.86481,0.0],[119.70184,-3.86489,0.0],[119.70141,-3.86468,0.0],[119.70058,-3.86408,0.0],[119.69976,-3.86401,0.0]]]},"properties":{"OBJECTID":86461,"NAMOBJ":"Alitta","WADMKD":"Alitta","WADMKC":"Mattiro Bulu","KDEPUM":"73.15.03.2006","KDCPUM":"73.15.03","WADMKK":"Pinrang","WADMPR":"Sulawesi Selatan","LUASWH":33.384948273642003,"TIPADM":1,"Status":"Batas Indikatif"}},{"type":"Feature","id":86484,"geometry":{"type":"Polygon","coordinates":[[[119.68731,-3.68363,0.0],[119.68614,-3.68355,0.0],[119.68551,-3.68366,0.0],[119.68488,-3.68384,0.0],[119.68404,-3.68436,0.0],[119.68365,-3.68437,0.0],[119.68323,-3.68419,0.0],[119.68251,-3.68358,0.0],[119.68238,-3.68359,0.0],[119.67857,-3.68685,0.0],[119.6761,-3.68813,0.0],[119.6745,-3.68806,0.0],[119.67276,-3.68787,0.0],[119.6716,-3.68806,0.0],[119.6706,-3.68877,0.0],[119.6701,-3.68961,0.0],[119.66972,-3.69111,0.0],[119.66965,-3.69232,0.0],[119.66993,-3.69413,0.0],[119.66981,-3.69634,0.0],[119.66934,-3.69791,0.0],[119.66879,-3.69851,0.0],[119.66852,-3.69868,0.0],[119.66877,-3.70144,0.0],[119.66902,-3.70145,0.0],[119.66893,-3.70222,0.0],[119.67158,-3.70239,0.0],[119.6721,-3.70252,0.0],[119.67212,-3.70264,0.0],[119.67332,-3.70284,0.0],[119.67354,-3.70294,0.0],[119.67345,-3.70413,0.0],[119.67376,-3.70416,0.0],[119.67374,-3.70455,0.0],[119.67433,-3.70464,0.0],[119.67449,-3.70459,0.0],[119.67493,-3.70481,0.0],[119.67647,-3.70531,0.0],[119.67924,-3.70594,0.0],[119.67922,-3.70619,0.0],[119.68043,-3.70649,0.0],[119.68064,-3.70649,0.0],[119.68108,-3.70497,0.0],[119.68266,-3.70534,0.0],[119.68277,-3.70511,0.0],[119.68383,-3.70541,0.0],[119.68451,-3.70571,0.0],[119.68459,-3.70548,0.0],[119.68629,-3.7063,0.0],[119.68637,-3.70612,0.0],[119.68668,-3.7061,0.0],[119.6868,-3.7058,0.0],[119.68719,-3.70554,0.0],[119.68726,-3.70524,0.0],[119.68845,-3.70514,0.0],[119.68858,-3.70473,0.0],[119.68944,-3.70438,0.0],[119.69006,-3.70427,0.0],[119.69122,-3.70447,0.0],[119.69203,-3.70428,0.0],[119.69255,-3.70331,0.0],[119.69269,-3.70319,0.0],[119.69325,-3.7031,0.0],[119.69343,-3.70297,0.0],[119.69414,-3.70164,0.0],[119.6918,-3.70001,0.0],[119.69081,-3.69965,0.0],[119.68971,-3.69946,0.0],[119.68909,-3.6994,0.0],[119.6867,-3.69947,0.0],[119.68577,-3.69939,0.0],[119.68426,-3.69902,0.0],[119.68452,-3.69847,0.0],[119.6847,-3.69848,0.0],[119.6858,-3.69723,0.0],[119.68511,-3.69639,0.0],[119.68505,-3.69559,0.0],[119.6852,-3.69461,0.0],[119.68232,-3.69477,0.0],[119.68067,-3.69397,0.0],[119.68106,-3.69308,0.0],[119.68158,-3.69306,0.0],[119.68197,-3.6933,0.0],[119.68188,-3.69352,0.0],[119.68192,-3.69358,0.0],[119.68216,-3.6937,0.0],[119.68277,-3.69379,0.0],[119.68293,-3.69378,0.0],[119.68306,-3.69356,0.0],[119.68352,-3.69371,0.0],[119.68374,-3.69367,0.0],[119.68408,-3.69332,0.0],[119.68424,-3.69287,0.0],[119.68429,-3.69242,0.0],[119.68408,-3.69231,0.0],[119.68387,-3.69064,0.0],[119.68409,-3.69057,0.0],[119.68398,-3.69031,0.0],[119.68423,-3.69027,0.0],[119.68435,-3.69005,0.0],[119.68419,-3.68986,0.0],[119.68444,-3.68952,0.0],[119.68332,-3.68763,0.0],[119.68477,-3.68678,0.0],[119.68597,-3.68621,0.0],[119.68669,-3.68524,0.0],[119.68684,-3.68464,0.0],[119.68731,-3.68363,0.0]]]},"properties":{"OBJECTID":86484,"NAMOBJ":"Benteng","WADMKD":"Benteng","WADMKC":"Patampanua","KDEPUM":"73.15.05.1001","KDCPUM":"73.15.05","WADMKK":"Pinrang","WADMPR":"Sulawesi Selatan","LUASWH":3.8871091203412136,"TIPADM":2,"Status":"Batas Indikatif"}},{"type":"Feature","id":86494,"geometry":{"type":"Polygon","coordinates":[[[119.61623,-3.28754,0.0],[119.61594,-3.28705,0.0],[119.61549,-3.2868,0.0],[119.61485,-3.28688,0.0],[119.61347,-3.28741,0.0],[119.61279,-3.28713,0.0],[119.61196,-3.28712,0.0],[119.61137,-3.28682,0.0],[119.61076,-3.28676,0.0],[119.60985,-3.28601,0.0],[119.60956,-3.28589,0.0],[119.60923,-3.28593,0.0],[119.60834,-3.28641,0.0],[119.60804,-3.28645,0.0],[119.60779,-3.28639,0.0],[119.60655,-3.28539,0.0],[119.60635,-3.28534,0.0],[119.60596,-3.28551,0.0],[119.60572,-3.2855,0.0],[119.60476,-3.2851,0.0],[119.60454,-3.28487,0.0],[119.60443,-3.28454,0.0],[119.60443,-3.28421,0.0],[119.60461,-3.28355,0.0],[119.60443,-3.28299,0.0],[119.60335,-3.28237,0.0],[119.60281,-3.28223,0.0],[119.60238,-3.28225,0.0],[119.6021,-3.2824,0.0],[119.60172,-3.28278,0.0],[119.60141,-3.28329,0.0],[119.60119,-3.28343,0.0],[119.60018,-3.28349,0.0],[119.59967,-3.28377,0.0],[119.59921,-3.28414,0.0],[119.59859,-3.28431,0.0],[119.59818,-3.28461,0.0],[119.5977,-3.28511,0.0],[119.59729,-3.28505,0.0],[119.59673,-3.28435,0.0],[119.59645,-3.28413,0.0],[119.59595,-3.28404,0.0],[119.59538,-3.28427,0.0],[119.59476,-3.28437,0.0],[119.59382,-3.28527,0.0],[119.59356,-3.28598,0.0],[119.59332,-3.28628,0.0],[119.5938,-3.2877,0.0],[119.59461,-3.29493,0.0],[119.59297,-3.30553,0.0],[119.59122,-3.3147,0.0],[119.58844,-3.32062,0.0],[119.58509,-3.3293,0.0],[119.58325,-3.33666,0.0],[119.57965,-3.34721,0.0],[119.57707,-3.35054,0.0],[119.5745,-3.35187,0.0],[119.56983,-3.35329,0.0],[119.56722,-3.35333,0.0],[119.56508,-3.35346,0.0],[119.56365,-3.35393,0.0],[119.56665,-3.35687,0.0],[119.5684,-3.35842,0.0],[119.5742,-3.36166,0.0],[119.57893,-3.36329,0.0],[119.58286,-3.36395,0.0],[119.59134,-3.36631,0.0],[119.59527,-3.37141,0.0],[119.59982,-3.37564,0.0],[119.60303,-3.38215,0.0],[119.60882,-3.38733,0.0],[119.61403,-3.39308,0.0],[119.6161,-3.39729,0.0],[119.61437,-3.40341,0.0],[119.61292,-3.40923,0.0],[119.61633,-3.41393,0.0],[119.61975,-3.41671,0.0],[119.62059,-3.41862,0.0],[119.62001,-3.42369,0.0],[119.62284,-3.42857,0.0],[119.62854,-3.43251,0.0],[119.63253,-3.43396,0.0],[119.63848,-3.43495,0.0],[119.63836,-3.43463,0.0],[119.6386,-3.43368,0.0],[119.63931,-3.43196,0.0],[119.64151,-3.42845,0.0],[119.64252,-3.42636,0.0],[119.64316,-3.42525,0.0],[119.64385,-3.42504,0.0],[119.64493,-3.42512,0.0],[119.6459,-3.4254,0.0],[119.64773,-3.42523,0.0],[119.64876,-3.42527,0.0],[119.65002,-3.42569,0.0],[119.65041,-3.42592,0.0],[119.65081,-3.42668,0.0],[119.65137,-3.42727,0.0],[119.65173,-3.42746,0.0],[119.653,-3.42759,0.0],[119.65342,-3.42782,0.0],[119.6538,-3.42851,0.0],[119.6543,-3.42914,0.0],[119.65544,-3.42973,0.0],[119.65654,-3.43005,0.0],[119.65774,-3.43054,0.0],[119.65811,-3.43117,0.0],[119.6586,-3.43271,0.0],[119.6593,-3.43365,0.0],[119.66026,-3.43452,0.0],[119.66117,-3.43485,0.0],[119.66283,-3.43592,0.0],[119.66378,-3.43725,0.0],[119.66372,-3.43748,0.0],[119.66396,-3.43825,0.0],[119.66425,-3.43871,0.0],[119.66541,-3.43938,0.0],[119.66555,-3.4397,0.0],[119.66561,-3.44019,0.0],[119.66582,-3.44062,0.0],[119.66669,-3.44167,0.0],[119.66715,-3.44205,0.0],[119.66813,-3.44249,0.0],[119.66853,-3.44234,0.0],[119.6696,-3.44239,0.0],[119.67003,-3.44298,0.0],[119.6705,-3.44398,0.0],[119.6707,-3.44478,0.0],[119.67066,-3.44525,0.0],[119.67149,-3.44636,0.0],[119.67223,-3.44686,0.0],[119.67252,-3.44718,0.0],[119.67294,-3.44893,0.0],[119.67344,-3.44979,0.0],[119.67379,-3.4501,0.0],[119.67434,-3.4504,0.0],[119.67473,-3.45082,0.0],[119.67497,-3.45089,0.0],[119.67598,-3.45079,0.0],[119.6765,-3.45087,0.0],[119.67696,-3.45124,0.0],[119.67693,-3.45205,0.0],[119.67671,-3.45282,0.0],[119.67703,-3.4537,0.0],[119.67706,-3.45452,0.0],[119.67728,-3.45528,0.0],[119.67808,-3.45592,0.0],[119.67898,-3.45636,0.0],[119.68025,-3.45669,0.0],[119.68109,-3.45764,0.0],[119.68197,-3.45844,0.0],[119.68247,-3.45867,0.0],[119.68283,-3.45934,0.0],[119.6832,-3.4596,0.0],[119.68426,-3.45997,0.0],[119.68495,-3.4601,0.0],[119.68517,-3.46031,0.0],[119.68558,-3.46052,0.0],[119.6871,-3.46047,0.0],[119.6876,-3.4606,0.0],[119.6876,-3.46074,0.0],[119.68775,-3.46075,0.0],[119.6882,-3.46071,0.0],[119.68864,-3.46055,0.0],[119.68852,-3.46035,0.0],[119.68886,-3.45692,0.0],[119.6878,-3.45541,0.0],[119.68703,-3.45407,0.0],[119.68676,-3.45337,0.0],[119.68549,-3.45099,0.0],[119.68548,-3.45066,0.0],[119.6857,-3.45006,0.0],[119.68574,-3.44952,0.0],[119.68549,-3.44896,0.0],[119.68563,-3.44581,0.0],[119.6858,-3.44568,0.0],[119.68754,-3.44552,0.0],[119.68795,-3.44585,0.0],[119.68826,-3.44656,0.0],[119.6884,-3.44665,0.0],[119.68968,-3.44676,0.0],[119.68997,-3.44691,0.0],[119.69055,-3.44742,0.0],[119.69145,-3.44772,0.0],[119.69228,-3.44849,0.0],[119.69336,-3.44835,0.0],[119.69406,-3.44803,0.0],[119.69484,-3.44744,0.0],[119.695,-3.44712,0.0],[119.69509,-3.44662,0.0],[119.69498,-3.44573,0.0],[119.69503,-3.44414,0.0],[119.69543,-3.44274,0.0],[119.69534,-3.4407,0.0],[119.69472,-3.43815,0.0],[119.69448,-3.43683,0.0],[119.69405,-3.43544,0.0],[119.69409,-3.43468,0.0],[119.6943,-3.43424,0.0],[119.69428,-3.43375,0.0],[119.69332,-3.43064,0.0],[119.6932,-3.42799,0.0],[119.69263,-3.42656,0.0],[119.69266,-3.42624,0.0],[119.69305,-3.426,0.0],[119.69346,-3.42607,0.0],[119.69429,-3.42684,0.0],[119.69492,-3.42703,0.0],[119.69599,-3.4265,0.0],[119.6966,-3.42649,0.0],[119.697,-3.42663,0.0],[119.6974,-3.4271,0.0],[119.69776,-3.42715,0.0],[119.69809,-3.42693,0.0],[119.69828,-3.42605,0.0],[119.69852,-3.42613,0.0],[119.69893,-3.4268,0.0],[119.69911,-3.42685,0.0],[119.69944,-3.42676,0.0],[119.69983,-3.42646,0.0],[119.7004,-3.42519,0.0],[119.70075,-3.42478,0.0],[119.70109,-3.42464,0.0],[119.702,-3.42475,0.0],[119.70188,-3.42386,0.0],[119.70162,-3.42352,0.0],[119.70124,-3.42318,0.0],[119.70084,-3.42311,0.0],[119.7002,-3.42339,0.0],[119.69954,-3.42404,0.0],[119.69904,-3.42412,0.0],[119.69849,-3.42369,0.0],[119.69815,-3.42324,0.0],[119.69788,-3.42268,0.0],[119.69779,-3.42151,0.0],[119.69786,-3.42091,0.0],[119.69829,-3.4197,0.0],[119.69846,-3.41869,0.0],[119.69851,-3.41813,0.0],[119.69845,-3.41755,0.0],[119.69853,-3.41682,0.0],[119.69841,-3.41606,0.0],[119.69759,-3.41501,0.0],[119.69685,-3.41355,0.0],[119.69646,-3.41039,0.0],[119.69631,-3.40989,0.0],[119.69623,-3.40825,0.0],[119.69633,-3.40639,0.0],[119.69661,-3.40559,0.0],[119.69685,-3.40533,0.0],[119.6971,-3.40485,0.0],[119.69725,-3.40426,0.0],[119.69724,-3.40381,0.0],[119.69717,-3.40351,0.0],[119.69691,-3.40311,0.0],[119.69629,-3.40159,0.0],[119.69598,-3.40066,0.0],[119.6959,-3.40014,0.0],[119.69596,-3.39941,0.0],[119.69577,-3.39778,0.0],[119.69536,-3.39614,0.0],[119.69481,-3.39529,0.0],[119.6947,-3.39468,0.0],[119.69479,-3.39338,0.0],[119.69557,-3.39086,0.0],[119.69589,-3.38924,0.0],[119.69604,-3.38776,0.0],[119.69632,-3.38722,0.0],[119.69692,-3.38665,0.0],[119.69622,-3.38617,0.0],[119.69582,-3.38566,0.0],[119.69542,-3.38532,0.0],[119.69415,-3.3848,0.0],[119.69285,-3.38432,0.0],[119.69251,-3.3843,0.0],[119.69177,-3.38443,0.0],[119.69057,-3.38403,0.0],[119.68992,-3.38399,0.0],[119.68893,-3.3846,0.0],[119.68873,-3.38483,0.0],[119.68856,-3.38515,0.0],[119.68843,-3.38571,0.0],[119.68805,-3.38631,0.0],[119.68738,-3.38649,0.0],[119.68682,-3.38689,0.0],[119.68651,-3.38727,0.0],[119.68621,-3.38732,0.0],[119.68604,-3.38782,0.0],[119.68567,-3.38803,0.0],[119.68497,-3.38891,0.0],[119.68418,-3.38956,0.0],[119.68333,-3.38842,0.0],[119.68107,-3.38472,0.0],[119.67842,-3.37836,0.0],[119.67484,-3.37474,0.0],[119.67111,-3.37161,0.0],[119.6682,-3.36886,0.0],[119.66775,-3.36822,0.0],[119.66724,-3.3681,0.0],[119.66475,-3.36811,0.0],[119.66056,-3.36835,0.0],[119.65981,-3.36832,0.0],[119.65944,-3.36828,0.0],[119.65779,-3.36762,0.0],[119.65527,-3.36726,0.0],[119.65463,-3.36674,0.0],[119.65294,-3.36418,0.0],[119.65206,-3.36342,0.0],[119.6516,-3.36321,0.0],[119.6513,-3.36291,0.0],[119.65113,-3.36258,0.0],[119.65119,-3.36238,0.0],[119.65148,-3.36184,0.0],[119.65212,-3.36104,0.0],[119.65235,-3.36038,0.0],[119.6525,-3.35958,0.0],[119.6525,-3.35568,0.0],[119.65278,-3.35426,0.0],[119.65267,-3.35346,0.0],[119.6527,-3.35252,0.0],[119.65312,-3.35023,0.0],[119.65306,-3.34938,0.0],[119.65338,-3.34821,0.0],[119.65325,-3.34773,0.0],[119.65281,-3.34724,0.0],[119.65273,-3.34667,0.0],[119.65308,-3.346,0.0],[119.65384,-3.34531,0.0],[119.65435,-3.3434,0.0],[119.65434,-3.34294,0.0],[119.65422,-3.34264,0.0],[119.65391,-3.34246,0.0],[119.65339,-3.34231,0.0],[119.65243,-3.34075,0.0],[119.65071,-3.33962,0.0],[119.64981,-3.33929,0.0],[119.64859,-3.33903,0.0],[119.64562,-3.33728,0.0],[119.6453,-3.33704,0.0],[119.64474,-3.33641,0.0],[119.64396,-3.33591,0.0],[119.64332,-3.33568,0.0],[119.64294,-3.33564,0.0],[119.64263,-3.33545,0.0],[119.64291,-3.33413,0.0],[119.64363,-3.33234,0.0],[119.64429,-3.33168,0.0],[119.64567,-3.33112,0.0],[119.64746,-3.33103,0.0],[119.64789,-3.33089,0.0],[119.64856,-3.33041,0.0],[119.64867,-3.3301,0.0],[119.64841,-3.32972,0.0],[119.64781,-3.328,0.0],[119.64804,-3.32709,0.0],[119.64781,-3.3262,0.0],[119.64785,-3.32516,0.0],[119.64738,-3.32375,0.0],[119.6458,-3.32189,0.0],[119.64363,-3.31987,0.0],[119.64183,-3.31839,0.0],[119.63832,-3.3165,0.0],[119.63665,-3.31552,0.0],[119.63571,-3.3148,0.0],[119.6353,-3.31458,0.0],[119.63402,-3.31433,0.0],[119.63242,-3.31428,0.0],[119.63153,-3.31362,0.0],[119.63088,-3.31261,0.0],[119.63017,-3.31093,0.0],[119.62985,-3.31054,0.0],[119.62949,-3.31022,0.0],[119.62835,-3.30987,0.0],[119.62793,-3.30957,0.0],[119.62723,-3.30724,0.0],[119.627,-3.3067,0.0],[119.62565,-3.30582,0.0],[119.6251,-3.3051,0.0],[119.62391,-3.3042,0.0],[119.62288,-3.30391,0.0],[119.62194,-3.30341,0.0],[119.62047,-3.30213,0.0],[119.62031,-3.30174,0.0],[119.62026,-3.3013,0.0],[119.61951,-3.30018,0.0],[119.61903,-3.2991,0.0],[119.61901,-3.29882,0.0],[119.61935,-3.29814,0.0],[119.61979,-3.29766,0.0],[119.61992,-3.29708,0.0],[119.61772,-3.29438,0.0],[119.61734,-3.29326,0.0],[119.61693,-3.29251,0.0],[119.61611,-3.28965,0.0],[119.61605,-3.28827,0.0],[119.61623,-3.28754,0.0]]]},"properties":{"OBJECTID":86494,"NAMOBJ":"Basseang","WADMKD":"Basseang","WADMKC":"Lembang","KDEPUM":"73.15.07.2008","KDCPUM":"73.15.07","WADMKK":"Pinrang","WADMPR":"Sulawesi Selatan","LUASWH":122.9351706323817,"TIPADM":1,"Status":"Batas Indikatif"}},{"type":"Feature","id":86514,"geometry":{"type":"Polygon","coordinates":[[[119.60785,-3.91929,0.0],[119.60643,-3.9211,0.0],[119.60565,-3.92186,0.0],[119.60445,-3.92268,0.0],[119.60309,-3.92333,0.0],[119.60225,-3.92343,0.0],[119.60122,-3.92337,0.0],[119.59975,-3.92376,0.0],[119.59761,-3.92498,0.0],[119.59497,-3.92662,0.0],[119.59413,-3.927,0.0],[119.59353,-3.92714,0.0],[119.59282,-3.92713,0.0],[119.59241,-3.92701,0.0],[119.59078,-3.92552,0.0],[119.59043,-3.92472,0.0],[119.59008,-3.92369,0.0],[119.5899,-3.92223,0.0],[119.5898,-3.91996,0.0],[119.5896,-3.91908,0.0],[119.58899,-3.91819,0.0],[119.58838,-3.91771,0.0],[119.58763,-3.91734,0.0],[119.58614,-3.91687,0.0],[119.58508,-3.91682,0.0],[119.58444,-3.91699,0.0],[119.58335,-3.91754,0.0],[119.58272,-3.91803,0.0],[119.58225,-3.9186,0.0],[119.58199,-3.91906,0.0],[119.58186,-3.91953,0.0],[119.58177,-3.92055,0.0],[119.58184,-3.92213,0.0],[119.5822,-3.9251,0.0],[119.5822,-3.92575,0.0],[119.58201,-3.92649,0.0],[119.58177,-3.92704,0.0],[119.58065,-3.92845,0.0],[119.57995,-3.92906,0.0],[119.5786,-3.92982,0.0],[119.577,-3.93017,0.0],[119.57544,-3.93004,0.0],[119.57481,-3.92984,0.0],[119.57418,-3.92946,0.0],[119.57448,-3.93021,0.0],[119.57447,-3.9306,0.0],[119.57409,-3.93179,0.0],[119.5751,-3.9338,0.0],[119.57621,-3.93555,0.0],[119.57682,-3.93532,0.0],[119.57743,-3.93548,0.0],[119.57741,-3.93587,0.0],[119.57824,-3.93591,0.0],[119.57924,-3.93642,0.0],[119.58164,-3.93777,0.0],[119.58159,-3.93792,0.0],[119.58257,-3.93867,0.0],[119.58424,-3.93961,0.0],[119.58427,-3.93956,0.0],[119.58476,-3.93981,0.0],[119.58493,-3.93981,0.0],[119.58533,-3.93997,0.0],[119.58574,-3.94015,0.0],[119.58611,-3.94043,0.0],[119.58694,-3.94078,0.0],[119.58699,-3.9409,0.0],[119.58695,-3.94272,0.0],[119.58704,-3.94338,0.0],[119.58718,-3.94401,0.0],[119.58729,-3.944,0.0],[119.58734,-3.94412,0.0],[119.58744,-3.94471,0.0],[119.58744,-3.94596,0.0],[119.58799,-3.94611,0.0],[119.58766,-3.94693,0.0],[119.58802,-3.94815,0.0],[119.58891,-3.94815,0.0],[119.59048,-3.94833,0.0],[119.59066,-3.94793,0.0],[119.59139,-3.94837,0.0],[119.59129,-3.94858,0.0],[119.5925,-3.94916,0.0],[119.59256,-3.94908,0.0],[119.59297,-3.94928,0.0],[119.59289,-3.94953,0.0],[119.59356,-3.94977,0.0],[119.59393,-3.94976,0.0],[119.59413,-3.94983,0.0],[119.59434,-3.95038,0.0],[119.59489,-3.95078,0.0],[119.59478,-3.95092,0.0],[119.59496,-3.95103,0.0],[119.59507,-3.9509,0.0],[119.59587,-3.95158,0.0],[119.59613,-3.95129,0.0],[119.5981,-3.95241,0.0],[119.59825,-3.95252,0.0],[119.59821,-3.95266,0.0],[119.59856,-3.95335,0.0],[119.59865,-3.95341,0.0],[119.5988,-3.95332,0.0],[119.59919,-3.95375,0.0],[119.6001,-3.95438,0.0],[119.6015,-3.95469,0.0],[119.60127,-3.95404,0.0],[119.60124,-3.95321,0.0],[119.60135,-3.95263,0.0],[119.60159,-3.95217,0.0],[119.60189,-3.95197,0.0],[119.60308,-3.9516,0.0],[119.60377,-3.95122,0.0],[119.60489,-3.95034,0.0],[119.6058,-3.95053,0.0],[119.60665,-3.948,0.0],[119.60571,-3.94763,0.0],[119.6054,-3.94717,0.0],[119.60548,-3.94588,0.0],[119.60541,-3.94572,0.0],[119.6057,-3.94502,0.0],[119.60581,-3.94445,0.0],[119.60082,-3.94251,0.0],[119.60177,-3.94013,0.0],[119.60213,-3.93877,0.0],[119.60212,-3.93864,0.0],[119.60197,-3.93846,0.0],[119.60196,-3.93829,0.0],[119.60228,-3.93766,0.0],[119.60297,-3.93572,0.0],[119.60279,-3.93554,0.0],[119.60309,-3.93481,0.0],[119.60244,-3.93447,0.0],[119.60268,-3.93372,0.0],[119.60242,-3.93352,0.0],[119.6024,-3.93332,0.0],[119.60253,-3.93302,0.0],[119.60126,-3.93268,0.0],[119.6013,-3.93254,0.0],[119.60099,-3.93247,0.0],[119.60095,-3.93215,0.0],[119.60069,-3.93211,0.0],[119.60082,-3.93119,0.0],[119.6014,-3.9305,0.0],[119.60188,-3.93008,0.0],[119.6021,-3.92914,0.0],[119.60256,-3.92879,0.0],[119.60271,-3.92855,0.0],[119.60278,-3.92859,0.0],[119.60287,-3.9284,0.0],[119.60433,-3.92912,0.0],[119.60443,-3.92893,0.0],[119.60476,-3.92869,0.0],[119.60814,-3.92783,0.0],[119.60869,-3.92783,0.0],[119.60895,-3.92699,0.0],[119.60942,-3.92703,0.0],[119.60985,-3.92655,0.0],[119.61022,-3.92576,0.0],[119.60994,-3.92546,0.0],[119.61007,-3.92445,0.0],[119.61083,-3.92263,0.0],[119.61106,-3.92249,0.0],[119.61123,-3.92218,0.0],[119.6114,-3.92219,0.0],[119.61151,-3.92209,0.0],[119.61176,-3.92172,0.0],[119.61283,-3.92217,0.0],[119.6131,-3.92176,0.0],[119.61356,-3.92131,0.0],[119.61368,-3.92065,0.0],[119.6141,-3.92018,0.0],[119.61387,-3.91996,0.0],[119.61367,-3.91935,0.0],[119.61329,-3.91922,0.0],[119.61267,-3.91935,0.0],[119.61237,-3.91956,0.0],[119.61189,-3.91952,0.0],[119.61077,-3.92034,0.0],[119.61043,-3.92026,0.0],[119.61012,-3.92034,0.0],[119.6095,-3.92014,0.0],[119.60785,-3.91929,0.0]]]},"properties":{"OBJECTID":86514,"NAMOBJ":"Polewali","WADMKD":"Polewali","WADMKC":"Suppa","KDEPUM":"73.15.02.2010","KDCPUM":"73.15.02","WADMKK":"Pinrang","WADMPR":"Sulawesi Selatan","LUASWH":7.9900560230310047,"TIPADM":1,"Status":"Batas Indikatif"}},{"type":"Feature","id":86520,"geometry":{"type":"Polygon","coordinates":[[[119.65533,-3.79132,0.0],[119.65518,-3.79001,0.0],[119.65539,-3.78773,0.0],[119.65521,-3.78695,0.0],[119.65506,-3.78668,0.0],[119.65462,-3.78681,0.0],[119.65254,-3.78705,0.0],[119.65267,-3.78796,0.0],[119.65264,-3.78835,0.0],[119.65174,-3.79239,0.0],[119.65178,-3.79516,0.0],[119.6551,-3.79427,0.0],[119.65534,-3.79426,0.0],[119.65546,-3.79283,0.0],[119.65533,-3.79132,0.0]]]},"properties":{"OBJECTID":86520,"NAMOBJ":"Sawitto","WADMKD":"Sawitto","WADMKC":"Watang Sawitto","KDEPUM":"73.15.04.1002","KDCPUM":"73.15.04","WADMKK":"Pinrang","WADMPR":"Sulawesi Selatan","LUASWH":0.30646262677467123,"TIPADM":2,"Status":"Batas Indikatif"}},{"type":"Feature","id":86526,"geometry":{"type":"Polygon","coordinates":[[[119.59246,-4.03385,0.0],[119.59169,-4.03272,0.0],[119.59164,-4.03193,0.0],[119.58961,-4.03127,0.0],[119.58913,-4.03123,0.0],[119.58688,-4.03135,0.0],[119.5872,-4.03543,0.0],[119.58737,-4.0361,0.0],[119.58852,-4.03797,0.0],[119.58866,-4.03792,0.0],[119.58884,-4.03799,0.0],[119.58989,-4.03952,0.0],[119.58982,-4.04014,0.0],[119.5897,-4.04031,0.0],[119.5898,-4.0408,0.0],[119.5903,-4.04098,0.0],[119.59073,-4.04098,0.0],[119.59197,-4.04152,0.0],[119.59298,-4.04239,0.0],[119.59406,-4.04312,0.0],[119.59495,-4.0439,0.0],[119.59526,-4.0441,0.0],[119.59589,-4.0441,0.0],[119.5959,-4.04362,0.0],[119.59637,-4.04351,0.0],[119.59732,-4.04307,0.0],[119.59807,-4.04285,0.0],[119.59836,-4.04263,0.0],[119.59863,-4.04212,0.0],[119.59873,-4.04149,0.0],[119.5986,-4.04064,0.0],[119.59859,-4.03998,0.0],[119.5985,-4.03999,0.0],[119.5984,-4.03958,0.0],[119.5984,-4.03942,0.0],[119.5985,-4.03942,0.0],[119.5985,-4.03927,0.0],[119.59844,-4.03927,0.0],[119.59846,-4.03898,0.0],[119.59839,-4.03889,0.0],[119.59846,-4.03864,0.0],[119.59837,-4.03863,0.0],[119.59851,-4.0382,0.0],[119.59838,-4.03809,0.0],[119.59824,-4.03757,0.0],[119.59798,-4.03765,0.0],[119.59783,-4.03761,0.0],[119.59755,-4.0378,0.0],[119.597,-4.03794,0.0],[119.59558,-4.03816,0.0],[119.59445,-4.03825,0.0],[119.59441,-4.03862,0.0],[119.59359,-4.03833,0.0],[119.59342,-4.03877,0.0],[119.59227,-4.0383,0.0],[119.59221,-4.03819,0.0],[119.59224,-4.03787,0.0],[119.59191,-4.03736,0.0],[119.59215,-4.03736,0.0],[119.5925,-4.03707,0.0],[119.59256,-4.03669,0.0],[119.59227,-4.03637,0.0],[119.59214,-4.03588,0.0],[119.59193,-4.03587,0.0],[119.59176,-4.03566,0.0],[119.59167,-4.03525,0.0],[119.59168,-4.03486,0.0],[119.59193,-4.034,0.0],[119.59246,-4.03385,0.0]]]},"properties":{"OBJECTID":86526,"NAMOBJ":"Lero","WADMKD":"Lero","WADMKC":"Suppa","KDEPUM":"73.15.02.2003","KDCPUM":"73.15.02","WADMKK":"Pinrang","WADMPR":"Sulawesi Selatan","LUASWH":0.86077668163189847,"TIPADM":1,"Status":"Batas Indikatif"}},{"type":"Feature","id":86528,"geometry":{"type":"Polygon","coordinates":[[[119.63483,-3.57667,0.0],[119.63464,-3.57646,0.0],[119.63397,-3.57613,0.0],[119.63376,-3.57595,0.0],[119.63316,-3.5751,0.0],[119.63267,-3.57482,0.0],[119.63203,-3.57515,0.0],[119.63169,-3.57526,0.0],[119.63135,-3.57526,0.0],[119.63026,-3.57469,0.0],[119.62985,-3.57459,0.0],[119.62946,-3.57465,0.0],[119.62776,-3.57579,0.0],[119.62753,-3.5758,0.0],[119.62643,-3.57784,0.0],[119.62569,-3.57965,0.0],[119.62593,-3.58179,0.0],[119.62581,-3.58501,0.0],[119.6259,-3.58629,0.0],[119.62643,-3.58801,0.0],[119.62652,-3.58977,0.0],[119.6253,-3.59244,0.0],[119.6242,-3.59289,0.0],[119.62373,-3.59331,0.0],[119.62379,-3.59503,0.0],[119.62432,-3.59916,0.0],[119.62429,-3.60119,0.0],[119.62518,-3.60404,0.0],[119.62539,-3.60523,0.0],[119.62646,-3.60595,0.0],[119.62881,-3.60672,0.0],[119.63116,-3.60764,0.0],[119.63348,-3.60889,0.0],[119.63687,-3.61178,0.0],[119.63845,-3.61433,0.0],[119.63946,-3.61621,0.0],[119.6405,-3.61951,0.0],[119.64009,-3.62349,0.0],[119.64038,-3.62813,0.0],[119.63958,-3.63173,0.0],[119.63863,-3.63518,0.0],[119.63839,-3.63685,0.0],[119.63851,-3.63878,0.0],[119.63928,-3.64067,0.0],[119.63887,-3.64266,0.0],[119.63888,-3.64499,0.0],[119.63862,-3.64845,0.0],[119.63862,-3.65085,0.0],[119.63848,-3.65224,0.0],[119.63852,-3.6534,0.0],[119.63911,-3.65485,0.0],[119.63955,-3.65563,0.0],[119.64012,-3.65639,0.0],[119.64054,-3.65825,0.0],[119.64086,-3.65898,0.0],[119.64128,-3.65943,0.0],[119.64183,-3.65976,0.0],[119.64387,-3.66071,0.0],[119.6441,-3.66096,0.0],[119.64426,-3.66129,0.0],[119.64435,-3.66223,0.0],[119.64422,-3.66531,0.0],[119.6443,-3.66731,0.0],[119.64462,-3.66862,0.0],[119.64509,-3.66947,0.0],[119.6455,-3.66989,0.0],[119.64609,-3.67013,0.0],[119.64818,-3.6706,0.0],[119.6488,-3.67083,0.0],[119.64999,-3.6719,0.0],[119.65031,-3.67232,0.0],[119.65056,-3.67282,0.0],[119.65086,-3.67378,0.0],[119.65118,-3.67439,0.0],[119.6513,-3.67489,0.0],[119.6513,-3.67526,0.0],[119.65117,-3.67574,0.0],[119.6512,-3.67627,0.0],[119.65143,-3.67691,0.0],[119.65138,-3.67753,0.0],[119.65144,-3.67902,0.0],[119.65174,-3.67963,0.0],[119.65231,-3.68035,0.0],[119.65243,-3.68085,0.0],[119.6524,-3.68148,0.0],[119.6518,-3.68292,0.0],[119.65151,-3.68341,0.0],[119.65145,-3.6839,0.0],[119.65091,-3.68429,0.0],[119.65066,-3.68464,0.0],[119.65012,-3.68604,0.0],[119.65066,-3.68672,0.0],[119.65084,-3.68707,0.0],[119.6509,-3.6879,0.0],[119.65097,-3.68806,0.0],[119.65063,-3.68955,0.0],[119.65073,-3.68997,0.0],[119.65057,-3.69008,0.0],[119.65043,-3.69051,0.0],[119.65059,-3.69064,0.0],[119.65065,-3.69098,0.0],[119.65076,-3.6911,0.0],[119.65104,-3.69234,0.0],[119.65149,-3.69289,0.0],[119.65211,-3.69422,0.0],[119.65205,-3.6945,0.0],[119.65227,-3.69528,0.0],[119.6522,-3.69621,0.0],[119.65313,-3.69657,0.0],[119.65451,-3.69841,0.0],[119.65561,-3.69905,0.0],[119.65725,-3.69934,0.0],[119.65951,-3.69939,0.0],[119.66101,-3.6992,0.0],[119.66318,-3.69858,0.0],[119.66375,-3.69817,0.0],[119.66408,-3.69734,0.0],[119.6647,-3.69679,0.0],[119.66548,-3.69658,0.0],[119.66624,-3.69658,0.0],[119.66665,-3.69684,0.0],[119.66684,-3.69736,0.0],[119.66684,-3.69786,0.0],[119.66663,-3.69855,0.0],[119.66665,-3.69917,0.0],[119.66722,-3.69936,0.0],[119.66789,-3.6991,0.0],[119.66879,-3.69851,0.0],[119.66934,-3.69791,0.0],[119.66981,-3.69634,0.0],[119.66993,-3.69413,0.0],[119.66965,-3.69232,0.0],[119.66972,-3.69111,0.0],[119.6701,-3.68961,0.0],[119.6706,-3.68877,0.0],[119.6716,-3.68806,0.0],[119.67276,-3.68787,0.0],[119.6745,-3.68806,0.0],[119.6761,-3.68813,0.0],[119.67857,-3.68685,0.0],[119.68238,-3.68359,0.0],[119.68009,-3.68378,0.0],[119.67888,-3.68376,0.0],[119.67813,-3.68312,0.0],[119.67767,-3.68248,0.0],[119.67749,-3.68203,0.0],[119.6775,-3.68133,0.0],[119.67765,-3.68102,0.0],[119.6783,-3.68075,0.0],[119.67857,-3.68023,0.0],[119.6796,-3.68002,0.0],[119.67981,-3.67977,0.0],[119.68018,-3.67896,0.0],[119.68023,-3.67856,0.0],[119.68017,-3.67832,0.0],[119.67961,-3.67762,0.0],[119.67937,-3.67715,0.0],[119.67928,-3.67682,0.0],[119.67925,-3.67568,0.0],[119.67955,-3.67389,0.0],[119.67974,-3.67349,0.0],[119.68011,-3.67314,0.0],[119.68014,-3.67295,0.0],[119.68002,-3.67262,0.0],[119.67978,-3.6723,0.0],[119.67937,-3.67217,0.0],[119.67919,-3.672,0.0],[119.67915,-3.67183,0.0],[119.67963,-3.67071,0.0],[119.68025,-3.66995,0.0],[119.6806,-3.67026,0.0],[119.68101,-3.67038,0.0],[119.68175,-3.67034,0.0],[119.68258,-3.67006,0.0],[119.68265,-3.6697,0.0],[119.68256,-3.66913,0.0],[119.68259,-3.66888,0.0],[119.6836,-3.66782,0.0],[119.6837,-3.66741,0.0],[119.68416,-3.66679,0.0],[119.68437,-3.66632,0.0],[119.68483,-3.66576,0.0],[119.68429,-3.66521,0.0],[119.68432,-3.66492,0.0],[119.6856,-3.66442,0.0],[119.68656,-3.6644,0.0],[119.68762,-3.66427,0.0],[119.68828,-3.66443,0.0],[119.68848,-3.66429,0.0],[119.6891,-3.66227,0.0],[119.68927,-3.66141,0.0],[119.68921,-3.66108,0.0],[119.68881,-3.66087,0.0],[119.68797,-3.6606,0.0],[119.68772,-3.66033,0.0],[119.68713,-3.65954,0.0],[119.68706,-3.65926,0.0],[119.68706,-3.65821,0.0],[119.68694,-3.6577,0.0],[119.68623,-3.65692,0.0],[119.68603,-3.65647,0.0],[119.6854,-3.65627,0.0],[119.6845,-3.65579,0.0],[119.68396,-3.65432,0.0],[119.68276,-3.65253,0.0],[119.68243,-3.65076,0.0],[119.68205,-3.64983,0.0],[119.68205,-3.64941,0.0],[119.68223,-3.64825,0.0],[119.68273,-3.64766,0.0],[119.68312,-3.64547,0.0],[119.68343,-3.64485,0.0],[119.68333,-3.64454,0.0],[119.68312,-3.64437,0.0],[119.68212,-3.64442,0.0],[119.68126,-3.64417,0.0],[119.68066,-3.64355,0.0],[119.67935,-3.64291,0.0],[119.67802,-3.64085,0.0],[119.67782,-3.64037,0.0],[119.67742,-3.63985,0.0],[119.67656,-3.63935,0.0],[119.67599,-3.63886,0.0],[119.67575,-3.63856,0.0],[119.67558,-3.63816,0.0],[119.67558,-3.63784,0.0],[119.67634,-3.6372,0.0],[119.67794,-3.63526,0.0],[119.67852,-3.63443,0.0],[119.67869,-3.63363,0.0],[119.67948,-3.63195,0.0],[119.67995,-3.63113,0.0],[119.68045,-3.62959,0.0],[119.68085,-3.62779,0.0],[119.68108,-3.62725,0.0],[119.68219,-3.62616,0.0],[119.68229,-3.62474,0.0],[119.6817,-3.62345,0.0],[119.68113,-3.62281,0.0],[119.68008,-3.62221,0.0],[119.67977,-3.62169,0.0],[119.67982,-3.62091,0.0],[119.67927,-3.62034,0.0],[119.67639,-3.62032,0.0],[119.67377,-3.6207,0.0],[119.6713,-3.62056,0.0],[119.66102,-3.61668,0.0],[119.65388,-3.61375,0.0],[119.64795,-3.61047,0.0],[119.64274,-3.6059,0.0],[119.63924,-3.60197,0.0],[119.63796,-3.5994,0.0],[119.6371,-3.59691,0.0],[119.63596,-3.59248,0.0],[119.63582,-3.5892,0.0],[119.63496,-3.58277,0.0],[119.63483,-3.57667,0.0]]]},"properties":{"OBJECTID":86528,"NAMOBJ":"Tapporang","WADMKD":"Tapporang","WADMKC":"Batulappa","KDEPUM":"73.15.12.2004","KDCPUM":"73.15.12","WADMKK":"Pinrang","WADMPR":"Sulawesi Selatan","LUASWH":41.482027906987561,"TIPADM":1,"Status":"Batas Indikatif"}},{"type":"Feature","id":86576,"geometry":{"type":"Polygon","coordinates":[[[119.58689,-3.87356,0.0],[119.58617,-3.87322,0.0],[119.58659,-3.87249,0.0],[119.5855,-3.87199,0.0],[119.58511,-3.87268,0.0],[119.58316,-3.87167,0.0],[119.58356,-3.87101,0.0],[119.58298,-3.8707,0.0],[119.5846,-3.86757,0.0],[119.58429,-3.86742,0.0],[119.58483,-3.86652,0.0],[119.58456,-3.86633,0.0],[119.58518,-3.86535,0.0],[119.58484,-3.86517,0.0],[119.58499,-3.86495,0.0],[119.58464,-3.86473,0.0],[119.58449,-3.865,0.0],[119.58434,-3.86492,0.0],[119.58392,-3.86465,0.0],[119.58414,-3.86417,0.0],[119.58111,-3.86238,0.0],[119.57948,-3.86173,0.0],[119.58001,-3.86082,0.0],[119.57773,-3.86006,0.0],[119.57758,-3.86038,0.0],[119.57698,-3.86017,0.0],[119.57666,-3.86092,0.0],[119.57541,-3.86044,0.0],[119.57547,-3.8603,0.0],[119.57415,-3.85964,0.0],[119.57419,-3.85955,0.0],[119.57325,-3.8591,0.0],[119.57314,-3.85932,0.0],[119.57241,-3.85904,0.0],[119.57228,-3.85939,0.0],[119.57164,-3.8592,0.0],[119.57148,-3.85969,0.0],[119.56968,-3.859,0.0],[119.56947,-3.85939,0.0],[119.56796,-3.85875,0.0],[119.55935,-3.87713,0.0],[119.55296,-3.89101,0.0],[119.55141,-3.89051,0.0],[119.55071,-3.89017,0.0],[119.54998,-3.88999,0.0],[119.54994,-3.88976,0.0],[119.5485,-3.88938,0.0],[119.54835,-3.88919,0.0],[119.54796,-3.8893,0.0],[119.54713,-3.88901,0.0],[119.54693,-3.88935,0.0],[119.54502,-3.89089,0.0],[119.54381,-3.88981,0.0],[119.54355,-3.88966,0.0],[119.54272,-3.88949,0.0],[119.54241,-3.88933,0.0],[119.5422,-3.88972,0.0],[119.5416,-3.89021,0.0],[119.54137,-3.89063,0.0],[119.54062,-3.89087,0.0],[119.53987,-3.89132,0.0],[119.53768,-3.89294,0.0],[119.53746,-3.89324,0.0],[119.5373,-3.89352,0.0],[119.53732,-3.89381,0.0],[119.53764,-3.89494,0.0],[119.53756,-3.89578,0.0],[119.53761,-3.89603,0.0],[119.53791,-3.89669,0.0],[119.53879,-3.89748,0.0],[119.5389,-3.89797,0.0],[119.53897,-3.89881,0.0],[119.53887,-3.90033,0.0],[119.53906,-3.90139,0.0],[119.53902,-3.90196,0.0],[119.53909,-3.90201,0.0],[119.53886,-3.90231,0.0],[119.53909,-3.90224,0.0],[119.53935,-3.90236,0.0],[119.5397,-3.90284,0.0],[119.54131,-3.90648,0.0],[119.54126,-3.90659,0.0],[119.54131,-3.90672,0.0],[119.54268,-3.9095,0.0],[119.54299,-3.91001,0.0],[119.54332,-3.9099,0.0],[119.54336,-3.90999,0.0],[119.5433,-3.91003,0.0],[119.54341,-3.91009,0.0],[119.54375,-3.90997,0.0],[119.544,-3.91014,0.0],[119.54516,-3.91208,0.0],[119.54618,-3.91352,0.0],[119.54641,-3.91401,0.0],[119.54681,-3.91451,0.0],[119.54772,-3.91599,0.0],[119.54808,-3.91641,0.0],[119.54867,-3.91766,0.0],[119.54868,-3.91782,0.0],[119.54877,-3.9179,0.0],[119.54885,-3.91778,0.0],[119.54907,-3.91772,0.0],[119.54939,-3.9178,0.0],[119.5497,-3.91803,0.0],[119.54993,-3.91834,0.0],[119.55015,-3.91845,0.0],[119.55105,-3.91985,0.0],[119.55131,-3.9201,0.0],[119.55188,-3.92091,0.0],[119.55222,-3.92116,0.0],[119.55263,-3.92174,0.0],[119.55282,-3.92177,0.0],[119.55307,-3.922,0.0],[119.55328,-3.92181,0.0],[119.55365,-3.92185,0.0],[119.5537,-3.92164,0.0],[119.55406,-3.92201,0.0],[119.55489,-3.92125,0.0],[119.55692,-3.91997,0.0],[119.55749,-3.9195,0.0],[119.55812,-3.91869,0.0],[119.55905,-3.91724,0.0],[119.56058,-3.91453,0.0],[119.56167,-3.91315,0.0],[119.56244,-3.91247,0.0],[119.56323,-3.91201,0.0],[119.56411,-3.91164,0.0],[119.56593,-3.91108,0.0],[119.56569,-3.91056,0.0],[119.56539,-3.9103,0.0],[119.56465,-3.91009,0.0],[119.56452,-3.90994,0.0],[119.56438,-3.90971,0.0],[119.5638,-3.9076,0.0],[119.56344,-3.9072,0.0],[119.56356,-3.90694,0.0],[119.56239,-3.90566,0.0],[119.5617,-3.90516,0.0],[119.5602,-3.90432,0.0],[119.55926,-3.90413,0.0],[119.55778,-3.90322,0.0],[119.55589,-3.9023,0.0],[119.56051,-3.89987,0.0],[119.56075,-3.8994,0.0],[119.5593,-3.89891,0.0],[119.55998,-3.89628,0.0],[119.55997,-3.89598,0.0],[119.55988,-3.89584,0.0],[119.56114,-3.89485,0.0],[119.56123,-3.89461,0.0],[119.56116,-3.89457,0.0],[119.56127,-3.89436,0.0],[119.56157,-3.89431,0.0],[119.5615,-3.89416,0.0],[119.56158,-3.89351,0.0],[119.56206,-3.89249,0.0],[119.56336,-3.89022,0.0],[119.56354,-3.88979,0.0],[119.56347,-3.88975,0.0],[119.56402,-3.88833,0.0],[119.56447,-3.88766,0.0],[119.56351,-3.88695,0.0],[119.56408,-3.88618,0.0],[119.56396,-3.88606,0.0],[119.56457,-3.88503,0.0],[119.56497,-3.88527,0.0],[119.56507,-3.88567,0.0],[119.56503,-3.88582,0.0],[119.56535,-3.88602,0.0],[119.56538,-3.88612,0.0],[119.56524,-3.88636,0.0],[119.56561,-3.88661,0.0],[119.56671,-3.88543,0.0],[119.5674,-3.88491,0.0],[119.56804,-3.88428,0.0],[119.57075,-3.88513,0.0],[119.57091,-3.88476,0.0],[119.57288,-3.88538,0.0],[119.57294,-3.88499,0.0],[119.57373,-3.88509,0.0],[119.57379,-3.88446,0.0],[119.57432,-3.88453,0.0],[119.57436,-3.88425,0.0],[119.57479,-3.88432,0.0],[119.57481,-3.88389,0.0],[119.57574,-3.88405,0.0],[119.57576,-3.88378,0.0],[119.57629,-3.8839,0.0],[119.57665,-3.88389,0.0],[119.57648,-3.88473,0.0],[119.57692,-3.88473,0.0],[119.57716,-3.88378,0.0],[119.57778,-3.88374,0.0],[119.57808,-3.88297,0.0],[119.57888,-3.88309,0.0],[119.57901,-3.88254,0.0],[119.57949,-3.8828,0.0],[119.57979,-3.88269,0.0],[119.58212,-3.88118,0.0],[119.58196,-3.88096,0.0],[119.58188,-3.88101,0.0],[119.58112,-3.88027,0.0],[119.58143,-3.87997,0.0],[119.58084,-3.87946,0.0],[119.58169,-3.87842,0.0],[119.58188,-3.87857,0.0],[119.58208,-3.87834,0.0],[119.5825,-3.87872,0.0],[119.58349,-3.87753,0.0],[119.58402,-3.87797,0.0],[119.58489,-3.87703,0.0],[119.58652,-3.87469,0.0],[119.58626,-3.87451,0.0],[119.58689,-3.87356,0.0]]]},"properties":{"OBJECTID":86576,"NAMOBJ":"Lanrisang","WADMKD":"Lanrisang","WADMKC":"Lanrisang","KDEPUM":"73.15.10.1001","KDCPUM":"73.15.10","WADMKK":"Pinrang","WADMPR":"Sulawesi Selatan","LUASWH":14.14478522127366,"TIPADM":2,"Status":"Batas Indikatif"}},{"type":"Feature","id":86578,"geometry":{"type":"Polygon","coordinates":[[[119.67949,-3.85944,0.0],[119.6779,-3.85935,0.0],[119.67791,-3.85915,0.0],[119.67699,-3.85909,0.0],[119.67696,-3.85929,0.0],[119.67621,-3.85915,0.0],[119.67619,-3.85927,0.0],[119.67535,-3.85908,0.0],[119.67547,-3.85871,0.0],[119.67477,-3.85841,0.0],[119.6749,-3.85789,0.0],[119.67382,-3.85746,0.0],[119.67348,-3.85755,0.0],[119.6732,-3.85725,0.0],[119.67158,-3.85909,0.0],[119.67116,-3.85878,0.0],[119.67017,-3.85953,0.0],[119.66974,-3.85935,0.0],[119.66979,-3.85919,0.0],[119.66692,-3.85797,0.0],[119.66674,-3.85831,0.0],[119.66331,-3.85682,0.0],[119.66336,-3.8567,0.0],[119.66047,-3.85538,0.0],[119.65992,-3.85505,0.0],[119.66026,-3.85489,0.0],[119.6606,-3.85503,0.0],[119.6611,-3.85451,0.0],[119.66136,-3.85435,0.0],[119.66107,-3.85422,0.0],[119.66139,-3.85345,0.0],[119.66078,-3.8532,0.0],[119.6607,-3.85342,0.0],[119.65911,-3.85266,0.0],[119.65915,-3.85251,0.0],[119.65835,-3.85202,0.0],[119.6584,-3.85193,0.0],[119.65701,-3.85116,0.0],[119.65627,-3.85238,0.0],[119.65471,-3.85541,0.0],[119.65434,-3.85531,0.0],[119.65401,-3.85541,0.0],[119.65377,-3.85504,0.0],[119.65327,-3.85478,0.0],[119.65296,-3.85437,0.0],[119.65258,-3.85342,0.0],[119.65227,-3.85291,0.0],[119.65226,-3.85266,0.0],[119.65194,-3.85249,0.0],[119.65164,-3.85301,0.0],[119.6505,-3.85236,0.0],[119.64991,-3.85358,0.0],[119.65023,-3.85369,0.0],[119.65008,-3.85407,0.0],[119.65053,-3.85426,0.0],[119.65007,-3.85533,0.0],[119.65075,-3.85566,0.0],[119.65057,-3.85601,0.0],[119.65021,-3.85585,0.0],[119.64987,-3.85665,0.0],[119.64968,-3.85664,0.0],[119.64926,-3.85757,0.0],[119.65145,-3.85848,0.0],[119.65113,-3.85934,0.0],[119.65075,-3.85923,0.0],[119.6506,-3.85971,0.0],[119.65108,-3.85987,0.0],[119.65035,-3.86261,0.0],[119.64997,-3.86276,0.0],[119.64833,-3.86258,0.0],[119.64794,-3.86345,0.0],[119.64762,-3.86388,0.0],[119.64688,-3.8637,0.0],[119.64661,-3.86401,0.0],[119.64647,-3.86433,0.0],[119.64618,-3.8644,0.0],[119.64568,-3.86482,0.0],[119.64489,-3.86459,0.0],[119.64477,-3.86473,0.0],[119.64467,-3.86473,0.0],[119.64438,-3.86449,0.0],[119.6439,-3.86446,0.0],[119.64342,-3.86455,0.0],[119.64213,-3.86494,0.0],[119.64213,-3.86488,0.0],[119.64164,-3.86494,0.0],[119.64082,-3.86537,0.0],[119.64058,-3.86566,0.0],[119.64049,-3.86592,0.0],[119.63961,-3.86569,0.0],[119.63904,-3.86564,0.0],[119.63924,-3.86486,0.0],[119.6374,-3.86459,0.0],[119.63734,-3.86485,0.0],[119.63454,-3.86404,0.0],[119.63442,-3.86459,0.0],[119.63336,-3.86431,0.0],[119.63055,-3.86326,0.0],[119.62744,-3.86221,0.0],[119.6264,-3.86175,0.0],[119.62699,-3.86053,0.0],[119.6265,-3.86028,0.0],[119.62672,-3.86001,0.0],[119.62687,-3.86008,0.0],[119.62702,-3.85977,0.0],[119.62657,-3.85931,0.0],[119.62609,-3.85928,0.0],[119.62583,-3.85941,0.0],[119.62522,-3.85891,0.0],[119.62479,-3.85923,0.0],[119.62327,-3.85949,0.0],[119.62309,-3.85962,0.0],[119.62286,-3.86035,0.0],[119.62286,-3.86076,0.0],[119.62254,-3.8615,0.0],[119.62219,-3.86178,0.0],[119.62122,-3.86188,0.0],[119.6213,-3.86238,0.0],[119.62113,-3.86258,0.0],[119.62088,-3.86267,0.0],[119.62084,-3.86278,0.0],[119.62101,-3.86298,0.0],[119.62145,-3.86307,0.0],[119.6215,-3.86321,0.0],[119.62122,-3.86357,0.0],[119.62122,-3.86371,0.0],[119.62147,-3.8642,0.0],[119.62145,-3.86439,0.0],[119.62153,-3.86461,0.0],[119.62222,-3.86564,0.0],[119.62253,-3.86635,0.0],[119.62247,-3.86706,0.0],[119.6226,-3.86776,0.0],[119.62274,-3.86795,0.0],[119.623,-3.86805,0.0],[119.62321,-3.86869,0.0],[119.62339,-3.86895,0.0],[119.62422,-3.86931,0.0],[119.62493,-3.86986,0.0],[119.62565,-3.87019,0.0],[119.62585,-3.87014,0.0],[119.62598,-3.86992,0.0],[119.62612,-3.86991,0.0],[119.62624,-3.87009,0.0],[119.6262,-3.87054,0.0],[119.62627,-3.87066,0.0],[119.62798,-3.87077,0.0],[119.62823,-3.87088,0.0],[119.6289,-3.87133,0.0],[119.62903,-3.87155,0.0],[119.62899,-3.87188,0.0],[119.62833,-3.87217,0.0],[119.62824,-3.87242,0.0],[119.6283,-3.87272,0.0],[119.62817,-3.87294,0.0],[119.62803,-3.873,0.0],[119.62774,-3.87291,0.0],[119.6274,-3.87246,0.0],[119.62729,-3.87244,0.0],[119.62567,-3.873,0.0],[119.62494,-3.8728,0.0],[119.62455,-3.87278,0.0],[119.62391,-3.87254,0.0],[119.62362,-3.8731,0.0],[119.62281,-3.87326,0.0],[119.62188,-3.87319,0.0],[119.62177,-3.87316,0.0],[119.62162,-3.8728,0.0],[119.62147,-3.87263,0.0],[119.6207,-3.87246,0.0],[119.62037,-3.87221,0.0],[119.62007,-3.87214,0.0],[119.61939,-3.87248,0.0],[119.61869,-3.87238,0.0],[119.61841,-3.87243,0.0],[119.61802,-3.87267,0.0],[119.61732,-3.8729,0.0],[119.61712,-3.87334,0.0],[119.61697,-3.87343,0.0],[119.61605,-3.87348,0.0],[119.61566,-3.87377,0.0],[119.61526,-3.8743,0.0],[119.61505,-3.87478,0.0],[119.6144,-3.87569,0.0],[119.61425,-3.87568,0.0],[119.61425,-3.87601,0.0],[119.61402,-3.87658,0.0],[119.6139,-3.87765,0.0],[119.61442,-3.87833,0.0],[119.61457,-3.87865,0.0],[119.6146,-3.87897,0.0],[119.61444,-3.87987,0.0],[119.61447,-3.8803,0.0],[119.61492,-3.88096,0.0],[119.61568,-3.88169,0.0],[119.61617,-3.88202,0.0],[119.61684,-3.88229,0.0],[119.61748,-3.88284,0.0],[119.61784,-3.88296,0.0],[119.61802,-3.88292,0.0],[119.61825,-3.88249,0.0],[119.6184,-3.88242,0.0],[119.6195,-3.88324,0.0],[119.61982,-3.88364,0.0],[119.62019,-3.88384,0.0],[119.62203,-3.88399,0.0],[119.62226,-3.88419,0.0],[119.62265,-3.88481,0.0],[119.62282,-3.8843,0.0],[119.62272,-3.88313,0.0],[119.62281,-3.88281,0.0],[119.62337,-3.88239,0.0],[119.6243,-3.88236,0.0],[119.62459,-3.88214,0.0],[119.62485,-3.88126,0.0],[119.62632,-3.88121,0.0],[119.62768,-3.88077,0.0],[119.6281,-3.88074,0.0],[119.62971,-3.88102,0.0],[119.63062,-3.88104,0.0],[119.63177,-3.88084,0.0],[119.63272,-3.88118,0.0],[119.63306,-3.88107,0.0],[119.63361,-3.88059,0.0],[119.63372,-3.88022,0.0],[119.63359,-3.87939,0.0],[119.63362,-3.8791,0.0],[119.63367,-3.87893,0.0],[119.63381,-3.87883,0.0],[119.63408,-3.87876,0.0],[119.63499,-3.87874,0.0],[119.63593,-3.87909,0.0],[119.63644,-3.87952,0.0],[119.63706,-3.8807,0.0],[119.63712,-3.88107,0.0],[119.63749,-3.88145,0.0],[119.63783,-3.88166,0.0],[119.63827,-3.88178,0.0],[119.63866,-3.88177,0.0],[119.63939,-3.88061,0.0],[119.64042,-3.87999,0.0],[119.64095,-3.87995,0.0],[119.64155,-3.8801,0.0],[119.64228,-3.88043,0.0],[119.64269,-3.88039,0.0],[119.64316,-3.8803,0.0],[119.64378,-3.88003,0.0],[119.64432,-3.87951,0.0],[119.64448,-3.87947,0.0],[119.64483,-3.87954,0.0],[119.64544,-3.88044,0.0],[119.6457,-3.88056,0.0],[119.64653,-3.88069,0.0],[119.64732,-3.88119,0.0],[119.6483,-3.88154,0.0],[119.65026,-3.88149,0.0],[119.65105,-3.88126,0.0],[119.6516,-3.88099,0.0],[119.652,-3.88104,0.0],[119.65322,-3.88169,0.0],[119.65364,-3.88161,0.0],[119.65424,-3.88117,0.0],[119.65544,-3.88069,0.0],[119.65606,-3.87999,0.0],[119.65681,-3.8796,0.0],[119.65723,-3.87891,0.0],[119.65835,-3.87784,0.0],[119.65908,-3.87686,0.0],[119.66049,-3.87564,0.0],[119.66093,-3.87539,0.0],[119.66178,-3.87521,0.0],[119.66335,-3.87528,0.0],[119.66388,-3.87522,0.0],[119.66434,-3.87497,0.0],[119.66465,-3.87445,0.0],[119.66491,-3.87417,0.0],[119.66517,-3.87405,0.0],[119.66592,-3.87395,0.0],[119.667,-3.87428,0.0],[119.66923,-3.87379,0.0],[119.67005,-3.87379,0.0],[119.67222,-3.87487,0.0],[119.67293,-3.87557,0.0],[119.6733,-3.87578,0.0],[119.67499,-3.87574,0.0],[119.67567,-3.87586,0.0],[119.67653,-3.87583,0.0],[119.67742,-3.8753,0.0],[119.67774,-3.87486,0.0],[119.67798,-3.87426,0.0],[119.67829,-3.87291,0.0],[119.67954,-3.87068,0.0],[119.67966,-3.86849,0.0],[119.67954,-3.86762,0.0],[119.67961,-3.86674,0.0],[119.67982,-3.86613,0.0],[119.68004,-3.86581,0.0],[119.68019,-3.86354,0.0],[119.68039,-3.86316,0.0],[119.67961,-3.86267,0.0],[119.67939,-3.86232,0.0],[119.67915,-3.86157,0.0],[119.6792,-3.86016,0.0],[119.67949,-3.85944,0.0]]]},"properties":{"OBJECTID":86578,"NAMOBJ":"Padaidi","WADMKD":"Padaidi","WADMKC":"Mattiro Bulu","KDEPUM":"73.15.03.1002","KDCPUM":"73.15.03","WADMKK":"Pinrang","WADMPR":"Sulawesi Selatan","LUASWH":13.964974876001461,"TIPADM":2,"Status":"Batas Indikatif"}},{"type":"Feature","id":86590,"geometry":{"type":"Polygon","coordinates":[[[119.51748,-3.59376,0.0],[119.51642,-3.59262,0.0],[119.51598,-3.59182,0.0],[119.5156,-3.59078,0.0],[119.51518,-3.59071,0.0],[119.51449,-3.58945,0.0],[119.5141,-3.58837,0.0],[119.51299,-3.58767,0.0],[119.51274,-3.58718,0.0],[119.51225,-3.58666,0.0],[119.51145,-3.58653,0.0],[119.51154,-3.58741,0.0],[119.5115,-3.58784,0.0],[119.51165,-3.58855,0.0],[119.51165,-3.59082,0.0],[119.51135,-3.59387,0.0],[119.51114,-3.59482,0.0],[119.51107,-3.59559,0.0],[119.51073,-3.5964,0.0],[119.51058,-3.59651,0.0],[119.51042,-3.59633,0.0],[119.51025,-3.59643,0.0],[119.51036,-3.59655,0.0],[119.51017,-3.59705,0.0],[119.50959,-3.59798,0.0],[119.50915,-3.59847,0.0],[119.50852,-3.59903,0.0],[119.50797,-3.59936,0.0],[119.50785,-3.59934,0.0],[119.50782,-3.59917,0.0],[119.5077,-3.59912,0.0],[119.50675,-3.59974,0.0],[119.50525,-3.5999,0.0],[119.50493,-3.59985,0.0],[119.50477,-3.59968,0.0],[119.50493,-3.59879,0.0],[119.50468,-3.59857,0.0],[119.5033,-3.59848,0.0],[119.50221,-3.59861,0.0],[119.50128,-3.59886,0.0],[119.49976,-3.59935,0.0],[119.49839,-3.60007,0.0],[119.4981,-3.6001,0.0],[119.49796,-3.60002,0.0],[119.49785,-3.60017,0.0],[119.49764,-3.60019,0.0],[119.49688,-3.60094,0.0],[119.49638,-3.60129,0.0],[119.49573,-3.60209,0.0],[119.49516,-3.60259,0.0],[119.4942,-3.60392,0.0],[119.49408,-3.60444,0.0],[119.49377,-3.60487,0.0],[119.49365,-3.60532,0.0],[119.49349,-3.60559,0.0],[119.49314,-3.6069,0.0],[119.49286,-3.60742,0.0],[119.49245,-3.60851,0.0],[119.49233,-3.60906,0.0],[119.49192,-3.60995,0.0],[119.49157,-3.61098,0.0],[119.49043,-3.61341,0.0],[119.49,-3.61462,0.0],[119.48953,-3.61542,0.0],[119.48923,-3.61566,0.0],[119.4891,-3.61606,0.0],[119.48882,-3.61643,0.0],[119.48866,-3.61681,0.0],[119.48783,-3.61795,0.0],[119.48732,-3.61947,0.0],[119.48679,-3.61996,0.0],[119.48657,-3.61984,0.0],[119.48661,-3.61965,0.0],[119.48649,-3.61973,0.0],[119.48622,-3.62088,0.0],[119.4857,-3.62241,0.0],[119.48545,-3.62365,0.0],[119.4847,-3.62544,0.0],[119.48439,-3.62596,0.0],[119.48417,-3.6261,0.0],[119.484,-3.62654,0.0],[119.48383,-3.62671,0.0],[119.48369,-3.62722,0.0],[119.48334,-3.62784,0.0],[119.4831,-3.62851,0.0],[119.4829,-3.62876,0.0],[119.48261,-3.62883,0.0],[119.48235,-3.62942,0.0],[119.48201,-3.62988,0.0],[119.48188,-3.63024,0.0],[119.48166,-3.63049,0.0],[119.48101,-3.63169,0.0],[119.4809,-3.6318,0.0],[119.48064,-3.63173,0.0],[119.48114,-3.63272,0.0],[119.48105,-3.63286,0.0],[119.48079,-3.63278,0.0],[119.4807,-3.6329,0.0],[119.4806,-3.63279,0.0],[119.48013,-3.63263,0.0],[119.47987,-3.63262,0.0],[119.4796,-3.63248,0.0],[119.47949,-3.63258,0.0],[119.47934,-3.63247,0.0],[119.47919,-3.63248,0.0],[119.47889,-3.6329,0.0],[119.4787,-3.63296,0.0],[119.47845,-3.6332,0.0],[119.47834,-3.63358,0.0],[119.47781,-3.63392,0.0],[119.47801,-3.63439,0.0],[119.47781,-3.63463,0.0],[119.47785,-3.63481,0.0],[119.47854,-3.63569,0.0],[119.47893,-3.63601,0.0],[119.47943,-3.63582,0.0],[119.48022,-3.63567,0.0],[119.48067,-3.63571,0.0],[119.48115,-3.63627,0.0],[119.48136,-3.63683,0.0],[119.48187,-3.63907,0.0],[119.48245,-3.63994,0.0],[119.48325,-3.64002,0.0],[119.48392,-3.63991,0.0],[119.48511,-3.63956,0.0],[119.48568,-3.63862,0.0],[119.48615,-3.63808,0.0],[119.48696,-3.63762,0.0],[119.48718,-3.63736,0.0],[119.48717,-3.63655,0.0],[119.48731,-3.6363,0.0],[119.48775,-3.63602,0.0],[119.48837,-3.63587,0.0],[119.48877,-3.63557,0.0],[119.48919,-3.63505,0.0],[119.48956,-3.63393,0.0],[119.48983,-3.63357,0.0],[119.49021,-3.63335,0.0],[119.49138,-3.63306,0.0],[119.49162,-3.6327,0.0],[119.49181,-3.63219,0.0],[119.4922,-3.63185,0.0],[119.49254,-3.63185,0.0],[119.4934,-3.63208,0.0],[119.49454,-3.63223,0.0],[119.49584,-3.63181,0.0],[119.49665,-3.63192,0.0],[119.49717,-3.63216,0.0],[119.49764,-3.63217,0.0],[119.49797,-3.63206,0.0],[119.49843,-3.62945,0.0],[119.49883,-3.62823,0.0],[119.49936,-3.62764,0.0],[119.5006,-3.62684,0.0],[119.50145,-3.62558,0.0],[119.5027,-3.62561,0.0],[119.50317,-3.62613,0.0],[119.50422,-3.62615,0.0],[119.50451,-3.6266,0.0],[119.50477,-3.62721,0.0],[119.50564,-3.62793,0.0],[119.50682,-3.62778,0.0],[119.50858,-3.62807,0.0],[119.51042,-3.62863,0.0],[119.5112,-3.62854,0.0],[119.51158,-3.6286,0.0],[119.51228,-3.62889,0.0],[119.51403,-3.62549,0.0],[119.51645,-3.62646,0.0],[119.51717,-3.62512,0.0],[119.51781,-3.62542,0.0],[119.51849,-3.62451,0.0],[119.51997,-3.62532,0.0],[119.52098,-3.62375,0.0],[119.52124,-3.62392,0.0],[119.5216,-3.6233,0.0],[119.5222,-3.62365,0.0],[119.52207,-3.62396,0.0],[119.52275,-3.62448,0.0],[119.52333,-3.62473,0.0],[119.52357,-3.62473,0.0],[119.52451,-3.62426,0.0],[119.52658,-3.62389,0.0],[119.52652,-3.62337,0.0],[119.52784,-3.62359,0.0],[119.52791,-3.6233,0.0],[119.52949,-3.62379,0.0],[119.52959,-3.62355,0.0],[119.53124,-3.62421,0.0],[119.53126,-3.62434,0.0],[119.53225,-3.62467,0.0],[119.53252,-3.62492,0.0],[119.53365,-3.62545,0.0],[119.53408,-3.62421,0.0],[119.53561,-3.62497,0.0],[119.53582,-3.62463,0.0],[119.5367,-3.62514,0.0],[119.53748,-3.6253,0.0],[119.53769,-3.62515,0.0],[119.53829,-3.62513,0.0],[119.53823,-3.62431,0.0],[119.53894,-3.62422,0.0],[119.53899,-3.62344,0.0],[119.53966,-3.62349,0.0],[119.53999,-3.6234,0.0],[119.54049,-3.62408,0.0],[119.54112,-3.62529,0.0],[119.54134,-3.62548,0.0],[119.54177,-3.62559,0.0],[119.54437,-3.62565,0.0],[119.5448,-3.62582,0.0],[119.54524,-3.62635,0.0],[119.54643,-3.62658,0.0],[119.54768,-3.62751,0.0],[119.55017,-3.6279,0.0],[119.55156,-3.62787,0.0],[119.5519,-3.62774,0.0],[119.55282,-3.6276,0.0],[119.55333,-3.6274,0.0],[119.55372,-3.62712,0.0],[119.55402,-3.62672,0.0],[119.55535,-3.6262,0.0],[119.55568,-3.626,0.0],[119.55604,-3.6252,0.0],[119.55631,-3.62515,0.0],[119.55778,-3.62555,0.0],[119.55802,-3.62576,0.0],[119.55819,-3.62626,0.0],[119.55831,-3.62719,0.0],[119.55848,-3.62745,0.0],[119.55875,-3.62753,0.0],[119.55893,-3.62745,0.0],[119.5594,-3.62691,0.0],[119.55978,-3.62631,0.0],[119.5602,-3.62601,0.0],[119.56084,-3.62668,0.0],[119.56122,-3.62683,0.0],[119.56153,-3.62683,0.0],[119.56181,-3.62698,0.0],[119.56197,-3.62713,0.0],[119.56204,-3.62735,0.0],[119.56188,-3.62777,0.0],[119.56043,-3.62797,0.0],[119.56018,-3.62813,0.0],[119.56018,-3.62854,0.0],[119.5603,-3.62887,0.0],[119.5611,-3.62947,0.0],[119.56175,-3.62978,0.0],[119.56401,-3.63036,0.0],[119.56428,-3.63028,0.0],[119.56507,-3.62978,0.0],[119.5662,-3.62963,0.0],[119.56639,-3.6294,0.0],[119.56667,-3.62881,0.0],[119.56699,-3.62845,0.0],[119.56768,-3.62796,0.0],[119.56867,-3.62708,0.0],[119.56901,-3.62716,0.0],[119.56927,-3.62712,0.0],[119.56983,-3.62682,0.0],[119.57063,-3.62671,0.0],[119.57077,-3.62611,0.0],[119.57102,-3.62588,0.0],[119.57257,-3.62514,0.0],[119.57331,-3.62502,0.0],[119.57354,-3.62513,0.0],[119.574,-3.6259,0.0],[119.57436,-3.62613,0.0],[119.57623,-3.62631,0.0],[119.57721,-3.62627,0.0],[119.57792,-3.62755,0.0],[119.57824,-3.62775,0.0],[119.57866,-3.62779,0.0],[119.57892,-3.6277,0.0],[119.57928,-3.62737,0.0],[119.57966,-3.62724,0.0],[119.57992,-3.62724,0.0],[119.58078,-3.62755,0.0],[119.58128,-3.62787,0.0],[119.58159,-3.62796,0.0],[119.58216,-3.62795,0.0],[119.58274,-3.62825,0.0],[119.58316,-3.62832,0.0],[119.58475,-3.62826,0.0],[119.58623,-3.62837,0.0],[119.58782,-3.62828,0.0],[119.59162,-3.62866,0.0],[119.59254,-3.62864,0.0],[119.59329,-3.62852,0.0],[119.59463,-3.62813,0.0],[119.59724,-3.62672,0.0],[119.59877,-3.62613,0.0],[119.59931,-3.62577,0.0],[119.60019,-3.62558,0.0],[119.60065,-3.62537,0.0],[119.60155,-3.62547,0.0],[119.60423,-3.62534,0.0],[119.60558,-3.62493,0.0],[119.60619,-3.62436,0.0],[119.60676,-3.62358,0.0],[119.60724,-3.62317,0.0],[119.60746,-3.62267,0.0],[119.60677,-3.61857,0.0],[119.60693,-3.61141,0.0],[119.60505,-3.61104,0.0],[119.59981,-3.6103,0.0],[119.59791,-3.60994,0.0],[119.59527,-3.60965,0.0],[119.59315,-3.60962,0.0],[119.59078,-3.60941,0.0],[119.58901,-3.60955,0.0],[119.58629,-3.61047,0.0],[119.5839,-3.61097,0.0],[119.58299,-3.61152,0.0],[119.57877,-3.61227,0.0],[119.5763,-3.61185,0.0],[119.57464,-3.61129,0.0],[119.57368,-3.61077,0.0],[119.57271,-3.60914,0.0],[119.57173,-3.60786,0.0],[119.56972,-3.60567,0.0],[119.56928,-3.60453,0.0],[119.56898,-3.60342,0.0],[119.56859,-3.60289,0.0],[119.56752,-3.6023,0.0],[119.56714,-3.602,0.0],[119.56481,-3.59744,0.0],[119.56307,-3.59457,0.0],[119.5623,-3.59284,0.0],[119.56074,-3.5906,0.0],[119.56006,-3.58916,0.0],[119.55923,-3.58803,0.0],[119.55762,-3.58741,0.0],[119.55676,-3.58751,0.0],[119.55633,-3.58774,0.0],[119.55556,-3.58793,0.0],[119.55521,-3.58809,0.0],[119.55575,-3.58932,0.0],[119.55551,-3.59015,0.0],[119.55533,-3.59034,0.0],[119.55466,-3.59033,0.0],[119.5546,-3.59001,0.0],[119.55395,-3.59001,0.0],[119.55374,-3.58914,0.0],[119.55336,-3.5893,0.0],[119.55302,-3.58976,0.0],[119.55293,-3.59002,0.0],[119.55298,-3.59041,0.0],[119.55333,-3.59035,0.0],[119.55337,-3.59056,0.0],[119.55325,-3.59087,0.0],[119.55264,-3.59097,0.0],[119.5508,-3.59082,0.0],[119.55029,-3.59067,0.0],[119.54978,-3.59084,0.0],[119.54904,-3.59056,0.0],[119.54889,-3.5906,0.0],[119.54854,-3.59094,0.0],[119.54806,-3.59066,0.0],[119.54781,-3.59067,0.0],[119.54768,-3.59083,0.0],[119.5475,-3.5909,0.0],[119.54722,-3.59083,0.0],[119.54696,-3.59097,0.0],[119.54642,-3.59217,0.0],[119.54605,-3.5927,0.0],[119.54591,-3.59334,0.0],[119.54616,-3.59398,0.0],[119.54633,-3.59414,0.0],[119.54629,-3.59468,0.0],[119.54651,-3.59497,0.0],[119.54667,-3.59598,0.0],[119.5466,-3.59603,0.0],[119.54639,-3.59604,0.0],[119.54624,-3.5959,0.0],[119.54575,-3.59582,0.0],[119.54557,-3.59563,0.0],[119.54554,-3.59543,0.0],[119.54567,-3.59525,0.0],[119.54566,-3.59503,0.0],[119.54553,-3.59486,0.0],[119.54544,-3.59486,0.0],[119.5452,-3.59519,0.0],[119.54469,-3.59494,0.0],[119.54445,-3.59538,0.0],[119.54466,-3.59566,0.0],[119.54457,-3.59583,0.0],[119.54437,-3.59592,0.0],[119.54395,-3.59593,0.0],[119.54393,-3.59562,0.0],[119.54272,-3.59576,0.0],[119.54272,-3.59608,0.0],[119.54008,-3.59637,0.0],[119.5397,-3.59613,0.0],[119.53903,-3.59593,0.0],[119.53865,-3.59514,0.0],[119.53824,-3.59495,0.0],[119.53795,-3.59499,0.0],[119.53743,-3.59524,0.0],[119.53651,-3.59587,0.0],[119.53528,-3.59565,0.0],[119.5344,-3.59565,0.0],[119.53351,-3.59598,0.0],[119.5335,-3.59612,0.0],[119.5325,-3.59638,0.0],[119.53227,-3.59677,0.0],[119.53197,-3.59692,0.0],[119.53187,-3.59705,0.0],[119.53138,-3.59695,0.0],[119.53107,-3.59757,0.0],[119.53026,-3.59718,0.0],[119.52996,-3.59719,0.0],[119.52985,-3.5973,0.0],[119.52963,-3.59788,0.0],[119.52948,-3.59799,0.0],[119.52888,-3.59803,0.0],[119.52841,-3.59777,0.0],[119.52786,-3.5977,0.0],[119.52758,-3.59757,0.0],[119.52738,-3.59648,0.0],[119.52702,-3.59615,0.0],[119.52559,-3.59548,0.0],[119.52524,-3.59518,0.0],[119.52506,-3.5948,0.0],[119.52485,-3.5939,0.0],[119.52466,-3.59378,0.0],[119.52448,-3.59385,0.0],[119.52401,-3.59434,0.0],[119.52386,-3.59428,0.0],[119.52365,-3.5938,0.0],[119.52336,-3.59373,0.0],[119.52272,-3.59389,0.0],[119.52266,-3.59417,0.0],[119.5195,-3.59395,0.0],[119.51861,-3.59343,0.0],[119.51763,-3.594,0.0],[119.51748,-3.59376,0.0]]]},"properties":{"OBJECTID":86590,"NAMOBJ":"Data","WADMKD":"Data","WADMKC":"Duampanua","KDEPUM":"73.15.06.1004","KDCPUM":"73.15.06","WADMKK":"Pinrang","WADMPR":"Sulawesi Selatan","LUASWH":39.675909296273545,"TIPADM":2,"Status":"Batas Indikatif"}},{"type":"Feature","id":86647,"geometry":{"type":"Polygon","coordinates":[[[119.68864,-3.46055,0.0],[119.6882,-3.46071,0.0],[119.68775,-3.46075,0.0],[119.6876,-3.46074,0.0],[119.6876,-3.4606,0.0],[119.6871,-3.46047,0.0],[119.68558,-3.46052,0.0],[119.68517,-3.46031,0.0],[119.68495,-3.4601,0.0],[119.68426,-3.45997,0.0],[119.6832,-3.4596,0.0],[119.68283,-3.45934,0.0],[119.68247,-3.45867,0.0],[119.68197,-3.45844,0.0],[119.68109,-3.45764,0.0],[119.68025,-3.45669,0.0],[119.67898,-3.45636,0.0],[119.67808,-3.45592,0.0],[119.67728,-3.45528,0.0],[119.67706,-3.45452,0.0],[119.67703,-3.4537,0.0],[119.67671,-3.45282,0.0],[119.67693,-3.45205,0.0],[119.67696,-3.45124,0.0],[119.6765,-3.45087,0.0],[119.67598,-3.45079,0.0],[119.67497,-3.45089,0.0],[119.67473,-3.45082,0.0],[119.67434,-3.4504,0.0],[119.67379,-3.4501,0.0],[119.67344,-3.44979,0.0],[119.67294,-3.44893,0.0],[119.67252,-3.44718,0.0],[119.67223,-3.44686,0.0],[119.67149,-3.44636,0.0],[119.67066,-3.44525,0.0],[119.6707,-3.44478,0.0],[119.6705,-3.44398,0.0],[119.67003,-3.44298,0.0],[119.6696,-3.44239,0.0],[119.66853,-3.44234,0.0],[119.66813,-3.44249,0.0],[119.66715,-3.44205,0.0],[119.66669,-3.44167,0.0],[119.66582,-3.44062,0.0],[119.66561,-3.44019,0.0],[119.66555,-3.4397,0.0],[119.66541,-3.43938,0.0],[119.66425,-3.43871,0.0],[119.66396,-3.43825,0.0],[119.66372,-3.43748,0.0],[119.66378,-3.43725,0.0],[119.66283,-3.43592,0.0],[119.66117,-3.43485,0.0],[119.66026,-3.43452,0.0],[119.6593,-3.43365,0.0],[119.6586,-3.43271,0.0],[119.65811,-3.43117,0.0],[119.65774,-3.43054,0.0],[119.65654,-3.43005,0.0],[119.65544,-3.42973,0.0],[119.6543,-3.42914,0.0],[119.6538,-3.42851,0.0],[119.65342,-3.42782,0.0],[119.653,-3.42759,0.0],[119.65173,-3.42746,0.0],[119.65137,-3.42727,0.0],[119.65081,-3.42668,0.0],[119.65041,-3.42592,0.0],[119.65002,-3.42569,0.0],[119.64876,-3.42527,0.0],[119.64773,-3.42523,0.0],[119.6459,-3.4254,0.0],[119.64493,-3.42512,0.0],[119.64385,-3.42504,0.0],[119.64316,-3.42525,0.0],[119.64252,-3.42636,0.0],[119.64151,-3.42845,0.0],[119.63931,-3.43196,0.0],[119.6386,-3.43368,0.0],[119.63836,-3.43463,0.0],[119.63931,-3.43713,0.0],[119.63889,-3.43909,0.0],[119.6383,-3.44088,0.0],[119.63681,-3.44373,0.0],[119.63535,-3.44721,0.0],[119.63509,-3.44802,0.0],[119.63501,-3.44864,0.0],[119.63537,-3.44997,0.0],[119.63582,-3.45097,0.0],[119.6359,-3.45166,0.0],[119.6363,-3.45235,0.0],[119.63701,-3.45292,0.0],[119.63818,-3.4534,0.0],[119.63842,-3.45371,0.0],[119.63894,-3.45642,0.0],[119.63889,-3.45806,0.0],[119.6387,-3.45952,0.0],[119.63847,-3.46023,0.0],[119.63838,-3.46093,0.0],[119.63801,-3.46158,0.0],[119.63796,-3.46247,0.0],[119.6367,-3.46437,0.0],[119.6366,-3.46473,0.0],[119.63664,-3.46631,0.0],[119.6368,-3.46721,0.0],[119.63961,-3.46851,0.0],[119.64194,-3.46978,0.0],[119.64228,-3.47009,0.0],[119.64255,-3.47056,0.0],[119.64262,-3.47088,0.0],[119.6425,-3.47242,0.0],[119.64218,-3.47428,0.0],[119.64234,-3.4748,0.0],[119.64262,-3.47538,0.0],[119.64275,-3.47645,0.0],[119.64301,-3.47683,0.0],[119.64355,-3.47717,0.0],[119.64425,-3.47745,0.0],[119.64478,-3.47735,0.0],[119.64535,-3.47712,0.0],[119.64598,-3.4774,0.0],[119.64612,-3.4777,0.0],[119.64628,-3.47849,0.0],[119.64645,-3.47874,0.0],[119.64726,-3.47953,0.0],[119.64804,-3.47977,0.0],[119.65158,-3.47993,0.0],[119.6532,-3.48054,0.0],[119.65403,-3.48059,0.0],[119.65465,-3.48087,0.0],[119.65546,-3.48094,0.0],[119.65659,-3.4809,0.0],[119.65677,-3.481,0.0],[119.65692,-3.48124,0.0],[119.6569,-3.48193,0.0],[119.65679,-3.48241,0.0],[119.65689,-3.48267,0.0],[119.65722,-3.483,0.0],[119.65762,-3.48317,0.0],[119.65809,-3.48358,0.0],[119.6585,-3.48358,0.0],[119.65897,-3.4839,0.0],[119.65891,-3.48418,0.0],[119.6581,-3.48607,0.0],[119.65783,-3.48651,0.0],[119.65781,-3.48687,0.0],[119.65796,-3.48725,0.0],[119.65836,-3.48758,0.0],[119.65907,-3.4876,0.0],[119.6592,-3.48774,0.0],[119.6592,-3.48821,0.0],[119.6598,-3.48872,0.0],[119.65993,-3.48935,0.0],[119.6601,-3.4897,0.0],[119.66037,-3.48988,0.0],[119.66091,-3.48995,0.0],[119.66123,-3.4898,0.0],[119.66208,-3.48857,0.0],[119.66255,-3.4884,0.0],[119.66281,-3.48841,0.0],[119.6631,-3.4887,0.0],[119.66375,-3.49007,0.0],[119.66407,-3.49051,0.0],[119.66452,-3.49044,0.0],[119.66535,-3.49014,0.0],[119.66584,-3.48958,0.0],[119.66707,-3.48922,0.0],[119.66782,-3.48868,0.0],[119.66811,-3.48871,0.0],[119.66945,-3.49018,0.0],[119.67096,-3.49092,0.0],[119.67142,-3.49081,0.0],[119.67172,-3.49064,0.0],[119.67212,-3.49019,0.0],[119.67236,-3.49008,0.0],[119.67335,-3.48995,0.0],[119.67578,-3.48937,0.0],[119.6771,-3.48847,0.0],[119.67747,-3.48837,0.0],[119.67783,-3.48838,0.0],[119.67822,-3.48852,0.0],[119.6788,-3.48904,0.0],[119.6802,-3.4897,0.0],[119.68145,-3.48965,0.0],[119.68242,-3.49014,0.0],[119.68363,-3.49007,0.0],[119.68427,-3.49032,0.0],[119.68563,-3.49061,0.0],[119.68732,-3.4911,0.0],[119.68837,-3.49119,0.0],[119.6899,-3.49102,0.0],[119.69054,-3.49057,0.0],[119.69114,-3.48991,0.0],[119.69169,-3.48947,0.0],[119.69206,-3.48933,0.0],[119.6933,-3.48914,0.0],[119.6935,-3.48895,0.0],[119.69383,-3.48807,0.0],[119.69429,-3.48746,0.0],[119.69523,-3.48662,0.0],[119.69666,-3.48597,0.0],[119.69975,-3.48561,0.0],[119.70074,-3.48504,0.0],[119.70116,-3.48461,0.0],[119.70138,-3.48396,0.0],[119.70431,-3.48176,0.0],[119.70419,-3.48139,0.0],[119.7039,-3.48109,0.0],[119.70372,-3.48025,0.0],[119.70329,-3.47986,0.0],[119.70328,-3.47933,0.0],[119.70313,-3.47891,0.0],[119.70249,-3.47798,0.0],[119.70233,-3.47746,0.0],[119.70173,-3.47679,0.0],[119.70165,-3.4765,0.0],[119.70167,-3.47603,0.0],[119.70183,-3.47585,0.0],[119.70205,-3.47578,0.0],[119.70263,-3.47573,0.0],[119.70368,-3.47581,0.0],[119.70412,-3.47566,0.0],[119.70512,-3.47466,0.0],[119.70562,-3.47372,0.0],[119.70582,-3.47356,0.0],[119.70594,-3.47322,0.0],[119.70622,-3.47284,0.0],[119.70605,-3.47271,0.0],[119.7056,-3.47263,0.0],[119.70449,-3.47117,0.0],[119.70411,-3.47089,0.0],[119.70282,-3.47085,0.0],[119.70169,-3.47097,0.0],[119.70115,-3.47095,0.0],[119.7009,-3.47086,0.0],[119.70077,-3.47064,0.0],[119.70067,-3.47006,0.0],[119.70032,-3.46957,0.0],[119.70003,-3.46941,0.0],[119.6994,-3.46939,0.0],[119.69907,-3.46916,0.0],[119.69855,-3.46858,0.0],[119.69831,-3.46779,0.0],[119.69845,-3.46726,0.0],[119.69836,-3.46691,0.0],[119.69773,-3.46656,0.0],[119.69672,-3.4663,0.0],[119.69565,-3.46503,0.0],[119.6945,-3.46441,0.0],[119.69436,-3.46404,0.0],[119.69431,-3.46341,0.0],[119.69395,-3.4629,0.0],[119.69335,-3.46269,0.0],[119.69277,-3.46218,0.0],[119.69179,-3.46185,0.0],[119.69151,-3.46149,0.0],[119.69134,-3.46141,0.0],[119.69083,-3.46135,0.0],[119.69027,-3.46143,0.0],[119.69009,-3.46136,0.0],[119.68999,-3.46104,0.0],[119.68982,-3.46086,0.0],[119.68935,-3.46083,0.0],[119.68899,-3.46059,0.0],[119.68864,-3.46055,0.0]]]},"properties":{"OBJECTID":86647,"NAMOBJ":"Bakaru","WADMKD":"Bakaru","WADMKC":"Lembang","KDEPUM":"73.15.07.2015","KDCPUM":"73.15.07","WADMKK":"Pinrang","WADMPR":"Sulawesi Selatan","LUASWH":31.886833314442917,"TIPADM":1,"Status":"Batas Indikatif"}},{"type":"Feature","id":86672,"geometry":{"type":"Polygon","coordinates":[[[119.74948,-3.66172,0.0],[119.74946,-3.6613,0.0],[119.74997,-3.66095,0.0],[119.75071,-3.66006,0.0],[119.75093,-3.65932,0.0],[119.75096,-3.65854,0.0],[119.75091,-3.65782,0.0],[119.75082,-3.6575,0.0],[119.75019,-3.65662,0.0],[119.74995,-3.65565,0.0],[119.74875,-3.6543,0.0],[119.74858,-3.65333,0.0],[119.74791,-3.65268,0.0],[119.74732,-3.65234,0.0],[119.74648,-3.65128,0.0],[119.74589,-3.65091,0.0],[119.74538,-3.64999,0.0],[119.74502,-3.64955,0.0],[119.7439,-3.64894,0.0],[119.74367,-3.64874,0.0],[119.74374,-3.64842,0.0],[119.74403,-3.64797,0.0],[119.74426,-3.64704,0.0],[119.74421,-3.64681,0.0],[119.74349,-3.64633,0.0],[119.74313,-3.64507,0.0],[119.74266,-3.64409,0.0],[119.74269,-3.64361,0.0],[119.74316,-3.64255,0.0],[119.74352,-3.64202,0.0],[119.74393,-3.64172,0.0],[119.74532,-3.64134,0.0],[119.74569,-3.64107,0.0],[119.746,-3.64062,0.0],[119.74599,-3.6404,0.0],[119.74569,-3.63994,0.0],[119.74563,-3.63962,0.0],[119.74588,-3.63896,0.0],[119.74614,-3.63852,0.0],[119.74619,-3.63827,0.0],[119.74617,-3.63813,0.0],[119.74581,-3.63797,0.0],[119.74577,-3.63771,0.0],[119.74587,-3.63705,0.0],[119.74552,-3.63616,0.0],[119.73944,-3.6402,0.0],[119.73481,-3.64233,0.0],[119.73094,-3.644,0.0],[119.72898,-3.64471,0.0],[119.72684,-3.64536,0.0],[119.7259,-3.64586,0.0],[119.72534,-3.646,0.0],[119.72517,-3.64589,0.0],[119.72503,-3.64621,0.0],[119.72496,-3.64682,0.0],[119.72481,-3.64717,0.0],[119.72417,-3.64697,0.0],[119.72385,-3.64748,0.0],[119.72349,-3.64774,0.0],[119.72313,-3.64791,0.0],[119.72218,-3.64804,0.0],[119.72179,-3.64842,0.0],[119.7216,-3.64848,0.0],[119.71935,-3.64862,0.0],[119.71804,-3.64837,0.0],[119.71672,-3.64846,0.0],[119.71598,-3.64854,0.0],[119.71558,-3.64901,0.0],[119.71529,-3.64868,0.0],[119.71446,-3.64883,0.0],[119.71247,-3.64846,0.0],[119.70946,-3.64746,0.0],[119.70839,-3.64698,0.0],[119.70406,-3.64757,0.0],[119.70001,-3.64884,0.0],[119.69737,-3.64931,0.0],[119.69603,-3.64936,0.0],[119.69338,-3.64917,0.0],[119.69033,-3.6492,0.0],[119.6877,-3.64937,0.0],[119.68625,-3.6497,0.0],[119.68475,-3.64987,0.0],[119.68316,-3.64964,0.0],[119.68249,-3.64916,0.0],[119.68213,-3.64878,0.0],[119.68205,-3.64983,0.0],[119.68243,-3.65076,0.0],[119.68276,-3.65253,0.0],[119.68396,-3.65432,0.0],[119.6845,-3.65579,0.0],[119.6854,-3.65627,0.0],[119.68603,-3.65647,0.0],[119.68623,-3.65692,0.0],[119.68694,-3.6577,0.0],[119.68706,-3.65821,0.0],[119.68706,-3.65926,0.0],[119.68713,-3.65954,0.0],[119.68797,-3.6606,0.0],[119.68881,-3.66087,0.0],[119.68921,-3.66108,0.0],[119.68927,-3.66141,0.0],[119.68898,-3.66279,0.0],[119.68848,-3.66429,0.0],[119.68828,-3.66443,0.0],[119.68762,-3.66427,0.0],[119.68656,-3.6644,0.0],[119.6856,-3.66442,0.0],[119.68432,-3.66492,0.0],[119.68429,-3.66521,0.0],[119.68483,-3.66576,0.0],[119.68437,-3.66632,0.0],[119.68416,-3.66679,0.0],[119.6837,-3.66741,0.0],[119.6836,-3.66782,0.0],[119.68259,-3.66888,0.0],[119.68256,-3.66913,0.0],[119.68265,-3.6697,0.0],[119.68258,-3.67006,0.0],[119.68175,-3.67034,0.0],[119.68101,-3.67038,0.0],[119.6806,-3.67026,0.0],[119.68025,-3.66995,0.0],[119.67963,-3.67071,0.0],[119.67946,-3.67121,0.0],[119.67923,-3.67156,0.0],[119.67915,-3.67183,0.0],[119.67919,-3.672,0.0],[119.67937,-3.67217,0.0],[119.67978,-3.6723,0.0],[119.68002,-3.67262,0.0],[119.68014,-3.67295,0.0],[119.68011,-3.67314,0.0],[119.67974,-3.67349,0.0],[119.67955,-3.67389,0.0],[119.67925,-3.67568,0.0],[119.67928,-3.67682,0.0],[119.67961,-3.67762,0.0],[119.68017,-3.67832,0.0],[119.68023,-3.67856,0.0],[119.68018,-3.67896,0.0],[119.67981,-3.67977,0.0],[119.6796,-3.68002,0.0],[119.67857,-3.68023,0.0],[119.6783,-3.68075,0.0],[119.67765,-3.68102,0.0],[119.6775,-3.68133,0.0],[119.67749,-3.68203,0.0],[119.67767,-3.68248,0.0],[119.67813,-3.68312,0.0],[119.67888,-3.68376,0.0],[119.68009,-3.68378,0.0],[119.68251,-3.68358,0.0],[119.68323,-3.68419,0.0],[119.68365,-3.68437,0.0],[119.68404,-3.68436,0.0],[119.68488,-3.68384,0.0],[119.68551,-3.68366,0.0],[119.68614,-3.68355,0.0],[119.68781,-3.68362,0.0],[119.69067,-3.6824,0.0],[119.69121,-3.68239,0.0],[119.69169,-3.6825,0.0],[119.69244,-3.68291,0.0],[119.69284,-3.68346,0.0],[119.69558,-3.68863,0.0],[119.69594,-3.68916,0.0],[119.69645,-3.68916,0.0],[119.69781,-3.68966,0.0],[119.69853,-3.69018,0.0],[119.69956,-3.69133,0.0],[119.70079,-3.69242,0.0],[119.70168,-3.69281,0.0],[119.70311,-3.69314,0.0],[119.70368,-3.69341,0.0],[119.70449,-3.69395,0.0],[119.70568,-3.69497,0.0],[119.70631,-3.69491,0.0],[119.707,-3.69464,0.0],[119.7074,-3.69437,0.0],[119.70792,-3.69416,0.0],[119.70909,-3.69398,0.0],[119.70985,-3.69415,0.0],[119.71039,-3.69453,0.0],[119.71116,-3.6956,0.0],[119.71217,-3.6958,0.0],[119.71274,-3.69577,0.0],[119.71367,-3.69555,0.0],[119.71466,-3.69557,0.0],[119.71512,-3.69548,0.0],[119.71704,-3.69456,0.0],[119.7172,-3.69442,0.0],[119.71727,-3.6939,0.0],[119.71721,-3.69368,0.0],[119.71564,-3.6924,0.0],[119.71528,-3.69159,0.0],[119.7153,-3.69122,0.0],[119.71566,-3.69058,0.0],[119.71564,-3.69023,0.0],[119.71502,-3.68948,0.0],[119.71491,-3.68917,0.0],[119.71503,-3.68803,0.0],[119.71497,-3.68773,0.0],[119.71507,-3.68761,0.0],[119.71606,-3.68754,0.0],[119.71627,-3.68742,0.0],[119.71661,-3.68701,0.0],[119.71678,-3.68694,0.0],[119.71748,-3.68695,0.0],[119.71776,-3.68681,0.0],[119.71788,-3.68665,0.0],[119.71801,-3.68574,0.0],[119.71811,-3.68545,0.0],[119.71902,-3.68492,0.0],[119.71918,-3.68501,0.0],[119.71968,-3.68476,0.0],[119.71994,-3.68423,0.0],[119.72008,-3.68373,0.0],[119.72036,-3.68329,0.0],[119.7206,-3.68317,0.0],[119.72095,-3.68283,0.0],[119.72112,-3.68282,0.0],[119.72177,-3.68235,0.0],[119.72222,-3.68215,0.0],[119.72255,-3.68132,0.0],[119.72293,-3.68109,0.0],[119.72343,-3.68123,0.0],[119.72381,-3.68115,0.0],[119.72441,-3.68003,0.0],[119.72495,-3.68014,0.0],[119.72809,-3.68009,0.0],[119.73158,-3.67887,0.0],[119.73806,-3.67552,0.0],[119.74191,-3.67335,0.0],[119.74555,-3.67162,0.0],[119.74777,-3.66998,0.0],[119.74922,-3.66867,0.0],[119.75004,-3.66827,0.0],[119.75027,-3.66784,0.0],[119.75077,-3.66738,0.0],[119.75169,-3.66711,0.0],[119.75149,-3.66609,0.0],[119.75105,-3.66541,0.0],[119.75018,-3.66434,0.0],[119.74936,-3.66383,0.0],[119.74884,-3.66363,0.0],[119.74877,-3.66354,0.0],[119.74885,-3.66322,0.0],[119.74928,-3.66278,0.0],[119.74949,-3.66208,0.0],[119.74948,-3.66172,0.0]]]},"properties":{"OBJECTID":86672,"NAMOBJ":"Kassa","WADMKD":"Kassa","WADMKC":"Batulappa","KDEPUM":"73.15.12.1003","KDCPUM":"73.15.12","WADMKK":"Pinrang","WADMPR":"Sulawesi Selatan","LUASWH":30.263330147912846,"TIPADM":2,"Status":"Batas Indikatif"}},{"type":"Feature","id":86701,"geometry":{"type":"Polygon","coordinates":[[[119.7358,-3.75978,0.0],[119.72473,-3.75834,0.0],[119.72394,-3.75815,0.0],[119.72335,-3.75769,0.0],[119.71926,-3.75318,0.0],[119.71736,-3.75414,0.0],[119.71531,-3.75608,0.0],[119.71513,-3.75649,0.0],[119.71509,-3.7568,0.0],[119.71509,-3.75795,0.0],[119.71545,-3.75882,0.0],[119.71567,-3.75898,0.0],[119.71579,-3.75919,0.0],[119.71584,-3.75958,0.0],[119.71571,-3.76008,0.0],[119.71543,-3.7604,0.0],[119.71473,-3.76078,0.0],[119.71443,-3.76176,0.0],[119.71341,-3.76283,0.0],[119.71289,-3.76304,0.0],[119.71241,-3.7629,0.0],[119.71202,-3.76304,0.0],[119.71201,-3.76379,0.0],[119.71192,-3.76394,0.0],[119.7116,-3.76408,0.0],[119.71141,-3.76426,0.0],[119.71145,-3.76454,0.0],[119.71159,-3.76474,0.0],[119.71156,-3.76488,0.0],[119.71095,-3.76539,0.0],[119.71048,-3.76605,0.0],[119.71035,-3.76612,0.0],[119.70982,-3.76593,0.0],[119.70968,-3.76601,0.0],[119.70938,-3.76638,0.0],[119.70902,-3.76746,0.0],[119.70905,-3.76787,0.0],[119.70954,-3.76825,0.0],[119.70968,-3.76848,0.0],[119.70962,-3.76877,0.0],[119.70915,-3.76948,0.0],[119.70909,-3.76995,0.0],[119.70881,-3.77045,0.0],[119.70902,-3.77177,0.0],[119.70946,-3.77224,0.0],[119.70995,-3.77337,0.0],[119.71049,-3.77412,0.0],[119.71082,-3.77489,0.0],[119.71109,-3.77515,0.0],[119.71178,-3.77555,0.0],[119.71191,-3.77589,0.0],[119.71185,-3.77622,0.0],[119.7115,-3.77659,0.0],[119.71047,-3.77716,0.0],[119.71036,-3.77731,0.0],[119.7102,-3.77893,0.0],[119.71026,-3.77939,0.0],[119.71052,-3.77992,0.0],[119.71061,-3.78048,0.0],[119.7106,-3.7809,0.0],[119.71046,-3.78141,0.0],[119.70886,-3.78336,0.0],[119.7084,-3.78408,0.0],[119.70737,-3.7848,0.0],[119.70734,-3.78491,0.0],[119.7073,-3.78633,0.0],[119.70751,-3.78673,0.0],[119.70732,-3.78741,0.0],[119.70772,-3.7881,0.0],[119.70871,-3.78905,0.0],[119.70929,-3.78914,0.0],[119.70955,-3.7896,0.0],[119.70989,-3.78979,0.0],[119.71037,-3.78992,0.0],[119.70856,-3.7921,0.0],[119.71,-3.79328,0.0],[119.71006,-3.79341,0.0],[119.70962,-3.79415,0.0],[119.70888,-3.79385,0.0],[119.7083,-3.79505,0.0],[119.70814,-3.79511,0.0],[119.70776,-3.79581,0.0],[119.70788,-3.79602,0.0],[119.70746,-3.79686,0.0],[119.70714,-3.79791,0.0],[119.70673,-3.79875,0.0],[119.70703,-3.79959,0.0],[119.70679,-3.80017,0.0],[119.70679,-3.80104,0.0],[119.70644,-3.8019,0.0],[119.70636,-3.80233,0.0],[119.70603,-3.80289,0.0],[119.70573,-3.80366,0.0],[119.70535,-3.80372,0.0],[119.70405,-3.80321,0.0],[119.70377,-3.8033,0.0],[119.70278,-3.80462,0.0],[119.7021,-3.8057,0.0],[119.7067,-3.80764,0.0],[119.71036,-3.80849,0.0],[119.71103,-3.80876,0.0],[119.7198,-3.81412,0.0],[119.71974,-3.81368,0.0],[119.71897,-3.81194,0.0],[119.71901,-3.8112,0.0],[119.71955,-3.81061,0.0],[119.71971,-3.81027,0.0],[119.71998,-3.80866,0.0],[119.72191,-3.80865,0.0],[119.72277,-3.8082,0.0],[119.72327,-3.80757,0.0],[119.72334,-3.80726,0.0],[119.72333,-3.80644,0.0],[119.72347,-3.80565,0.0],[119.72376,-3.80493,0.0],[119.72402,-3.80461,0.0],[119.72425,-3.80388,0.0],[119.72414,-3.80301,0.0],[119.72428,-3.80242,0.0],[119.72399,-3.80167,0.0],[119.72397,-3.8013,0.0],[119.72456,-3.79987,0.0],[119.72451,-3.79899,0.0],[119.72843,-3.79643,0.0],[119.73216,-3.79466,0.0],[119.73493,-3.79352,0.0],[119.73779,-3.7922,0.0],[119.74246,-3.79086,0.0],[119.74511,-3.79028,0.0],[119.74722,-3.78957,0.0],[119.74827,-3.78914,0.0],[119.74857,-3.78888,0.0],[119.74903,-3.7889,0.0],[119.74928,-3.78859,0.0],[119.74959,-3.78869,0.0],[119.75006,-3.78815,0.0],[119.74689,-3.78279,0.0],[119.74808,-3.78089,0.0],[119.74826,-3.7802,0.0],[119.74834,-3.77937,0.0],[119.74866,-3.77834,0.0],[119.74885,-3.77808,0.0],[119.74926,-3.77777,0.0],[119.74978,-3.77701,0.0],[119.75062,-3.7762,0.0],[119.75085,-3.77587,0.0],[119.75088,-3.77567,0.0],[119.75077,-3.77526,0.0],[119.75083,-3.77498,0.0],[119.75182,-3.77368,0.0],[119.75185,-3.77302,0.0],[119.75195,-3.77276,0.0],[119.75276,-3.77203,0.0],[119.75328,-3.77101,0.0],[119.7544,-3.77034,0.0],[119.75468,-3.76987,0.0],[119.75529,-3.76927,0.0],[119.75537,-3.76901,0.0],[119.75535,-3.76822,0.0],[119.75544,-3.76788,0.0],[119.75563,-3.76757,0.0],[119.75644,-3.76715,0.0],[119.75708,-3.76631,0.0],[119.75756,-3.76585,0.0],[119.75845,-3.76562,0.0],[119.75923,-3.76509,0.0],[119.7584,-3.76451,0.0],[119.74679,-3.7576,0.0],[119.74625,-3.75732,0.0],[119.74578,-3.7572,0.0],[119.74527,-3.75723,0.0],[119.7369,-3.75983,0.0],[119.7358,-3.75978,0.0]]]},"properties":{"OBJECTID":86701,"NAMOBJ":"Tiroang","WADMKD":"Tiroang","WADMKC":"Tiroang","KDEPUM":"73.15.09.1004","KDCPUM":"73.15.09","WADMKK":"Pinrang","WADMPR":"Sulawesi Selatan","LUASWH":21.406427787844517,"TIPADM":2,"Status":"Batas Indikatif"}},{"type":"Feature","id":86702,"geometry":{"type":"Polygon","coordinates":[[[119.67993,-3.85066,0.0],[119.67809,-3.85016,0.0],[119.67804,-3.85029,0.0],[119.67736,-3.85016,0.0],[119.6774,-3.84997,0.0],[119.67664,-3.84973,0.0],[119.6767,-3.84949,0.0],[119.67458,-3.84873,0.0],[119.67424,-3.84954,0.0],[119.67177,-3.84852,0.0],[119.66929,-3.84769,0.0],[119.6684,-3.84747,0.0],[119.66849,-3.84718,0.0],[119.66655,-3.8463,0.0],[119.66705,-3.84507,0.0],[119.66725,-3.84485,0.0],[119.66722,-3.84471,0.0],[119.66582,-3.84424,0.0],[119.66565,-3.84469,0.0],[119.6651,-3.84449,0.0],[119.66491,-3.84489,0.0],[119.6642,-3.84461,0.0],[119.665,-3.8431,0.0],[119.66479,-3.84304,0.0],[119.66495,-3.84265,0.0],[119.66431,-3.84239,0.0],[119.66474,-3.84142,0.0],[119.66424,-3.84121,0.0],[119.66512,-3.83954,0.0],[119.66413,-3.83905,0.0],[119.66422,-3.83871,0.0],[119.66355,-3.83847,0.0],[119.66361,-3.83819,0.0],[119.66104,-3.83724,0.0],[119.66128,-3.83656,0.0],[119.66081,-3.83641,0.0],[119.66086,-3.83596,0.0],[119.65794,-3.83559,0.0],[119.65644,-3.83515,0.0],[119.65652,-3.8348,0.0],[119.65541,-3.83431,0.0],[119.65492,-3.8342,0.0],[119.65395,-3.83371,0.0],[119.6534,-3.83356,0.0],[119.65068,-3.83229,0.0],[119.6481,-3.8312,0.0],[119.6479,-3.8315,0.0],[119.64729,-3.83124,0.0],[119.64724,-3.83137,0.0],[119.64711,-3.83137,0.0],[119.64483,-3.83061,0.0],[119.64393,-3.83022,0.0],[119.64447,-3.82923,0.0],[119.64451,-3.82901,0.0],[119.64375,-3.8287,0.0],[119.64359,-3.82894,0.0],[119.64317,-3.82908,0.0],[119.64279,-3.82936,0.0],[119.64194,-3.8295,0.0],[119.64184,-3.83016,0.0],[119.64145,-3.83062,0.0],[119.64142,-3.83104,0.0],[119.64111,-3.83143,0.0],[119.64036,-3.83187,0.0],[119.63852,-3.83033,0.0],[119.63766,-3.82986,0.0],[119.63684,-3.83129,0.0],[119.63638,-3.83253,0.0],[119.63616,-3.83349,0.0],[119.63576,-3.83433,0.0],[119.63518,-3.83494,0.0],[119.63507,-3.835,0.0],[119.63462,-3.835,0.0],[119.63391,-3.83551,0.0],[119.63345,-3.83566,0.0],[119.6326,-3.83574,0.0],[119.6318,-3.83546,0.0],[119.63179,-3.83558,0.0],[119.63077,-3.83572,0.0],[119.62949,-3.83648,0.0],[119.62785,-3.83726,0.0],[119.62662,-3.83813,0.0],[119.6257,-3.8389,0.0],[119.62659,-3.83939,0.0],[119.62677,-3.83939,0.0],[119.62723,-3.83886,0.0],[119.62736,-3.83888,0.0],[119.62774,-3.83927,0.0],[119.62796,-3.83922,0.0],[119.62809,-3.83893,0.0],[119.6301,-3.83995,0.0],[119.62992,-3.84033,0.0],[119.63056,-3.84062,0.0],[119.63013,-3.84162,0.0],[119.63144,-3.84222,0.0],[119.63118,-3.84285,0.0],[119.63155,-3.84303,0.0],[119.63131,-3.84396,0.0],[119.63115,-3.84424,0.0],[119.63131,-3.84469,0.0],[119.63139,-3.84481,0.0],[119.63198,-3.84492,0.0],[119.63309,-3.84551,0.0],[119.63361,-3.8455,0.0],[119.6339,-3.84587,0.0],[119.63426,-3.84613,0.0],[119.63473,-3.8472,0.0],[119.63476,-3.84805,0.0],[119.63502,-3.84816,0.0],[119.63542,-3.84816,0.0],[119.63557,-3.84827,0.0],[119.63569,-3.84865,0.0],[119.63569,-3.84896,0.0],[119.63511,-3.84915,0.0],[119.63506,-3.84933,0.0],[119.6354,-3.84966,0.0],[119.63555,-3.8503,0.0],[119.63608,-3.85158,0.0],[119.63608,-3.85173,0.0],[119.63584,-3.85197,0.0],[119.63567,-3.85325,0.0],[119.63504,-3.85455,0.0],[119.63453,-3.85523,0.0],[119.63389,-3.85482,0.0],[119.63371,-3.85481,0.0],[119.63329,-3.85517,0.0],[119.63313,-3.85563,0.0],[119.63239,-3.8565,0.0],[119.6319,-3.8566,0.0],[119.6317,-3.85636,0.0],[119.63098,-3.85655,0.0],[119.63045,-3.85685,0.0],[119.63038,-3.85742,0.0],[119.6293,-3.85769,0.0],[119.62898,-3.85789,0.0],[119.62809,-3.85802,0.0],[119.62739,-3.85794,0.0],[119.62724,-3.85806,0.0],[119.62696,-3.85873,0.0],[119.62673,-3.85872,0.0],[119.62637,-3.85855,0.0],[119.62572,-3.85883,0.0],[119.62532,-3.85883,0.0],[119.62522,-3.85891,0.0],[119.62583,-3.85941,0.0],[119.62609,-3.85928,0.0],[119.62657,-3.85931,0.0],[119.62702,-3.85977,0.0],[119.62687,-3.86008,0.0],[119.62672,-3.86001,0.0],[119.6265,-3.86028,0.0],[119.62699,-3.86053,0.0],[119.6264,-3.86175,0.0],[119.62744,-3.86221,0.0],[119.63055,-3.86326,0.0],[119.63336,-3.86431,0.0],[119.63442,-3.86459,0.0],[119.63454,-3.86404,0.0],[119.63734,-3.86485,0.0],[119.6374,-3.86459,0.0],[119.63924,-3.86486,0.0],[119.63904,-3.86564,0.0],[119.63961,-3.86569,0.0],[119.64049,-3.86592,0.0],[119.64058,-3.86566,0.0],[119.64082,-3.86537,0.0],[119.64164,-3.86494,0.0],[119.64213,-3.86488,0.0],[119.64213,-3.86494,0.0],[119.64297,-3.86465,0.0],[119.6439,-3.86446,0.0],[119.64438,-3.86449,0.0],[119.64467,-3.86473,0.0],[119.64477,-3.86473,0.0],[119.64489,-3.86459,0.0],[119.64568,-3.86482,0.0],[119.64618,-3.8644,0.0],[119.64647,-3.86433,0.0],[119.64661,-3.86401,0.0],[119.64688,-3.8637,0.0],[119.64762,-3.86388,0.0],[119.64794,-3.86345,0.0],[119.64833,-3.86258,0.0],[119.64997,-3.86276,0.0],[119.65035,-3.86261,0.0],[119.65108,-3.85987,0.0],[119.6506,-3.85971,0.0],[119.65075,-3.85923,0.0],[119.65113,-3.85934,0.0],[119.65145,-3.85848,0.0],[119.64926,-3.85757,0.0],[119.64968,-3.85664,0.0],[119.64987,-3.85665,0.0],[119.65021,-3.85585,0.0],[119.65057,-3.85601,0.0],[119.65075,-3.85566,0.0],[119.65007,-3.85533,0.0],[119.65053,-3.85426,0.0],[119.65008,-3.85407,0.0],[119.65023,-3.85369,0.0],[119.64991,-3.85358,0.0],[119.6505,-3.85236,0.0],[119.65164,-3.85301,0.0],[119.65194,-3.85249,0.0],[119.65226,-3.85266,0.0],[119.65227,-3.85291,0.0],[119.65258,-3.85342,0.0],[119.65296,-3.85437,0.0],[119.65327,-3.85478,0.0],[119.65377,-3.85504,0.0],[119.65401,-3.85541,0.0],[119.65434,-3.85531,0.0],[119.65471,-3.85541,0.0],[119.65627,-3.85238,0.0],[119.65701,-3.85116,0.0],[119.6584,-3.85193,0.0],[119.65835,-3.85202,0.0],[119.65915,-3.85251,0.0],[119.65911,-3.85266,0.0],[119.6607,-3.85342,0.0],[119.66078,-3.8532,0.0],[119.66139,-3.85345,0.0],[119.66107,-3.85422,0.0],[119.66136,-3.85435,0.0],[119.6611,-3.85451,0.0],[119.6606,-3.85503,0.0],[119.66026,-3.85489,0.0],[119.65992,-3.85505,0.0],[119.66047,-3.85538,0.0],[119.66336,-3.8567,0.0],[119.66331,-3.85682,0.0],[119.66674,-3.85831,0.0],[119.66692,-3.85797,0.0],[119.66979,-3.85919,0.0],[119.66974,-3.85935,0.0],[119.67017,-3.85953,0.0],[119.67116,-3.85878,0.0],[119.67158,-3.85909,0.0],[119.6732,-3.85725,0.0],[119.67348,-3.85755,0.0],[119.67382,-3.85746,0.0],[119.6749,-3.85789,0.0],[119.67477,-3.85841,0.0],[119.67547,-3.85871,0.0],[119.67535,-3.85908,0.0],[119.67619,-3.85927,0.0],[119.67621,-3.85915,0.0],[119.67696,-3.85929,0.0],[119.67699,-3.85909,0.0],[119.67791,-3.85915,0.0],[119.6779,-3.85935,0.0],[119.67949,-3.85944,0.0],[119.67974,-3.8588,0.0],[119.67986,-3.85805,0.0],[119.67952,-3.85403,0.0],[119.67966,-3.85195,0.0],[119.67993,-3.85066,0.0]]]},"properties":{"OBJECTID":86702,"NAMOBJ":"Manarang","WADMKD":"Manarang","WADMKC":"Mattiro Bulu","KDEPUM":"73.15.03.1001","KDCPUM":"73.15.03","WADMKK":"Pinrang","WADMPR":"Sulawesi Selatan","LUASWH":12.776661497861008,"TIPADM":2,"Status":"Batas Indikatif"}},{"type":"Feature","id":86787,"geometry":{"type":"Polygon","coordinates":[[[119.55158,-3.83602,0.0],[119.55114,-3.83566,0.0],[119.55122,-3.83548,0.0],[119.551,-3.83507,0.0],[119.55046,-3.83502,0.0],[119.54975,-3.836,0.0],[119.54922,-3.83586,0.0],[119.54894,-3.83649,0.0],[119.5488,-3.83647,0.0],[119.54868,-3.83659,0.0],[119.54853,-3.83659,0.0],[119.5483,-3.83648,0.0],[119.54896,-3.83278,0.0],[119.54863,-3.83252,0.0],[119.54718,-3.8318,0.0],[119.5471,-3.8319,0.0],[119.54575,-3.83131,0.0],[119.54568,-3.83125,0.0],[119.54583,-3.83093,0.0],[119.54519,-3.83062,0.0],[119.54511,-3.83077,0.0],[119.54482,-3.83061,0.0],[119.545,-3.83026,0.0],[119.54268,-3.82908,0.0],[119.54292,-3.82855,0.0],[119.542,-3.8282,0.0],[119.54194,-3.82835,0.0],[119.54,-3.82747,0.0],[119.54023,-3.82698,0.0],[119.53796,-3.82602,0.0],[119.53789,-3.82615,0.0],[119.5367,-3.82558,0.0],[119.53668,-3.82547,0.0],[119.53588,-3.82505,0.0],[119.53599,-3.82482,0.0],[119.53567,-3.82466,0.0],[119.53578,-3.82444,0.0],[119.53265,-3.82299,0.0],[119.53252,-3.82321,0.0],[119.53164,-3.8227,0.0],[119.53158,-3.82281,0.0],[119.53162,-3.82301,0.0],[119.53154,-3.82312,0.0],[119.53088,-3.82273,0.0],[119.53107,-3.82241,0.0],[119.52968,-3.82169,0.0],[119.52989,-3.82125,0.0],[119.52951,-3.82104,0.0],[119.52909,-3.82189,0.0],[119.52804,-3.82145,0.0],[119.52807,-3.82133,0.0],[119.52664,-3.82062,0.0],[119.52647,-3.82104,0.0],[119.52566,-3.82063,0.0],[119.5253,-3.82138,0.0],[119.52463,-3.82092,0.0],[119.52474,-3.82065,0.0],[119.52285,-3.81974,0.0],[119.52275,-3.81983,0.0],[119.52217,-3.82092,0.0],[119.52336,-3.82169,0.0],[119.5232,-3.82203,0.0],[119.52412,-3.82264,0.0],[119.52393,-3.82294,0.0],[119.52396,-3.82299,0.0],[119.52187,-3.82599,0.0],[119.52267,-3.82652,0.0],[119.52195,-3.82785,0.0],[119.52194,-3.82802,0.0],[119.52229,-3.82823,0.0],[119.52208,-3.82884,0.0],[119.52279,-3.8293,0.0],[119.52291,-3.82915,0.0],[119.52371,-3.82966,0.0],[119.52355,-3.82991,0.0],[119.5238,-3.83006,0.0],[119.52345,-3.83067,0.0],[119.52356,-3.83077,0.0],[119.523,-3.83166,0.0],[119.52306,-3.83172,0.0],[119.52212,-3.83334,0.0],[119.52351,-3.83409,0.0],[119.52331,-3.83458,0.0],[119.52387,-3.83491,0.0],[119.524,-3.83485,0.0],[119.52504,-3.8353,0.0],[119.52567,-3.83574,0.0],[119.52699,-3.83637,0.0],[119.52661,-3.83712,0.0],[119.52769,-3.83772,0.0],[119.52759,-3.838,0.0],[119.52841,-3.83824,0.0],[119.52877,-3.83867,0.0],[119.53002,-3.83934,0.0],[119.5298,-3.83976,0.0],[119.53078,-3.84023,0.0],[119.53174,-3.84084,0.0],[119.53275,-3.84177,0.0],[119.5331,-3.84197,0.0],[119.53307,-3.84248,0.0],[119.53314,-3.84274,0.0],[119.53305,-3.84303,0.0],[119.53333,-3.84338,0.0],[119.534,-3.84383,0.0],[119.53412,-3.84406,0.0],[119.53517,-3.84473,0.0],[119.53487,-3.84508,0.0],[119.53487,-3.84525,0.0],[119.53545,-3.84551,0.0],[119.5359,-3.84553,0.0],[119.53605,-3.84546,0.0],[119.53613,-3.84553,0.0],[119.53609,-3.84563,0.0],[119.53627,-3.8458,0.0],[119.5377,-3.84636,0.0],[119.53988,-3.84744,0.0],[119.54277,-3.84818,0.0],[119.54512,-3.84891,0.0],[119.54568,-3.84897,0.0],[119.54626,-3.8488,0.0],[119.54657,-3.8488,0.0],[119.54737,-3.84892,0.0],[119.54736,-3.8484,0.0],[119.54782,-3.84791,0.0],[119.548,-3.84761,0.0],[119.54802,-3.8472,0.0],[119.5479,-3.84669,0.0],[119.5479,-3.84621,0.0],[119.54752,-3.84566,0.0],[119.54753,-3.84539,0.0],[119.54763,-3.84514,0.0],[119.5487,-3.8439,0.0],[119.54927,-3.84339,0.0],[119.54932,-3.84313,0.0],[119.54935,-3.84289,0.0],[119.54923,-3.84234,0.0],[119.5488,-3.84106,0.0],[119.54913,-3.83957,0.0],[119.5494,-3.83897,0.0],[119.5498,-3.83843,0.0],[119.54985,-3.83793,0.0],[119.55158,-3.83602,0.0]]]},"properties":{"OBJECTID":86787,"NAMOBJ":"Mattombong","WADMKD":"Mattombong","WADMKC":"Mattiro Sompe","KDEPUM":"73.15.01.2004","KDCPUM":"73.15.01","WADMKK":"Pinrang","WADMPR":"Sulawesi Selatan","LUASWH":5.8185423165254848,"TIPADM":1,"Status":"Batas Indikatif"}},{"type":"Feature","id":86798,"geometry":{"type":"Polygon","coordinates":[[[119.5255,-3.48959,0.0],[119.5258,-3.48702,0.0],[119.52658,-3.48459,0.0],[119.5253,-3.47124,0.0],[119.52444,-3.46553,0.0],[119.52515,-3.46139,0.0],[119.5278,-3.45276,0.0],[119.52801,-3.44683,0.0],[119.52715,-3.44198,0.0],[119.5268,-3.43898,0.0],[119.52665,-3.43548,0.0],[119.52515,-3.43248,0.0],[119.52337,-3.42963,0.0],[119.52258,-3.42706,0.0],[119.52294,-3.42299,0.0],[119.52458,-3.4202,0.0],[119.5258,-3.41728,0.0],[119.52523,-3.41335,0.0],[119.52373,-3.40871,0.0],[119.52373,-3.40728,0.0],[119.52337,-3.40407,0.0],[119.52273,-3.40072,0.0],[119.52087,-3.39815,0.0],[119.51887,-3.39572,0.0],[119.51673,-3.39265,0.0],[119.51602,-3.38951,0.0],[119.51623,-3.38665,0.0],[119.51679,-3.38413,0.0],[119.51471,-3.38478,0.0],[119.51256,-3.38726,0.0],[119.51074,-3.38964,0.0],[119.50816,-3.39417,0.0],[119.50451,-3.39745,0.0],[119.50101,-3.39823,0.0],[119.4993,-3.39883,0.0],[119.49783,-3.39994,0.0],[119.49732,-3.40352,0.0],[119.49653,-3.40434,0.0],[119.49219,-3.40605,0.0],[119.49093,-3.40699,0.0],[119.49027,-3.40779,0.0],[119.48948,-3.40843,0.0],[119.48837,-3.40918,0.0],[119.48616,-3.41028,0.0],[119.4839,-3.41214,0.0],[119.48084,-3.41448,0.0],[119.47895,-3.41623,0.0],[119.47844,-3.41656,0.0],[119.47783,-3.4164,0.0],[119.47692,-3.41548,0.0],[119.47633,-3.4153,0.0],[119.47539,-3.41542,0.0],[119.47413,-3.41521,0.0],[119.47407,-3.41567,0.0],[119.47374,-3.41606,0.0],[119.47337,-3.41629,0.0],[119.47201,-3.41689,0.0],[119.47135,-3.41731,0.0],[119.47121,-3.41767,0.0],[119.47117,-3.41907,0.0],[119.4716,-3.42035,0.0],[119.47167,-3.4208,0.0],[119.47141,-3.42161,0.0],[119.4709,-3.42226,0.0],[119.47071,-3.42271,0.0],[119.47064,-3.42298,0.0],[119.47067,-3.42355,0.0],[119.47082,-3.42391,0.0],[119.47111,-3.42418,0.0],[119.47237,-3.42472,0.0],[119.47297,-3.42581,0.0],[119.47329,-3.42656,0.0],[119.47326,-3.42747,0.0],[119.4732,-3.42787,0.0],[119.47296,-3.42831,0.0],[119.47277,-3.42966,0.0],[119.47239,-3.42995,0.0],[119.47189,-3.43018,0.0],[119.47097,-3.4304,0.0],[119.47058,-3.43058,0.0],[119.47021,-3.43088,0.0],[119.46988,-3.43143,0.0],[119.46928,-3.43281,0.0],[119.46918,-3.43374,0.0],[119.46938,-3.43453,0.0],[119.47005,-3.4359,0.0],[119.47147,-3.43818,0.0],[119.4724,-3.43951,0.0],[119.47282,-3.43984,0.0],[119.47396,-3.44009,0.0],[119.47441,-3.44036,0.0],[119.47466,-3.44066,0.0],[119.47476,-3.44201,0.0],[119.47476,-3.44372,0.0],[119.47522,-3.44452,0.0],[119.47591,-3.44606,0.0],[119.47644,-3.44651,0.0],[119.47689,-3.44672,0.0],[119.47808,-3.44697,0.0],[119.4783,-3.44726,0.0],[119.47834,-3.44763,0.0],[119.47824,-3.44778,0.0],[119.47757,-3.44803,0.0],[119.47656,-3.44796,0.0],[119.47624,-3.44816,0.0],[119.47615,-3.44851,0.0],[119.47632,-3.449,0.0],[119.47719,-3.44927,0.0],[119.47746,-3.44947,0.0],[119.47834,-3.45077,0.0],[119.47847,-3.45114,0.0],[119.47836,-3.45197,0.0],[119.47839,-3.45279,0.0],[119.47849,-3.45367,0.0],[119.47866,-3.45406,0.0],[119.47849,-3.45491,0.0],[119.47777,-3.45597,0.0],[119.47706,-3.45645,0.0],[119.47677,-3.45651,0.0],[119.47628,-3.4561,0.0],[119.47594,-3.45608,0.0],[119.47582,-3.45622,0.0],[119.47561,-3.45684,0.0],[119.47524,-3.45742,0.0],[119.47534,-3.45786,0.0],[119.47597,-3.45862,0.0],[119.47703,-3.45878,0.0],[119.47734,-3.45901,0.0],[119.47746,-3.45958,0.0],[119.47744,-3.45986,0.0],[119.47731,-3.4602,0.0],[119.47698,-3.46046,0.0],[119.47681,-3.46097,0.0],[119.47684,-3.46109,0.0],[119.47733,-3.46142,0.0],[119.47774,-3.46205,0.0],[119.4781,-3.46224,0.0],[119.4819,-3.46339,0.0],[119.48253,-3.46431,0.0],[119.48305,-3.4648,0.0],[119.48343,-3.46528,0.0],[119.48348,-3.46566,0.0],[119.48341,-3.46618,0.0],[119.48302,-3.46757,0.0],[119.48309,-3.46799,0.0],[119.48335,-3.46814,0.0],[119.48355,-3.46815,0.0],[119.48482,-3.46766,0.0],[119.48618,-3.46799,0.0],[119.48635,-3.46809,0.0],[119.487,-3.46885,0.0],[119.48715,-3.46917,0.0],[119.48731,-3.46986,0.0],[119.48748,-3.47015,0.0],[119.48976,-3.47254,0.0],[119.49105,-3.47411,0.0],[119.49157,-3.47459,0.0],[119.49252,-3.47493,0.0],[119.49291,-3.47518,0.0],[119.49294,-3.47546,0.0],[119.49284,-3.47571,0.0],[119.4922,-3.47657,0.0],[119.49203,-3.477,0.0],[119.49216,-3.4775,0.0],[119.49278,-3.47827,0.0],[119.49285,-3.47868,0.0],[119.49175,-3.47991,0.0],[119.49119,-3.48092,0.0],[119.49086,-3.48181,0.0],[119.49103,-3.48213,0.0],[119.49119,-3.48225,0.0],[119.49261,-3.48274,0.0],[119.49295,-3.48332,0.0],[119.4929,-3.48361,0.0],[119.49385,-3.48383,0.0],[119.49436,-3.48404,0.0],[119.4955,-3.48471,0.0],[119.49653,-3.48507,0.0],[119.49764,-3.48566,0.0],[119.49862,-3.48593,0.0],[119.49948,-3.48606,0.0],[119.50026,-3.48595,0.0],[119.50306,-3.48602,0.0],[119.50453,-3.48597,0.0],[119.50654,-3.48612,0.0],[119.50953,-3.48671,0.0],[119.51114,-3.48754,0.0],[119.51396,-3.48852,0.0],[119.51506,-3.48873,0.0],[119.51628,-3.48873,0.0],[119.51985,-3.48915,0.0],[119.5255,-3.48959,0.0]]]},"properties":{"OBJECTID":86798,"NAMOBJ":"Benteng Paremba","WADMKD":"Benteng Paremba","WADMKC":"Lembang","KDEPUM":"73.15.07.2010","KDCPUM":"73.15.07","WADMKK":"Pinrang","WADMPR":"Sulawesi Selatan","LUASWH":49.198966307303216,"TIPADM":1,"Status":"Batas Indikatif"}},{"type":"Feature","id":86811,"geometry":{"type":"Polygon","coordinates":[[[119.70201,-3.48916,0.0],[119.70284,-3.48843,0.0],[119.70343,-3.48773,0.0],[119.70436,-3.48751,0.0],[119.70504,-3.48708,0.0],[119.70548,-3.48626,0.0],[119.70552,-3.48551,0.0],[119.70523,-3.48485,0.0],[119.70497,-3.4847,0.0],[119.70481,-3.48441,0.0],[119.70487,-3.4836,0.0],[119.7046,-3.48306,0.0],[119.7046,-3.48219,0.0],[119.70431,-3.48176,0.0],[119.70138,-3.48396,0.0],[119.70116,-3.48461,0.0],[119.70074,-3.48504,0.0],[119.69975,-3.48561,0.0],[119.69666,-3.48597,0.0],[119.69523,-3.48662,0.0],[119.69429,-3.48746,0.0],[119.69383,-3.48807,0.0],[119.6935,-3.48895,0.0],[119.6933,-3.48914,0.0],[119.69206,-3.48933,0.0],[119.69169,-3.48947,0.0],[119.69114,-3.48991,0.0],[119.69054,-3.49057,0.0],[119.6899,-3.49102,0.0],[119.68837,-3.49119,0.0],[119.68732,-3.4911,0.0],[119.68563,-3.49061,0.0],[119.68427,-3.49032,0.0],[119.68363,-3.49007,0.0],[119.68242,-3.49014,0.0],[119.68145,-3.48965,0.0],[119.6802,-3.4897,0.0],[119.6788,-3.48904,0.0],[119.67822,-3.48852,0.0],[119.67783,-3.48838,0.0],[119.67747,-3.48837,0.0],[119.6771,-3.48847,0.0],[119.67578,-3.48937,0.0],[119.67335,-3.48995,0.0],[119.67236,-3.49008,0.0],[119.67212,-3.49019,0.0],[119.67172,-3.49064,0.0],[119.67124,-3.49085,0.0],[119.67155,-3.49192,0.0],[119.67274,-3.49326,0.0],[119.67338,-3.49424,0.0],[119.67337,-3.4952,0.0],[119.67318,-3.49677,0.0],[119.67367,-3.49823,0.0],[119.67473,-3.50077,0.0],[119.67531,-3.50464,0.0],[119.67633,-3.50596,0.0],[119.67757,-3.50691,0.0],[119.67563,-3.5126,0.0],[119.67394,-3.51555,0.0],[119.67302,-3.51745,0.0],[119.67144,-3.51922,0.0],[119.66954,-3.52198,0.0],[119.66868,-3.52403,0.0],[119.66844,-3.52589,0.0],[119.66854,-3.53003,0.0],[119.66935,-3.53383,0.0],[119.6693,-3.53612,0.0],[119.6694,-3.53802,0.0],[119.66982,-3.53921,0.0],[119.6703,-3.54012,0.0],[119.67021,-3.54107,0.0],[119.66954,-3.54288,0.0],[119.66835,-3.54459,0.0],[119.66654,-3.54635,0.0],[119.66592,-3.54835,0.0],[119.66564,-3.55111,0.0],[119.66626,-3.55377,0.0],[119.6673,-3.5573,0.0],[119.66825,-3.55934,0.0],[119.66944,-3.56082,0.0],[119.67073,-3.56182,0.0],[119.67278,-3.56215,0.0],[119.67361,-3.56253,0.0],[119.67401,-3.56312,0.0],[119.67418,-3.5641,0.0],[119.67449,-3.56491,0.0],[119.67523,-3.56569,0.0],[119.6757,-3.56691,0.0],[119.67618,-3.56753,0.0],[119.67668,-3.56796,0.0],[119.67668,-3.56822,0.0],[119.67556,-3.56924,0.0],[119.67525,-3.56972,0.0],[119.67518,-3.5701,0.0],[119.67568,-3.57067,0.0],[119.67829,-3.57228,0.0],[119.67845,-3.57252,0.0],[119.6801,-3.57283,0.0],[119.68097,-3.57283,0.0],[119.68236,-3.57253,0.0],[119.6854,-3.57128,0.0],[119.68697,-3.57092,0.0],[119.68914,-3.5706,0.0],[119.69512,-3.56905,0.0],[119.69691,-3.56849,0.0],[119.70038,-3.56755,0.0],[119.70286,-3.56702,0.0],[119.70458,-3.56679,0.0],[119.70529,-3.56685,0.0],[119.70598,-3.56728,0.0],[119.70731,-3.56771,0.0],[119.70785,-3.5677,0.0],[119.70871,-3.56729,0.0],[119.70945,-3.56621,0.0],[119.70997,-3.5657,0.0],[119.71141,-3.56501,0.0],[119.7121,-3.5642,0.0],[119.71319,-3.56344,0.0],[119.71445,-3.56301,0.0],[119.71515,-3.56227,0.0],[119.71569,-3.56211,0.0],[119.71639,-3.56241,0.0],[119.71654,-3.56239,0.0],[119.71821,-3.5615,0.0],[119.71791,-3.56065,0.0],[119.71738,-3.55709,0.0],[119.71689,-3.55551,0.0],[119.71664,-3.55522,0.0],[119.71622,-3.55506,0.0],[119.71506,-3.55513,0.0],[119.71304,-3.55494,0.0],[119.71198,-3.55514,0.0],[119.71134,-3.55517,0.0],[119.71044,-3.55499,0.0],[119.70908,-3.55392,0.0],[119.70736,-3.55279,0.0],[119.70661,-3.55204,0.0],[119.70626,-3.55143,0.0],[119.70579,-3.54893,0.0],[119.70582,-3.548,0.0],[119.7057,-3.54708,0.0],[119.70547,-3.54658,0.0],[119.70474,-3.54637,0.0],[119.70328,-3.54622,0.0],[119.70212,-3.54671,0.0],[119.70025,-3.54538,0.0],[119.6998,-3.54494,0.0],[119.69977,-3.54465,0.0],[119.70001,-3.54422,0.0],[119.70075,-3.54359,0.0],[119.7018,-3.54043,0.0],[119.70168,-3.53767,0.0],[119.70158,-3.53719,0.0],[119.70108,-3.53618,0.0],[119.7011,-3.53551,0.0],[119.70123,-3.53499,0.0],[119.70285,-3.53348,0.0],[119.70288,-3.53328,0.0],[119.70245,-3.53252,0.0],[119.70236,-3.5315,0.0],[119.70209,-3.53026,0.0],[119.70217,-3.52974,0.0],[119.70247,-3.52898,0.0],[119.70248,-3.52845,0.0],[119.70238,-3.52786,0.0],[119.70195,-3.52664,0.0],[119.70161,-3.52534,0.0],[119.70181,-3.52364,0.0],[119.70175,-3.52328,0.0],[119.70131,-3.52224,0.0],[119.70076,-3.52145,0.0],[119.69964,-3.51877,0.0],[119.6994,-3.51801,0.0],[119.69939,-3.51641,0.0],[119.69927,-3.5158,0.0],[119.69625,-3.51102,0.0],[119.69605,-3.51058,0.0],[119.69549,-3.51019,0.0],[119.69519,-3.50987,0.0],[119.69454,-3.50783,0.0],[119.69431,-3.50738,0.0],[119.69397,-3.50713,0.0],[119.69354,-3.50656,0.0],[119.69299,-3.50527,0.0],[119.69294,-3.50405,0.0],[119.69255,-3.5034,0.0],[119.69222,-3.50195,0.0],[119.69236,-3.50126,0.0],[119.69262,-3.50073,0.0],[119.6933,-3.50048,0.0],[119.6944,-3.50039,0.0],[119.69547,-3.49976,0.0],[119.69631,-3.49881,0.0],[119.69732,-3.49783,0.0],[119.69779,-3.49723,0.0],[119.6986,-3.49657,0.0],[119.69908,-3.49607,0.0],[119.69919,-3.49562,0.0],[119.69892,-3.49504,0.0],[119.69896,-3.49469,0.0],[119.6993,-3.49409,0.0],[119.70036,-3.49327,0.0],[119.7002,-3.49267,0.0],[119.70037,-3.49257,0.0],[119.70057,-3.4916,0.0],[119.70077,-3.49138,0.0],[119.70139,-3.49104,0.0],[119.70148,-3.49074,0.0],[119.70144,-3.49038,0.0],[119.70108,-3.48989,0.0],[119.70122,-3.48964,0.0],[119.7018,-3.48935,0.0],[119.70201,-3.48916,0.0]]]},"properties":{"OBJECTID":86811,"NAMOBJ":"Kaseralau","WADMKD":"Kaseralau","WADMKC":"Batulappa","KDEPUM":"73.15.12.2005","KDCPUM":"73.15.12","WADMKK":"Pinrang","WADMPR":"Sulawesi Selatan","LUASWH":31.450905531840966,"TIPADM":1,"Status":"Batas Indikatif"}},{"type":"Feature","id":86852,"geometry":{"type":"MultiPolygon","coordinates":[[[[119.50889,-3.81743,0.0],[119.50888,-3.81743,0.0],[119.50888,-3.81744,0.0],[119.50889,-3.81743,0.0]]],[[[119.51164,-3.77727,0.0],[119.50896,-3.77701,0.0],[119.50551,-3.77684,0.0],[119.50325,-3.77662,0.0],[119.50311,-3.77673,0.0],[119.50316,-3.77794,0.0],[119.49748,-3.77723,0.0],[119.49708,-3.77728,0.0],[119.49724,-3.77773,0.0],[119.4952,-3.77835,0.0],[119.49337,-3.77877,0.0],[119.49221,-3.77922,0.0],[119.49316,-3.78158,0.0],[119.49331,-3.78231,0.0],[119.49346,-3.78247,0.0],[119.49504,-3.78639,0.0],[119.4966,-3.78949,0.0],[119.49667,-3.7899,0.0],[119.49692,-3.79017,0.0],[119.50029,-3.79604,0.0],[119.50078,-3.79702,0.0],[119.50096,-3.79755,0.0],[119.50074,-3.79786,0.0],[119.5011,-3.79773,0.0],[119.50125,-3.79806,0.0],[119.50091,-3.79828,0.0],[119.50123,-3.7982,0.0],[119.50147,-3.79861,0.0],[119.50373,-3.80355,0.0],[119.50527,-3.80718,0.0],[119.50586,-3.80882,0.0],[119.50558,-3.80906,0.0],[119.50589,-3.80895,0.0],[119.50597,-3.80913,0.0],[119.50565,-3.8093,0.0],[119.50596,-3.80923,0.0],[119.50615,-3.80953,0.0],[119.50814,-3.81471,0.0],[119.50882,-3.81685,0.0],[119.5088,-3.81713,0.0],[119.50858,-3.81734,0.0],[119.50892,-3.81721,0.0],[119.50897,-3.81736,0.0],[119.51039,-3.81614,0.0],[119.51173,-3.81736,0.0],[119.51274,-3.81639,0.0],[119.51272,-3.8161,0.0],[119.51205,-3.81411,0.0],[119.5127,-3.81447,0.0],[119.51296,-3.8145,0.0],[119.51464,-3.81419,0.0],[119.51503,-3.81393,0.0],[119.51639,-3.8124,0.0],[119.51724,-3.81183,0.0],[119.52065,-3.81314,0.0],[119.52237,-3.81313,0.0],[119.52404,-3.81383,0.0],[119.52395,-3.81415,0.0],[119.52215,-3.81759,0.0],[119.52154,-3.81892,0.0],[119.52043,-3.82074,0.0],[119.52048,-3.82115,0.0],[119.52068,-3.82139,0.0],[119.52035,-3.82197,0.0],[119.52327,-3.82399,0.0],[119.52396,-3.82299,0.0],[119.52393,-3.82294,0.0],[119.52412,-3.82264,0.0],[119.5232,-3.82203,0.0],[119.52336,-3.82169,0.0],[119.52217,-3.82092,0.0],[119.52285,-3.81974,0.0],[119.52474,-3.82065,0.0],[119.52463,-3.82092,0.0],[119.5253,-3.82138,0.0],[119.52566,-3.82063,0.0],[119.52647,-3.82104,0.0],[119.52664,-3.82062,0.0],[119.52807,-3.82133,0.0],[119.52804,-3.82145,0.0],[119.52909,-3.82189,0.0],[119.52951,-3.82104,0.0],[119.52989,-3.82125,0.0],[119.52968,-3.82169,0.0],[119.53107,-3.82241,0.0],[119.53088,-3.82273,0.0],[119.53154,-3.82312,0.0],[119.53162,-3.82301,0.0],[119.53158,-3.82281,0.0],[119.53164,-3.8227,0.0],[119.53252,-3.82321,0.0],[119.53265,-3.82299,0.0],[119.53578,-3.82444,0.0],[119.53567,-3.82466,0.0],[119.53599,-3.82482,0.0],[119.53588,-3.82505,0.0],[119.53668,-3.82547,0.0],[119.5367,-3.82558,0.0],[119.53789,-3.82615,0.0],[119.53796,-3.82602,0.0],[119.54023,-3.82698,0.0],[119.54,-3.82747,0.0],[119.54194,-3.82835,0.0],[119.542,-3.8282,0.0],[119.54292,-3.82855,0.0],[119.54268,-3.82908,0.0],[119.545,-3.83026,0.0],[119.54482,-3.83061,0.0],[119.54511,-3.83077,0.0],[119.54519,-3.83062,0.0],[119.54583,-3.83093,0.0],[119.54568,-3.83125,0.0],[119.54575,-3.83131,0.0],[119.5471,-3.8319,0.0],[119.54718,-3.8318,0.0],[119.54863,-3.83252,0.0],[119.54896,-3.83278,0.0],[119.5483,-3.83648,0.0],[119.54853,-3.83659,0.0],[119.54868,-3.83659,0.0],[119.5488,-3.83647,0.0],[119.54894,-3.83649,0.0],[119.54922,-3.83586,0.0],[119.54962,-3.836,0.0],[119.54981,-3.83596,0.0],[119.55046,-3.83502,0.0],[119.551,-3.83507,0.0],[119.55122,-3.83548,0.0],[119.55114,-3.83566,0.0],[119.55158,-3.83602,0.0],[119.55198,-3.83564,0.0],[119.55217,-3.83532,0.0],[119.55224,-3.83505,0.0],[119.5521,-3.83433,0.0],[119.55289,-3.83457,0.0],[119.55577,-3.83577,0.0],[119.55729,-3.83318,0.0],[119.55856,-3.83386,0.0],[119.55971,-3.8319,0.0],[119.55955,-3.83183,0.0],[119.55988,-3.83108,0.0],[119.55968,-3.83097,0.0],[119.55995,-3.83029,0.0],[119.55985,-3.83027,0.0],[119.55999,-3.82985,0.0],[119.55976,-3.82974,0.0],[119.56002,-3.82912,0.0],[119.55977,-3.82886,0.0],[119.56062,-3.82713,0.0],[119.56084,-3.82677,0.0],[119.56153,-3.82715,0.0],[119.56169,-3.82693,0.0],[119.56208,-3.82711,0.0],[119.56219,-3.82687,0.0],[119.56185,-3.82667,0.0],[119.56194,-3.82647,0.0],[119.5615,-3.82629,0.0],[119.5617,-3.82592,0.0],[119.56056,-3.82506,0.0],[119.5615,-3.82425,0.0],[119.56208,-3.82352,0.0],[119.56214,-3.8231,0.0],[119.56057,-3.82243,0.0],[119.56065,-3.82224,0.0],[119.56044,-3.82215,0.0],[119.5605,-3.82191,0.0],[119.55953,-3.82147,0.0],[119.55665,-3.82299,0.0],[119.55656,-3.8228,0.0],[119.55593,-3.8231,0.0],[119.55558,-3.82294,0.0],[119.55259,-3.82202,0.0],[119.55248,-3.82206,0.0],[119.55216,-3.82191,0.0],[119.55208,-3.82202,0.0],[119.54863,-3.82041,0.0],[119.54632,-3.81904,0.0],[119.54645,-3.81877,0.0],[119.54546,-3.81817,0.0],[119.54545,-3.81805,0.0],[119.54413,-3.81741,0.0],[119.5439,-3.81774,0.0],[119.54185,-3.81669,0.0],[119.5417,-3.81684,0.0],[119.54126,-3.81659,0.0],[119.54154,-3.81593,0.0],[119.54113,-3.81575,0.0],[119.54137,-3.8151,0.0],[119.54068,-3.81482,0.0],[119.54097,-3.81422,0.0],[119.54083,-3.81408,0.0],[119.53948,-3.8135,0.0],[119.53982,-3.81277,0.0],[119.53621,-3.81085,0.0],[119.53667,-3.8098,0.0],[119.53653,-3.80972,0.0],[119.53677,-3.80921,0.0],[119.53565,-3.80864,0.0],[119.53571,-3.80846,0.0],[119.53077,-3.80647,0.0],[119.53182,-3.80442,0.0],[119.53189,-3.80438,0.0],[119.53244,-3.80465,0.0],[119.53261,-3.80457,0.0],[119.53318,-3.80397,0.0],[119.53334,-3.80411,0.0],[119.53451,-3.80226,0.0],[119.53397,-3.80196,0.0],[119.53374,-3.80236,0.0],[119.53273,-3.80168,0.0],[119.53151,-3.80103,0.0],[119.53183,-3.80044,0.0],[119.52916,-3.7991,0.0],[119.52979,-3.79806,0.0],[119.52988,-3.7981,0.0],[119.53144,-3.79538,0.0],[119.53032,-3.79469,0.0],[119.53212,-3.79465,0.0],[119.53258,-3.79456,0.0],[119.53286,-3.79426,0.0],[119.53277,-3.79399,0.0],[119.53252,-3.79388,0.0],[119.53284,-3.79314,0.0],[119.53212,-3.79272,0.0],[119.53233,-3.79221,0.0],[119.53204,-3.79207,0.0],[119.53189,-3.79243,0.0],[119.53174,-3.79236,0.0],[119.53219,-3.791,0.0],[119.53203,-3.79088,0.0],[119.53217,-3.79057,0.0],[119.53169,-3.79034,0.0],[119.5316,-3.79045,0.0],[119.52975,-3.78933,0.0],[119.52952,-3.7898,0.0],[119.52622,-3.78831,0.0],[119.52633,-3.7881,0.0],[119.52523,-3.7875,0.0],[119.52616,-3.7857,0.0],[119.5225,-3.78398,0.0],[119.52238,-3.78427,0.0],[119.52163,-3.78374,0.0],[119.52145,-3.78399,0.0],[119.52043,-3.78334,0.0],[119.52029,-3.78356,0.0],[119.51967,-3.78313,0.0],[119.51955,-3.78328,0.0],[119.51758,-3.78197,0.0],[119.51729,-3.78266,0.0],[119.51073,-3.77974,0.0],[119.51164,-3.77727,0.0]]]]},"properties":{"OBJECTID":86852,"NAMOBJ":"Patobong","WADMKD":"Patobong","WADMKC":"Mattiro Sompe","KDEPUM":"73.15.01.2006","KDCPUM":"73.15.01","WADMKK":"Pinrang","WADMPR":"Sulawesi Selatan","LUASWH":18.138719907305543,"TIPADM":1,"Status":"Batas Indikatif"}},{"type":"Feature","id":86988,"geometry":{"type":"MultiPolygon","coordinates":[[[[119.58574,-3.97892,0.0],[119.58574,-3.97893,0.0],[119.58574,-3.97893,0.0],[119.58574,-3.97892,0.0]]],[[[119.58493,-3.9791,0.0],[119.58447,-3.97886,0.0],[119.58345,-3.97871,0.0],[119.58296,-3.97911,0.0],[119.58288,-3.98034,0.0],[119.57932,-3.98016,0.0],[119.57908,-3.98005,0.0],[119.5777,-3.98024,0.0],[119.57822,-3.98233,0.0],[119.57832,-3.98325,0.0],[119.57856,-3.98416,0.0],[119.57866,-3.98581,0.0],[119.57884,-3.98683,0.0],[119.57903,-3.9942,0.0],[119.57875,-3.99589,0.0],[119.57885,-3.99762,0.0],[119.57876,-3.99873,0.0],[119.57879,-3.99951,0.0],[119.5796,-4.00369,0.0],[119.57977,-4.00382,0.0],[119.57993,-4.0049,0.0],[119.58033,-4.00655,0.0],[119.58059,-4.00721,0.0],[119.58135,-4.00844,0.0],[119.58158,-4.00901,0.0],[119.58165,-4.0103,0.0],[119.58123,-4.01121,0.0],[119.58091,-4.01167,0.0],[119.58079,-4.01215,0.0],[119.58073,-4.01587,0.0],[119.58114,-4.01737,0.0],[119.58127,-4.0187,0.0],[119.58141,-4.01937,0.0],[119.58148,-4.02075,0.0],[119.58185,-4.02279,0.0],[119.582,-4.02416,0.0],[119.5821,-4.02425,0.0],[119.58228,-4.02557,0.0],[119.58263,-4.02689,0.0],[119.58276,-4.02808,0.0],[119.58285,-4.02813,0.0],[119.58292,-4.02876,0.0],[119.58306,-4.02907,0.0],[119.58324,-4.02909,0.0],[119.58343,-4.0295,0.0],[119.58355,-4.03001,0.0],[119.58347,-4.03061,0.0],[119.58357,-4.03093,0.0],[119.58367,-4.03199,0.0],[119.5841,-4.03319,0.0],[119.58439,-4.03479,0.0],[119.58452,-4.0348,0.0],[119.58479,-4.03576,0.0],[119.58494,-4.03583,0.0],[119.58538,-4.03754,0.0],[119.58658,-4.03913,0.0],[119.58682,-4.03936,0.0],[119.58718,-4.03951,0.0],[119.58825,-4.04039,0.0],[119.58863,-4.04041,0.0],[119.58912,-4.04055,0.0],[119.58978,-4.0409,0.0],[119.58982,-4.0407,0.0],[119.5897,-4.04031,0.0],[119.58982,-4.04014,0.0],[119.58989,-4.03952,0.0],[119.58884,-4.03799,0.0],[119.58866,-4.03792,0.0],[119.58852,-4.03797,0.0],[119.58737,-4.0361,0.0],[119.5872,-4.03543,0.0],[119.58688,-4.03135,0.0],[119.58913,-4.03123,0.0],[119.58961,-4.03127,0.0],[119.59164,-4.03193,0.0],[119.59169,-4.03272,0.0],[119.59183,-4.03299,0.0],[119.59246,-4.03385,0.0],[119.59292,-4.03374,0.0],[119.59279,-4.03348,0.0],[119.59249,-4.03207,0.0],[119.59245,-4.03066,0.0],[119.59258,-4.02902,0.0],[119.59246,-4.0283,0.0],[119.59251,-4.02799,0.0],[119.59344,-4.02809,0.0],[119.59345,-4.02705,0.0],[119.59338,-4.02649,0.0],[119.59243,-4.0264,0.0],[119.59243,-4.02598,0.0],[119.59261,-4.02586,0.0],[119.59262,-4.02571,0.0],[119.59283,-4.02542,0.0],[119.59271,-4.02527,0.0],[119.59286,-4.02475,0.0],[119.59278,-4.02446,0.0],[119.59307,-4.02377,0.0],[119.59294,-4.02365,0.0],[119.593,-4.02285,0.0],[119.5932,-4.02271,0.0],[119.59341,-4.0222,0.0],[119.59363,-4.02211,0.0],[119.59375,-4.0218,0.0],[119.5943,-4.02163,0.0],[119.59436,-4.02144,0.0],[119.5946,-4.02161,0.0],[119.5948,-4.02147,0.0],[119.59573,-4.02135,0.0],[119.59594,-4.0212,0.0],[119.59613,-4.02125,0.0],[119.59641,-4.0211,0.0],[119.59643,-4.02101,0.0],[119.59651,-4.02113,0.0],[119.59659,-4.0211,0.0],[119.59663,-4.02094,0.0],[119.59694,-4.02073,0.0],[119.59708,-4.02051,0.0],[119.59721,-4.02052,0.0],[119.59739,-4.02027,0.0],[119.59763,-4.02024,0.0],[119.59801,-4.01988,0.0],[119.59836,-4.01989,0.0],[119.5984,-4.0198,0.0],[119.59831,-4.0197,0.0],[119.59818,-4.01966,0.0],[119.59824,-4.01952,0.0],[119.59835,-4.01947,0.0],[119.59852,-4.01955,0.0],[119.59873,-4.01948,0.0],[119.59886,-4.01935,0.0],[119.59885,-4.01912,0.0],[119.59891,-4.01906,0.0],[119.59949,-4.01908,0.0],[119.59974,-4.01887,0.0],[119.5998,-4.01863,0.0],[119.60005,-4.01892,0.0],[119.60025,-4.01888,0.0],[119.60037,-4.01877,0.0],[119.60057,-4.01881,0.0],[119.60072,-4.01907,0.0],[119.60122,-4.0193,0.0],[119.6017,-4.01969,0.0],[119.60179,-4.01994,0.0],[119.602,-4.01999,0.0],[119.60209,-4.01978,0.0],[119.60192,-4.01962,0.0],[119.60191,-4.01949,0.0],[119.60204,-4.01939,0.0],[119.60206,-4.01921,0.0],[119.60223,-4.01898,0.0],[119.60212,-4.01875,0.0],[119.60214,-4.01861,0.0],[119.60194,-4.01853,0.0],[119.6016,-4.01802,0.0],[119.60165,-4.01759,0.0],[119.60138,-4.01743,0.0],[119.60144,-4.01706,0.0],[119.60157,-4.01683,0.0],[119.60136,-4.01661,0.0],[119.60135,-4.01646,0.0],[119.60146,-4.01661,0.0],[119.60153,-4.01642,0.0],[119.60151,-4.01621,0.0],[119.60135,-4.01592,0.0],[119.60141,-4.01588,0.0],[119.60166,-4.01602,0.0],[119.60186,-4.01583,0.0],[119.60181,-4.01569,0.0],[119.60157,-4.01567,0.0],[119.6015,-4.01559,0.0],[119.60188,-4.01524,0.0],[119.60186,-4.0145,0.0],[119.60206,-4.01424,0.0],[119.60199,-4.01385,0.0],[119.60229,-4.01338,0.0],[119.60273,-4.01323,0.0],[119.60141,-4.01251,0.0],[119.60031,-4.01177,0.0],[119.59702,-4.00878,0.0],[119.59637,-4.00864,0.0],[119.59541,-4.00894,0.0],[119.59534,-4.0089,0.0],[119.59551,-4.00753,0.0],[119.5959,-4.00657,0.0],[119.59581,-4.0058,0.0],[119.59556,-4.00578,0.0],[119.59558,-4.00603,0.0],[119.59549,-4.00604,0.0],[119.59345,-4.00518,0.0],[119.59337,-4.00518,0.0],[119.59302,-4.00548,0.0],[119.59293,-4.00542,0.0],[119.59312,-4.00528,0.0],[119.59297,-4.00527,0.0],[119.59302,-4.00518,0.0],[119.59293,-4.005,0.0],[119.59255,-4.00467,0.0],[119.59251,-4.00447,0.0],[119.59266,-4.00441,0.0],[119.59316,-4.00507,0.0],[119.59314,-4.00526,0.0],[119.5933,-4.00506,0.0],[119.59231,-4.0037,0.0],[119.5922,-4.00377,0.0],[119.59261,-4.0043,0.0],[119.59259,-4.00439,0.0],[119.59245,-4.00442,0.0],[119.59216,-4.00399,0.0],[119.59187,-4.0039,0.0],[119.59146,-4.00274,0.0],[119.59102,-4.00244,0.0],[119.59095,-4.00223,0.0],[119.5907,-4.00192,0.0],[119.58986,-3.99998,0.0],[119.5891,-3.99676,0.0],[119.58887,-3.99621,0.0],[119.58886,-3.99562,0.0],[119.58942,-3.99536,0.0],[119.58934,-3.99521,0.0],[119.58877,-3.9952,0.0],[119.58865,-3.99468,0.0],[119.58868,-3.99448,0.0],[119.58855,-3.99437,0.0],[119.5886,-3.99426,0.0],[119.58853,-3.9941,0.0],[119.58856,-3.99372,0.0],[119.58829,-3.99345,0.0],[119.58845,-3.99321,0.0],[119.58835,-3.99303,0.0],[119.58843,-3.99256,0.0],[119.58834,-3.99238,0.0],[119.58835,-3.99212,0.0],[119.5882,-3.99208,0.0],[119.58812,-3.99181,0.0],[119.58781,-3.99174,0.0],[119.58783,-3.99147,0.0],[119.58806,-3.99135,0.0],[119.58811,-3.99124,0.0],[119.58793,-3.99083,0.0],[119.58777,-3.98987,0.0],[119.58763,-3.98979,0.0],[119.58747,-3.98982,0.0],[119.58766,-3.98936,0.0],[119.58764,-3.98924,0.0],[119.58743,-3.98912,0.0],[119.58755,-3.98872,0.0],[119.58735,-3.98841,0.0],[119.58725,-3.98785,0.0],[119.58704,-3.98755,0.0],[119.58724,-3.98655,0.0],[119.58709,-3.98616,0.0],[119.58718,-3.98612,0.0],[119.58731,-3.98579,0.0],[119.58736,-3.9849,0.0],[119.58748,-3.98433,0.0],[119.58734,-3.98416,0.0],[119.58727,-3.98431,0.0],[119.5872,-3.98426,0.0],[119.58727,-3.98391,0.0],[119.58749,-3.98375,0.0],[119.58741,-3.98325,0.0],[119.58756,-3.98267,0.0],[119.58749,-3.98241,0.0],[119.5876,-3.98212,0.0],[119.58756,-3.98187,0.0],[119.58742,-3.98176,0.0],[119.58732,-3.98179,0.0],[119.58729,-3.98167,0.0],[119.5873,-3.98154,0.0],[119.58749,-3.98135,0.0],[119.58749,-3.98115,0.0],[119.58732,-3.98104,0.0],[119.58736,-3.98096,0.0],[119.58727,-3.98077,0.0],[119.58706,-3.98064,0.0],[119.58704,-3.98017,0.0],[119.58668,-3.97989,0.0],[119.58664,-3.97965,0.0],[119.58636,-3.97964,0.0],[119.58606,-3.97933,0.0],[119.58564,-3.97907,0.0],[119.58527,-3.97932,0.0],[119.58493,-3.9791,0.0]]]]},"properties":{"OBJECTID":86988,"NAMOBJ":"Wiring Tasi","WADMKD":"Wiring Tasi","WADMKC":"Suppa","KDEPUM":"73.15.02.2007","KDCPUM":"73.15.02","WADMKK":"Pinrang","WADMPR":"Sulawesi Selatan","LUASWH":8.312407598736284,"TIPADM":1,"Status":"Batas Indikatif"}},{"type":"Feature","id":87016,"geometry":{"type":"Polygon","coordinates":[[[119.76443,-3.71863,0.0],[119.76368,-3.71808,0.0],[119.76233,-3.71682,0.0],[119.76168,-3.71591,0.0],[119.76095,-3.71529,0.0],[119.7594,-3.71313,0.0],[119.75891,-3.71277,0.0],[119.7588,-3.7125,0.0],[119.75852,-3.71104,0.0],[119.75742,-3.70897,0.0],[119.7573,-3.70833,0.0],[119.75799,-3.70645,0.0],[119.75868,-3.70557,0.0],[119.75927,-3.7042,0.0],[119.75952,-3.70345,0.0],[119.75992,-3.70119,0.0],[119.75992,-3.70082,0.0],[119.75966,-3.69994,0.0],[119.75842,-3.69806,0.0],[119.75834,-3.69553,0.0],[119.75842,-3.69499,0.0],[119.75855,-3.69464,0.0],[119.75922,-3.69351,0.0],[119.76189,-3.69134,0.0],[119.7629,-3.68964,0.0],[119.76337,-3.68841,0.0],[119.7637,-3.68811,0.0],[119.76413,-3.68735,0.0],[119.76494,-3.68678,0.0],[119.76498,-3.68643,0.0],[119.76435,-3.6847,0.0],[119.76369,-3.68368,0.0],[119.7603,-3.68502,0.0],[119.75804,-3.68531,0.0],[119.75644,-3.6866,0.0],[119.75576,-3.68779,0.0],[119.75495,-3.68889,0.0],[119.75456,-3.68917,0.0],[119.75066,-3.68928,0.0],[119.75047,-3.68943,0.0],[119.75025,-3.68939,0.0],[119.74991,-3.68911,0.0],[119.74954,-3.68834,0.0],[119.7484,-3.68896,0.0],[119.74779,-3.68829,0.0],[119.74573,-3.68846,0.0],[119.74571,-3.68934,0.0],[119.74529,-3.69151,0.0],[119.74486,-3.69136,0.0],[119.74487,-3.69126,0.0],[119.74417,-3.69103,0.0],[119.74255,-3.69066,0.0],[119.74042,-3.69004,0.0],[119.74033,-3.69058,0.0],[119.73955,-3.69251,0.0],[119.73948,-3.69248,0.0],[119.73904,-3.69351,0.0],[119.73799,-3.6931,0.0],[119.73773,-3.69382,0.0],[119.73651,-3.69329,0.0],[119.73519,-3.69289,0.0],[119.73473,-3.69374,0.0],[119.73459,-3.69377,0.0],[119.73469,-3.69562,0.0],[119.7341,-3.69547,0.0],[119.73074,-3.69561,0.0],[119.73027,-3.69571,0.0],[119.73014,-3.69736,0.0],[119.73001,-3.69775,0.0],[119.73039,-3.69795,0.0],[119.72984,-3.69887,0.0],[119.72902,-3.69968,0.0],[119.72818,-3.70115,0.0],[119.72772,-3.70143,0.0],[119.72793,-3.70178,0.0],[119.7277,-3.70223,0.0],[119.72746,-3.70351,0.0],[119.72693,-3.70416,0.0],[119.72673,-3.70401,0.0],[119.72595,-3.70453,0.0],[119.72539,-3.70504,0.0],[119.72478,-3.70611,0.0],[119.72338,-3.70808,0.0],[119.72254,-3.70942,0.0],[119.7224,-3.70938,0.0],[119.72144,-3.71083,0.0],[119.72126,-3.71125,0.0],[119.72078,-3.71191,0.0],[119.72052,-3.71264,0.0],[119.72003,-3.71245,0.0],[119.71947,-3.71353,0.0],[119.71782,-3.71451,0.0],[119.71642,-3.71486,0.0],[119.71608,-3.71507,0.0],[119.71597,-3.71556,0.0],[119.7154,-3.71622,0.0],[119.71483,-3.71729,0.0],[119.71452,-3.71753,0.0],[119.71426,-3.71714,0.0],[119.70624,-3.72277,0.0],[119.70132,-3.72751,0.0],[119.69916,-3.72972,0.0],[119.70006,-3.73062,0.0],[119.70051,-3.73088,0.0],[119.70091,-3.73095,0.0],[119.70698,-3.73108,0.0],[119.7091,-3.73089,0.0],[119.71005,-3.73089,0.0],[119.71078,-3.7311,0.0],[119.71117,-3.73136,0.0],[119.71163,-3.7321,0.0],[119.71234,-3.73403,0.0],[119.71284,-3.73502,0.0],[119.71389,-3.73674,0.0],[119.71408,-3.73739,0.0],[119.71391,-3.74282,0.0],[119.71312,-3.74552,0.0],[119.71313,-3.74602,0.0],[119.71328,-3.74651,0.0],[119.7139,-3.74734,0.0],[119.71821,-3.75204,0.0],[119.72366,-3.74631,0.0],[119.72382,-3.74641,0.0],[119.7251,-3.745,0.0],[119.72602,-3.74391,0.0],[119.72632,-3.7431,0.0],[119.72693,-3.74236,0.0],[119.72909,-3.74396,0.0],[119.73036,-3.74244,0.0],[119.73082,-3.74279,0.0],[119.73239,-3.73815,0.0],[119.73348,-3.73897,0.0],[119.73536,-3.74115,0.0],[119.7379,-3.73397,0.0],[119.73971,-3.73524,0.0],[119.74133,-3.7362,0.0],[119.74268,-3.73324,0.0],[119.74596,-3.72743,0.0],[119.7471,-3.72771,0.0],[119.74863,-3.72822,0.0],[119.75273,-3.72994,0.0],[119.75651,-3.73138,0.0],[119.75929,-3.72561,0.0],[119.75955,-3.72454,0.0],[119.7596,-3.72365,0.0],[119.76001,-3.72321,0.0],[119.76028,-3.7226,0.0],[119.76033,-3.72153,0.0],[119.76093,-3.72146,0.0],[119.76085,-3.72083,0.0],[119.76051,-3.72083,0.0],[119.76079,-3.71834,0.0],[119.76443,-3.71863,0.0]]]},"properties":{"OBJECTID":87016,"NAMOBJ":"Malimpung","WADMKD":"Malimpung","WADMKC":"Patampanua","KDEPUM":"73.15.05.2006","KDCPUM":"73.15.05","WADMKK":"Pinrang","WADMPR":"Sulawesi Selatan","LUASWH":24.7496898263385,"TIPADM":1,"Status":"Batas Indikatif"}},{"type":"Feature","id":87079,"geometry":{"type":"Polygon","coordinates":[[[119.53137,-3.73703,0.0],[119.53053,-3.73657,0.0],[119.53032,-3.73659,0.0],[119.52989,-3.7368,0.0],[119.52942,-3.73679,0.0],[119.52909,-3.73692,0.0],[119.5285,-3.73693,0.0],[119.52749,-3.73658,0.0],[119.52693,-3.7365,0.0],[119.52673,-3.73659,0.0],[119.52638,-3.73703,0.0],[119.52546,-3.73727,0.0],[119.52492,-3.73728,0.0],[119.52409,-3.73712,0.0],[119.5235,-3.73715,0.0],[119.52275,-3.73698,0.0],[119.52225,-3.73609,0.0],[119.52173,-3.73547,0.0],[119.5195,-3.73217,0.0],[119.51924,-3.73157,0.0],[119.51867,-3.73109,0.0],[119.51795,-3.73089,0.0],[119.51765,-3.73064,0.0],[119.51775,-3.73054,0.0],[119.51762,-3.7301,0.0],[119.5168,-3.729,0.0],[119.51617,-3.7279,0.0],[119.51556,-3.72754,0.0],[119.51438,-3.72644,0.0],[119.51419,-3.72637,0.0],[119.51368,-3.7265,0.0],[119.51299,-3.72655,0.0],[119.51263,-3.72643,0.0],[119.51175,-3.72562,0.0],[119.50798,-3.72315,0.0],[119.50725,-3.72282,0.0],[119.50525,-3.7224,0.0],[119.50482,-3.72256,0.0],[119.50452,-3.72302,0.0],[119.50406,-3.72319,0.0],[119.50386,-3.72308,0.0],[119.50358,-3.72251,0.0],[119.49833,-3.72016,0.0],[119.49812,-3.72014,0.0],[119.49786,-3.72092,0.0],[119.49622,-3.7204,0.0],[119.49583,-3.72056,0.0],[119.49529,-3.72048,0.0],[119.49333,-3.72088,0.0],[119.49275,-3.7208,0.0],[119.49239,-3.72102,0.0],[119.49217,-3.72122,0.0],[119.49195,-3.72173,0.0],[119.49145,-3.72225,0.0],[119.49107,-3.72295,0.0],[119.49091,-3.72383,0.0],[119.4909,-3.72557,0.0],[119.49078,-3.72716,0.0],[119.49058,-3.728,0.0],[119.49023,-3.72805,0.0],[119.4887,-3.72778,0.0],[119.48846,-3.72783,0.0],[119.48848,-3.72851,0.0],[119.48839,-3.72888,0.0],[119.48874,-3.72912,0.0],[119.48879,-3.72932,0.0],[119.48861,-3.72977,0.0],[119.4884,-3.73005,0.0],[119.48775,-3.73014,0.0],[119.48714,-3.73042,0.0],[119.48679,-3.73078,0.0],[119.48634,-3.73091,0.0],[119.48539,-3.7309,0.0],[119.48467,-3.73073,0.0],[119.484,-3.73073,0.0],[119.48273,-3.73106,0.0],[119.48211,-3.73078,0.0],[119.48206,-3.72943,0.0],[119.48187,-3.72873,0.0],[119.48106,-3.72829,0.0],[119.48073,-3.72824,0.0],[119.48043,-3.72833,0.0],[119.48031,-3.72847,0.0],[119.48032,-3.7288,0.0],[119.47992,-3.72893,0.0],[119.47961,-3.72827,0.0],[119.47899,-3.72623,0.0],[119.47812,-3.72567,0.0],[119.47745,-3.72508,0.0],[119.47725,-3.72501,0.0],[119.47653,-3.72578,0.0],[119.47585,-3.7259,0.0],[119.47449,-3.72598,0.0],[119.47004,-3.72555,0.0],[119.46974,-3.7282,0.0],[119.46971,-3.72984,0.0],[119.4702,-3.73147,0.0],[119.47019,-3.73261,0.0],[119.46999,-3.73386,0.0],[119.47016,-3.73467,0.0],[119.47002,-3.73528,0.0],[119.47,-3.73581,0.0],[119.47043,-3.7362,0.0],[119.47166,-3.7366,0.0],[119.47198,-3.73792,0.0],[119.47405,-3.73962,0.0],[119.47436,-3.74002,0.0],[119.4749,-3.7403,0.0],[119.47476,-3.74066,0.0],[119.47514,-3.74101,0.0],[119.47507,-3.7413,0.0],[119.47525,-3.74196,0.0],[119.47518,-3.74203,0.0],[119.47522,-3.74231,0.0],[119.47553,-3.74271,0.0],[119.47582,-3.74291,0.0],[119.47602,-3.74331,0.0],[119.47651,-3.7439,0.0],[119.47698,-3.74429,0.0],[119.47801,-3.74574,0.0],[119.47858,-3.7464,0.0],[119.47884,-3.74695,0.0],[119.47968,-3.74819,0.0],[119.48161,-3.75198,0.0],[119.4817,-3.75238,0.0],[119.48279,-3.75471,0.0],[119.48392,-3.75756,0.0],[119.48404,-3.75805,0.0],[119.48391,-3.75819,0.0],[119.48405,-3.75821,0.0],[119.48424,-3.75812,0.0],[119.48436,-3.75832,0.0],[119.48525,-3.7573,0.0],[119.48577,-3.75655,0.0],[119.48626,-3.75622,0.0],[119.48781,-3.75544,0.0],[119.48815,-3.75511,0.0],[119.48864,-3.75448,0.0],[119.48871,-3.7536,0.0],[119.48884,-3.75356,0.0],[119.4898,-3.75392,0.0],[119.49006,-3.75412,0.0],[119.49026,-3.75444,0.0],[119.49043,-3.75453,0.0],[119.49076,-3.75453,0.0],[119.49092,-3.75446,0.0],[119.49112,-3.75411,0.0],[119.49134,-3.75391,0.0],[119.49184,-3.75397,0.0],[119.49212,-3.75389,0.0],[119.49279,-3.75262,0.0],[119.49325,-3.75218,0.0],[119.49346,-3.75145,0.0],[119.49375,-3.75148,0.0],[119.49432,-3.75188,0.0],[119.49539,-3.75188,0.0],[119.49617,-3.75252,0.0],[119.49698,-3.75266,0.0],[119.49729,-3.75226,0.0],[119.49867,-3.75115,0.0],[119.49911,-3.75096,0.0],[119.50064,-3.75057,0.0],[119.50243,-3.75058,0.0],[119.50261,-3.75065,0.0],[119.50298,-3.75132,0.0],[119.50369,-3.75192,0.0],[119.50379,-3.75214,0.0],[119.50378,-3.75245,0.0],[119.50353,-3.75301,0.0],[119.50362,-3.75321,0.0],[119.50386,-3.7534,0.0],[119.50405,-3.7534,0.0],[119.5046,-3.75298,0.0],[119.50544,-3.75289,0.0],[119.50584,-3.75318,0.0],[119.50643,-3.75301,0.0],[119.50667,-3.75343,0.0],[119.5068,-3.75356,0.0],[119.50696,-3.75357,0.0],[119.50725,-3.7534,0.0],[119.50734,-3.7528,0.0],[119.50769,-3.75262,0.0],[119.5079,-3.75212,0.0],[119.50817,-3.75209,0.0],[119.50949,-3.75289,0.0],[119.50986,-3.75327,0.0],[119.51026,-3.75342,0.0],[119.51037,-3.75421,0.0],[119.51056,-3.75436,0.0],[119.51087,-3.75431,0.0],[119.51112,-3.75411,0.0],[119.51156,-3.75402,0.0],[119.51248,-3.75411,0.0],[119.51326,-3.75399,0.0],[119.51663,-3.75406,0.0],[119.51927,-3.75472,0.0],[119.52099,-3.75564,0.0],[119.52149,-3.75573,0.0],[119.5232,-3.75276,0.0],[119.52279,-3.75256,0.0],[119.52546,-3.74812,0.0],[119.52604,-3.74698,0.0],[119.52614,-3.74652,0.0],[119.52645,-3.74627,0.0],[119.52724,-3.74492,0.0],[119.52678,-3.74473,0.0],[119.52705,-3.74408,0.0],[119.52735,-3.74423,0.0],[119.5285,-3.74207,0.0],[119.52912,-3.74108,0.0],[119.52959,-3.74129,0.0],[119.53028,-3.73981,0.0],[119.53101,-3.73766,0.0],[119.53122,-3.73716,0.0],[119.53137,-3.73703,0.0]]]},"properties":{"OBJECTID":87079,"NAMOBJ":"Tadang Palie","WADMKD":"Tadang Palie","WADMKC":"Cempa","KDEPUM":"73.15.08.2005","KDCPUM":"73.15.08","WADMKK":"Pinrang","WADMPR":"Sulawesi Selatan","LUASWH":17.186973436698704,"TIPADM":1,"Status":"Batas Indikatif"}},{"type":"Feature","id":87093,"geometry":{"type":"Polygon","coordinates":[[[119.68207,-3.82256,0.0],[119.68183,-3.82251,0.0],[119.68171,-3.82333,0.0],[119.68124,-3.82523,0.0],[119.68111,-3.82602,0.0],[119.68111,-3.82711,0.0],[119.68104,-3.82743,0.0],[119.6808,-3.82799,0.0],[119.67999,-3.82942,0.0],[119.67924,-3.83234,0.0],[119.67926,-3.83245,0.0],[119.67957,-3.83263,0.0],[119.68164,-3.83371,0.0],[119.68179,-3.83412,0.0],[119.68191,-3.83505,0.0],[119.6814,-3.83642,0.0],[119.68053,-3.83742,0.0],[119.68049,-3.8389,0.0],[119.68006,-3.84031,0.0],[119.68024,-3.84255,0.0],[119.67999,-3.84546,0.0],[119.67977,-3.84695,0.0],[119.67975,-3.84808,0.0],[119.68004,-3.84951,0.0],[119.68004,-3.84988,0.0],[119.67966,-3.85195,0.0],[119.67952,-3.85403,0.0],[119.67986,-3.85805,0.0],[119.67966,-3.85908,0.0],[119.67922,-3.86008,0.0],[119.67915,-3.86157,0.0],[119.67945,-3.86245,0.0],[119.67971,-3.86276,0.0],[119.68039,-3.86316,0.0],[119.68174,-3.86235,0.0],[119.68243,-3.86227,0.0],[119.68341,-3.86242,0.0],[119.68553,-3.86331,0.0],[119.69006,-3.86473,0.0],[119.69213,-3.86557,0.0],[119.6937,-3.86594,0.0],[119.69521,-3.86602,0.0],[119.69645,-3.86588,0.0],[119.69689,-3.86572,0.0],[119.69867,-3.86441,0.0],[119.69937,-3.86409,0.0],[119.69976,-3.86401,0.0],[119.7005,-3.86337,0.0],[119.70089,-3.86285,0.0],[119.7007,-3.86233,0.0],[119.70071,-3.86203,0.0],[119.70179,-3.86119,0.0],[119.70198,-3.86114,0.0],[119.70228,-3.86118,0.0],[119.70291,-3.86137,0.0],[119.7036,-3.86174,0.0],[119.70453,-3.86188,0.0],[119.70532,-3.86237,0.0],[119.70674,-3.86213,0.0],[119.70698,-3.86201,0.0],[119.7071,-3.86184,0.0],[119.70716,-3.86154,0.0],[119.70699,-3.86103,0.0],[119.7071,-3.86076,0.0],[119.70751,-3.86044,0.0],[119.70829,-3.86021,0.0],[119.70871,-3.85995,0.0],[119.70922,-3.85917,0.0],[119.70942,-3.85852,0.0],[119.70946,-3.85814,0.0],[119.7089,-3.85762,0.0],[119.70816,-3.85652,0.0],[119.70832,-3.85515,0.0],[119.70845,-3.85462,0.0],[119.70838,-3.85413,0.0],[119.70942,-3.85326,0.0],[119.71061,-3.85286,0.0],[119.71115,-3.85247,0.0],[119.71166,-3.85157,0.0],[119.7123,-3.85147,0.0],[119.71241,-3.85139,0.0],[119.71357,-3.84985,0.0],[119.71408,-3.84956,0.0],[119.71433,-3.84952,0.0],[119.71531,-3.84966,0.0],[119.71572,-3.84927,0.0],[119.71596,-3.84883,0.0],[119.71633,-3.84852,0.0],[119.71667,-3.8484,0.0],[119.71749,-3.84841,0.0],[119.7184,-3.84763,0.0],[119.71816,-3.84676,0.0],[119.7182,-3.84582,0.0],[119.71879,-3.8448,0.0],[119.71987,-3.84411,0.0],[119.72049,-3.84355,0.0],[119.72106,-3.84289,0.0],[119.72126,-3.84278,0.0],[119.72135,-3.84258,0.0],[119.72197,-3.84194,0.0],[119.72355,-3.84083,0.0],[119.72373,-3.84076,0.0],[119.72417,-3.84087,0.0],[119.72437,-3.84081,0.0],[119.725,-3.84008,0.0],[119.72544,-3.83885,0.0],[119.72547,-3.83823,0.0],[119.72532,-3.83813,0.0],[119.72544,-3.83691,0.0],[119.7259,-3.8359,0.0],[119.7243,-3.83512,0.0],[119.725,-3.83378,0.0],[119.72322,-3.83291,0.0],[119.71557,-3.83218,0.0],[119.71025,-3.83137,0.0],[119.70793,-3.83081,0.0],[119.70494,-3.82992,0.0],[119.7033,-3.82913,0.0],[119.70171,-3.82853,0.0],[119.70151,-3.82842,0.0],[119.70121,-3.82787,0.0],[119.69966,-3.82686,0.0],[119.69888,-3.8265,0.0],[119.69853,-3.82675,0.0],[119.69826,-3.82677,0.0],[119.69675,-3.82602,0.0],[119.69632,-3.82629,0.0],[119.69591,-3.82689,0.0],[119.69569,-3.82703,0.0],[119.69528,-3.82699,0.0],[119.69254,-3.82601,0.0],[119.68877,-3.82453,0.0],[119.68207,-3.82256,0.0]]]},"properties":{"OBJECTID":87093,"NAMOBJ":"Pammase","WADMKD":"Pammase","WADMKC":"Tiroang","KDEPUM":"73.15.09.1001","KDCPUM":"73.15.09","WADMKK":"Pinrang","WADMPR":"Sulawesi Selatan","LUASWH":16.041793051242529,"TIPADM":2,"Status":"Batas Indikatif"}},{"type":"Feature","id":87112,"geometry":{"type":"Polygon","coordinates":[[[119.51925,-3.50764,0.0],[119.51812,-3.50682,0.0],[119.51815,-3.50629,0.0],[119.51797,-3.50572,0.0],[119.5172,-3.50559,0.0],[119.51685,-3.50545,0.0],[119.51666,-3.50545,0.0],[119.51587,-3.50604,0.0],[119.51416,-3.5058,0.0],[119.51169,-3.50595,0.0],[119.51089,-3.50491,0.0],[119.51049,-3.50472,0.0],[119.51009,-3.50472,0.0],[119.5084,-3.50561,0.0],[119.50805,-3.50569,0.0],[119.50408,-3.50576,0.0],[119.50326,-3.50566,0.0],[119.5025,-3.5054,0.0],[119.50218,-3.50515,0.0],[119.50169,-3.50459,0.0],[119.50123,-3.50455,0.0],[119.50032,-3.50417,0.0],[119.5001,-3.50417,0.0],[119.49985,-3.50429,0.0],[119.49973,-3.50477,0.0],[119.49974,-3.50514,0.0],[119.49845,-3.50535,0.0],[119.49803,-3.50566,0.0],[119.49746,-3.50652,0.0],[119.49628,-3.50604,0.0],[119.49615,-3.50649,0.0],[119.49608,-3.50718,0.0],[119.49572,-3.50791,0.0],[119.49519,-3.50828,0.0],[119.4942,-3.50869,0.0],[119.49447,-3.51072,0.0],[119.49472,-3.51191,0.0],[119.49538,-3.51271,0.0],[119.49612,-3.51409,0.0],[119.49629,-3.51458,0.0],[119.49685,-3.51544,0.0],[119.49722,-3.5173,0.0],[119.49791,-3.5182,0.0],[119.49806,-3.51863,0.0],[119.49853,-3.51879,0.0],[119.49909,-3.51954,0.0],[119.49968,-3.51993,0.0],[119.49978,-3.52022,0.0],[119.49959,-3.52074,0.0],[119.49973,-3.5214,0.0],[119.49968,-3.52204,0.0],[119.49955,-3.52224,0.0],[119.49919,-3.52154,0.0],[119.49879,-3.522,0.0],[119.49862,-3.52237,0.0],[119.49807,-3.52288,0.0],[119.49861,-3.52358,0.0],[119.49927,-3.52493,0.0],[119.49939,-3.5258,0.0],[119.49963,-3.52623,0.0],[119.49998,-3.52754,0.0],[119.50078,-3.52886,0.0],[119.50122,-3.5294,0.0],[119.5015,-3.52933,0.0],[119.50175,-3.52944,0.0],[119.5019,-3.52978,0.0],[119.50178,-3.53005,0.0],[119.50156,-3.53027,0.0],[119.50127,-3.53024,0.0],[119.50122,-3.53062,0.0],[119.50127,-3.53082,0.0],[119.50165,-3.53103,0.0],[119.50338,-3.53245,0.0],[119.50376,-3.5326,0.0],[119.50421,-3.53312,0.0],[119.50444,-3.53354,0.0],[119.50448,-3.5338,0.0],[119.50428,-3.53405,0.0],[119.50414,-3.53406,0.0],[119.50209,-3.53283,0.0],[119.50185,-3.53308,0.0],[119.5028,-3.53369,0.0],[119.50347,-3.53432,0.0],[119.5057,-3.53821,0.0],[119.50665,-3.53954,0.0],[119.50693,-3.53973,0.0],[119.50728,-3.54049,0.0],[119.50752,-3.54125,0.0],[119.50878,-3.5438,0.0],[119.50917,-3.54445,0.0],[119.50967,-3.54586,0.0],[119.51007,-3.54656,0.0],[119.51046,-3.54757,0.0],[119.51064,-3.54857,0.0],[119.5101,-3.54883,0.0],[119.51003,-3.54902,0.0],[119.51024,-3.54921,0.0],[119.51049,-3.54912,0.0],[119.51077,-3.54948,0.0],[119.51151,-3.55153,0.0],[119.51184,-3.55295,0.0],[119.51251,-3.55517,0.0],[119.51342,-3.55949,0.0],[119.51358,-3.56047,0.0],[119.51362,-3.56126,0.0],[119.51349,-3.56237,0.0],[119.51325,-3.56341,0.0],[119.51192,-3.56726,0.0],[119.51144,-3.56953,0.0],[119.51127,-3.57073,0.0],[119.51123,-3.57197,0.0],[119.51129,-3.57356,0.0],[119.51179,-3.57462,0.0],[119.51205,-3.57491,0.0],[119.51255,-3.57496,0.0],[119.51341,-3.57489,0.0],[119.51444,-3.57433,0.0],[119.51529,-3.57343,0.0],[119.51582,-3.57242,0.0],[119.51612,-3.57138,0.0],[119.51624,-3.56829,0.0],[119.51606,-3.56747,0.0],[119.5158,-3.56686,0.0],[119.51564,-3.56621,0.0],[119.5157,-3.56575,0.0],[119.51596,-3.56508,0.0],[119.51616,-3.5649,0.0],[119.51643,-3.56481,0.0],[119.5174,-3.56472,0.0],[119.51775,-3.56478,0.0],[119.51812,-3.565,0.0],[119.51807,-3.56405,0.0],[119.51765,-3.56354,0.0],[119.51735,-3.56285,0.0],[119.51731,-3.5626,0.0],[119.51745,-3.56239,0.0],[119.51739,-3.56223,0.0],[119.51819,-3.56139,0.0],[119.5184,-3.56101,0.0],[119.51836,-3.56054,0.0],[119.51934,-3.55975,0.0],[119.51935,-3.55962,0.0],[119.51877,-3.55926,0.0],[119.51879,-3.5589,0.0],[119.51902,-3.55827,0.0],[119.51827,-3.55719,0.0],[119.51809,-3.55665,0.0],[119.51798,-3.55555,0.0],[119.51803,-3.5553,0.0],[119.51821,-3.55508,0.0],[119.51837,-3.55499,0.0],[119.51943,-3.55483,0.0],[119.51959,-3.55476,0.0],[119.51968,-3.55452,0.0],[119.51959,-3.55427,0.0],[119.51957,-3.55368,0.0],[119.51935,-3.55291,0.0],[119.51891,-3.55245,0.0],[119.519,-3.55224,0.0],[119.51862,-3.5492,0.0],[119.51942,-3.54896,0.0],[119.5193,-3.54822,0.0],[119.51853,-3.54851,0.0],[119.51838,-3.54808,0.0],[119.51818,-3.54784,0.0],[119.51818,-3.54742,0.0],[119.51808,-3.54729,0.0],[119.51768,-3.54716,0.0],[119.51749,-3.54734,0.0],[119.51696,-3.54659,0.0],[119.51637,-3.54599,0.0],[119.51649,-3.54535,0.0],[119.51683,-3.54468,0.0],[119.51683,-3.54402,0.0],[119.51637,-3.54398,0.0],[119.51559,-3.54332,0.0],[119.51517,-3.54226,0.0],[119.51498,-3.54079,0.0],[119.51488,-3.54053,0.0],[119.51449,-3.54006,0.0],[119.51353,-3.5394,0.0],[119.5126,-3.53809,0.0],[119.51253,-3.53784,0.0],[119.51253,-3.53751,0.0],[119.51265,-3.5373,0.0],[119.5129,-3.53701,0.0],[119.51341,-3.53697,0.0],[119.5135,-3.53668,0.0],[119.51318,-3.53544,0.0],[119.51311,-3.5342,0.0],[119.51357,-3.53364,0.0],[119.51346,-3.53351,0.0],[119.51342,-3.53329,0.0],[119.51421,-3.53278,0.0],[119.51456,-3.53234,0.0],[119.51473,-3.53189,0.0],[119.51466,-3.53162,0.0],[119.51514,-3.53112,0.0],[119.51546,-3.53034,0.0],[119.51545,-3.52857,0.0],[119.51374,-3.5287,0.0],[119.51329,-3.52852,0.0],[119.51271,-3.52802,0.0],[119.51234,-3.52736,0.0],[119.51229,-3.52691,0.0],[119.51243,-3.52657,0.0],[119.51185,-3.52655,0.0],[119.51184,-3.5261,0.0],[119.51197,-3.52568,0.0],[119.5117,-3.52517,0.0],[119.51164,-3.52472,0.0],[119.51176,-3.52458,0.0],[119.51194,-3.52455,0.0],[119.51222,-3.5247,0.0],[119.51241,-3.52461,0.0],[119.51259,-3.52398,0.0],[119.51273,-3.52389,0.0],[119.51305,-3.52391,0.0],[119.51315,-3.52371,0.0],[119.51304,-3.52355,0.0],[119.51297,-3.52291,0.0],[119.51319,-3.5225,0.0],[119.51313,-3.52232,0.0],[119.51276,-3.522,0.0],[119.51291,-3.52148,0.0],[119.51327,-3.52076,0.0],[119.51315,-3.52043,0.0],[119.51347,-3.5196,0.0],[119.51411,-3.51928,0.0],[119.51428,-3.51908,0.0],[119.51428,-3.5188,0.0],[119.51471,-3.51817,0.0],[119.51479,-3.51776,0.0],[119.51504,-3.51743,0.0],[119.51539,-3.51724,0.0],[119.51565,-3.51636,0.0],[119.51564,-3.51618,0.0],[119.5164,-3.51565,0.0],[119.51676,-3.5153,0.0],[119.517,-3.51518,0.0],[119.51721,-3.51483,0.0],[119.51753,-3.51474,0.0],[119.51777,-3.51441,0.0],[119.51794,-3.51355,0.0],[119.51793,-3.51284,0.0],[119.51812,-3.51259,0.0],[119.51866,-3.51213,0.0],[119.5195,-3.51213,0.0],[119.51972,-3.51198,0.0],[119.51972,-3.51175,0.0],[119.51924,-3.51009,0.0],[119.51947,-3.50936,0.0],[119.51946,-3.50892,0.0],[119.51912,-3.50815,0.0],[119.51925,-3.50764,0.0]]]},"properties":{"OBJECTID":87112,"NAMOBJ":"Sabbang Paru","WADMKD":"Sabbang Paru","WADMKC":"Lembang","KDEPUM":"73.15.07.2014","KDCPUM":"73.15.07","WADMKK":"Pinrang","WADMPR":"Sulawesi Selatan","LUASWH":9.1035311379545245,"TIPADM":1,"Status":"Batas Indikatif"}},{"type":"Feature","id":87118,"geometry":{"type":"Polygon","coordinates":[[[119.71821,-3.75204,0.0],[119.7139,-3.74734,0.0],[119.71328,-3.74651,0.0],[119.71313,-3.74602,0.0],[119.71312,-3.74552,0.0],[119.71391,-3.74282,0.0],[119.71408,-3.73739,0.0],[119.71389,-3.73674,0.0],[119.71284,-3.73502,0.0],[119.71234,-3.73403,0.0],[119.71178,-3.73242,0.0],[119.71138,-3.73161,0.0],[119.71098,-3.73121,0.0],[119.71024,-3.73091,0.0],[119.7093,-3.73089,0.0],[119.70891,-3.73205,0.0],[119.70629,-3.73222,0.0],[119.7059,-3.73383,0.0],[119.70524,-3.73563,0.0],[119.70489,-3.73692,0.0],[119.70464,-3.73725,0.0],[119.70423,-3.73852,0.0],[119.7028,-3.73812,0.0],[119.70278,-3.73866,0.0],[119.70204,-3.74016,0.0],[119.70055,-3.73983,0.0],[119.70121,-3.73885,0.0],[119.70091,-3.73867,0.0],[119.70121,-3.7381,0.0],[119.70065,-3.73778,0.0],[119.70033,-3.73764,0.0],[119.70016,-3.73813,0.0],[119.69991,-3.7385,0.0],[119.69902,-3.7381,0.0],[119.69872,-3.73789,0.0],[119.69732,-3.73744,0.0],[119.69687,-3.73817,0.0],[119.69638,-3.738,0.0],[119.69635,-3.73812,0.0],[119.69596,-3.73805,0.0],[119.69561,-3.73899,0.0],[119.69509,-3.73876,0.0],[119.69469,-3.73954,0.0],[119.69481,-3.7396,0.0],[119.69418,-3.74091,0.0],[119.69334,-3.74056,0.0],[119.69321,-3.74078,0.0],[119.69224,-3.7403,0.0],[119.69146,-3.74099,0.0],[119.69088,-3.74121,0.0],[119.68957,-3.74259,0.0],[119.6891,-3.7425,0.0],[119.68904,-3.74258,0.0],[119.68868,-3.74252,0.0],[119.68808,-3.742,0.0],[119.68762,-3.74175,0.0],[119.68744,-3.74201,0.0],[119.68717,-3.74191,0.0],[119.68708,-3.74207,0.0],[119.68638,-3.74194,0.0],[119.68626,-3.7421,0.0],[119.68625,-3.74239,0.0],[119.68591,-3.74275,0.0],[119.6858,-3.74359,0.0],[119.68555,-3.74397,0.0],[119.68562,-3.74507,0.0],[119.68485,-3.745,0.0],[119.68478,-3.74531,0.0],[119.68425,-3.74522,0.0],[119.68418,-3.74568,0.0],[119.68369,-3.74562,0.0],[119.6836,-3.74585,0.0],[119.68335,-3.74581,0.0],[119.68325,-3.74614,0.0],[119.68155,-3.7458,0.0],[119.68145,-3.74632,0.0],[119.68129,-3.74654,0.0],[119.68106,-3.7465,0.0],[119.6809,-3.74627,0.0],[119.68056,-3.74616,0.0],[119.68033,-3.74729,0.0],[119.67923,-3.74722,0.0],[119.67849,-3.74688,0.0],[119.67862,-3.74637,0.0],[119.67806,-3.74618,0.0],[119.67787,-3.74669,0.0],[119.67781,-3.74667,0.0],[119.67747,-3.74795,0.0],[119.67698,-3.74786,0.0],[119.6769,-3.74793,0.0],[119.67686,-3.7484,0.0],[119.67692,-3.74842,0.0],[119.67666,-3.75001,0.0],[119.67719,-3.75015,0.0],[119.67662,-3.75152,0.0],[119.67678,-3.75159,0.0],[119.67665,-3.75238,0.0],[119.67686,-3.75249,0.0],[119.67673,-3.75296,0.0],[119.67657,-3.7529,0.0],[119.67646,-3.75397,0.0],[119.67694,-3.75412,0.0],[119.67666,-3.75502,0.0],[119.67687,-3.75512,0.0],[119.67661,-3.75588,0.0],[119.67648,-3.75584,0.0],[119.67612,-3.75697,0.0],[119.67578,-3.75762,0.0],[119.67544,-3.75756,0.0],[119.67516,-3.75829,0.0],[119.6744,-3.76178,0.0],[119.67433,-3.76235,0.0],[119.67401,-3.76228,0.0],[119.67383,-3.76272,0.0],[119.67271,-3.76233,0.0],[119.67265,-3.76267,0.0],[119.67269,-3.76302,0.0],[119.67213,-3.76291,0.0],[119.67202,-3.76335,0.0],[119.67246,-3.76389,0.0],[119.67253,-3.76474,0.0],[119.67213,-3.76479,0.0],[119.67191,-3.76503,0.0],[119.67174,-3.76578,0.0],[119.67162,-3.76755,0.0],[119.6716,-3.76834,0.0],[119.67169,-3.76871,0.0],[119.67159,-3.7689,0.0],[119.67213,-3.76892,0.0],[119.67206,-3.76952,0.0],[119.67236,-3.76949,0.0],[119.67242,-3.77008,0.0],[119.67252,-3.76987,0.0],[119.67408,-3.76975,0.0],[119.67578,-3.7706,0.0],[119.67626,-3.77093,0.0],[119.67723,-3.77128,0.0],[119.67672,-3.77228,0.0],[119.67667,-3.77256,0.0],[119.67674,-3.77262,0.0],[119.67635,-3.77352,0.0],[119.67706,-3.77376,0.0],[119.67702,-3.7739,0.0],[119.67766,-3.77417,0.0],[119.67764,-3.77443,0.0],[119.67781,-3.77458,0.0],[119.67769,-3.77498,0.0],[119.67722,-3.77523,0.0],[119.67712,-3.77536,0.0],[119.67712,-3.77557,0.0],[119.67724,-3.77576,0.0],[119.67715,-3.77616,0.0],[119.67727,-3.77634,0.0],[119.67734,-3.77678,0.0],[119.67724,-3.777,0.0],[119.67756,-3.77738,0.0],[119.67752,-3.77751,0.0],[119.67724,-3.77766,0.0],[119.67696,-3.77765,0.0],[119.67659,-3.7781,0.0],[119.67632,-3.77823,0.0],[119.67628,-3.7784,0.0],[119.67651,-3.77861,0.0],[119.67643,-3.77885,0.0],[119.67667,-3.77904,0.0],[119.67774,-3.77931,0.0],[119.67792,-3.77885,0.0],[119.67933,-3.77926,0.0],[119.67969,-3.77827,0.0],[119.68042,-3.77843,0.0],[119.68893,-3.77764,0.0],[119.69238,-3.77796,0.0],[119.69528,-3.77802,0.0],[119.70062,-3.77953,0.0],[119.702,-3.77932,0.0],[119.70284,-3.77949,0.0],[119.7034,-3.78009,0.0],[119.70403,-3.78018,0.0],[119.7077,-3.78011,0.0],[119.70901,-3.78027,0.0],[119.71025,-3.7806,0.0],[119.71061,-3.78061,0.0],[119.71053,-3.77999,0.0],[119.71026,-3.77939,0.0],[119.7102,-3.77893,0.0],[119.71036,-3.77731,0.0],[119.71047,-3.77716,0.0],[119.71126,-3.77676,0.0],[119.71168,-3.77642,0.0],[119.71189,-3.77613,0.0],[119.7119,-3.77575,0.0],[119.71178,-3.77555,0.0],[119.71109,-3.77515,0.0],[119.71082,-3.77489,0.0],[119.71049,-3.77412,0.0],[119.70995,-3.77337,0.0],[119.70946,-3.77224,0.0],[119.70902,-3.77177,0.0],[119.70881,-3.77045,0.0],[119.70909,-3.76995,0.0],[119.70915,-3.76948,0.0],[119.70967,-3.76864,0.0],[119.70964,-3.76836,0.0],[119.70902,-3.76781,0.0],[119.70911,-3.76712,0.0],[119.70938,-3.76638,0.0],[119.70968,-3.76601,0.0],[119.70982,-3.76593,0.0],[119.71035,-3.76612,0.0],[119.71048,-3.76605,0.0],[119.71095,-3.76539,0.0],[119.71156,-3.76488,0.0],[119.71159,-3.76474,0.0],[119.71145,-3.76454,0.0],[119.71141,-3.76426,0.0],[119.7116,-3.76408,0.0],[119.71192,-3.76394,0.0],[119.71201,-3.76379,0.0],[119.71202,-3.76304,0.0],[119.71241,-3.7629,0.0],[119.71289,-3.76304,0.0],[119.71341,-3.76283,0.0],[119.71443,-3.76176,0.0],[119.71473,-3.76078,0.0],[119.71543,-3.7604,0.0],[119.71571,-3.76008,0.0],[119.71584,-3.75958,0.0],[119.71579,-3.75919,0.0],[119.71567,-3.75898,0.0],[119.71545,-3.75882,0.0],[119.71509,-3.75795,0.0],[119.71513,-3.75649,0.0],[119.71539,-3.75599,0.0],[119.71736,-3.75414,0.0],[119.71926,-3.75318,0.0],[119.71821,-3.75204,0.0]]]},"properties":{"OBJECTID":87118,"NAMOBJ":"Mamminasae","WADMKD":"Mamminasae","WADMKC":"Paleteang","KDEPUM":"73.15.11.1004","KDCPUM":"73.15.11","WADMKK":"Pinrang","WADMPR":"Sulawesi Selatan","LUASWH":18.03065627225428,"TIPADM":2,"Status":"Batas Indikatif"}},{"type":"Feature","id":87142,"geometry":{"type":"Polygon","coordinates":[[[119.57119,-3.70503,0.0],[119.57084,-3.70556,0.0],[119.56992,-3.70606,0.0],[119.56893,-3.70639,0.0],[119.56753,-3.70669,0.0],[119.56628,-3.70645,0.0],[119.56465,-3.70544,0.0],[119.56384,-3.70466,0.0],[119.56335,-3.70405,0.0],[119.56295,-3.70307,0.0],[119.56277,-3.70198,0.0],[119.56272,-3.70027,0.0],[119.56283,-3.69843,0.0],[119.56272,-3.69691,0.0],[119.56256,-3.69597,0.0],[119.56222,-3.69523,0.0],[119.56171,-3.69459,0.0],[119.56102,-3.69422,0.0],[119.55976,-3.69372,0.0],[119.55878,-3.69354,0.0],[119.55762,-3.69354,0.0],[119.55617,-3.69384,0.0],[119.55394,-3.69548,0.0],[119.55204,-3.69755,0.0],[119.55131,-3.69882,0.0],[119.5506,-3.70179,0.0],[119.55029,-3.70368,0.0],[119.54961,-3.70553,0.0],[119.54877,-3.70691,0.0],[119.54767,-3.70802,0.0],[119.54676,-3.70857,0.0],[119.5451,-3.70929,0.0],[119.54377,-3.71026,0.0],[119.54209,-3.71259,0.0],[119.54119,-3.71419,0.0],[119.5404,-3.71717,0.0],[119.54037,-3.72025,0.0],[119.54065,-3.72308,0.0],[119.54064,-3.72426,0.0],[119.54043,-3.72508,0.0],[119.53994,-3.72587,0.0],[119.5385,-3.72732,0.0],[119.53723,-3.72802,0.0],[119.53641,-3.7283,0.0],[119.53672,-3.72936,0.0],[119.53675,-3.72973,0.0],[119.53658,-3.7303,0.0],[119.53531,-3.73295,0.0],[119.5348,-3.7338,0.0],[119.53387,-3.73598,0.0],[119.53235,-3.73651,0.0],[119.53137,-3.73703,0.0],[119.53169,-3.73733,0.0],[119.53207,-3.73747,0.0],[119.53236,-3.73691,0.0],[119.53332,-3.73713,0.0],[119.53324,-3.73749,0.0],[119.53436,-3.73777,0.0],[119.53443,-3.73752,0.0],[119.53604,-3.73775,0.0],[119.53604,-3.73782,0.0],[119.5366,-3.7379,0.0],[119.53936,-3.73881,0.0],[119.53947,-3.73849,0.0],[119.5404,-3.73863,0.0],[119.54049,-3.73829,0.0],[119.54172,-3.73872,0.0],[119.54225,-3.73763,0.0],[119.54399,-3.73829,0.0],[119.54326,-3.73976,0.0],[119.54543,-3.74086,0.0],[119.54529,-3.74125,0.0],[119.5454,-3.74131,0.0],[119.5451,-3.74192,0.0],[119.54518,-3.74202,0.0],[119.54894,-3.74366,0.0],[119.54901,-3.74352,0.0],[119.54925,-3.74373,0.0],[119.54934,-3.74407,0.0],[119.55,-3.74466,0.0],[119.55008,-3.74482,0.0],[119.55033,-3.74487,0.0],[119.55041,-3.74497,0.0],[119.55047,-3.74511,0.0],[119.55043,-3.74541,0.0],[119.55061,-3.74552,0.0],[119.5516,-3.7455,0.0],[119.55244,-3.74564,0.0],[119.55241,-3.74615,0.0],[119.55248,-3.74625,0.0],[119.55292,-3.74617,0.0],[119.55306,-3.74627,0.0],[119.55313,-3.74646,0.0],[119.55352,-3.74688,0.0],[119.55434,-3.74753,0.0],[119.55461,-3.74807,0.0],[119.55492,-3.74832,0.0],[119.55578,-3.74849,0.0],[119.55728,-3.74827,0.0],[119.55763,-3.74811,0.0],[119.55799,-3.7478,0.0],[119.55889,-3.74756,0.0],[119.56023,-3.74606,0.0],[119.5628,-3.74293,0.0],[119.56642,-3.73658,0.0],[119.56742,-3.73461,0.0],[119.56875,-3.73085,0.0],[119.5695,-3.73034,0.0],[119.56997,-3.73017,0.0],[119.57006,-3.72992,0.0],[119.57008,-3.72926,0.0],[119.56993,-3.7287,0.0],[119.56968,-3.72817,0.0],[119.56967,-3.72785,0.0],[119.56949,-3.72776,0.0],[119.56961,-3.72713,0.0],[119.56945,-3.72663,0.0],[119.56956,-3.72567,0.0],[119.56973,-3.72575,0.0],[119.57005,-3.725,0.0],[119.57027,-3.72423,0.0],[119.57018,-3.72416,0.0],[119.57021,-3.72378,0.0],[119.56964,-3.72357,0.0],[119.56955,-3.72293,0.0],[119.5696,-3.72202,0.0],[119.56998,-3.72097,0.0],[119.56919,-3.72061,0.0],[119.56953,-3.72012,0.0],[119.56979,-3.72023,0.0],[119.57009,-3.71978,0.0],[119.57035,-3.71984,0.0],[119.57052,-3.7194,0.0],[119.56971,-3.7193,0.0],[119.56979,-3.71867,0.0],[119.56936,-3.71862,0.0],[119.56944,-3.7184,0.0],[119.56777,-3.71773,0.0],[119.56768,-3.71746,0.0],[119.56673,-3.71648,0.0],[119.56696,-3.71612,0.0],[119.56756,-3.7155,0.0],[119.56803,-3.71461,0.0],[119.56803,-3.71436,0.0],[119.56854,-3.71415,0.0],[119.56878,-3.71393,0.0],[119.56895,-3.71344,0.0],[119.56995,-3.71217,0.0],[119.57021,-3.71202,0.0],[119.57122,-3.71214,0.0],[119.57183,-3.71208,0.0],[119.57201,-3.71216,0.0],[119.57273,-3.71123,0.0],[119.57296,-3.71107,0.0],[119.57518,-3.71007,0.0],[119.57561,-3.70981,0.0],[119.57617,-3.70923,0.0],[119.57713,-3.70761,0.0],[119.57716,-3.70731,0.0],[119.57618,-3.70717,0.0],[119.57515,-3.70712,0.0],[119.57453,-3.70728,0.0],[119.57226,-3.70567,0.0],[119.57119,-3.70503,0.0]]]},"properties":{"OBJECTID":87142,"NAMOBJ":"Sikkuale","WADMKD":"Sikkuale","WADMKC":"Cempa","KDEPUM":"73.15.08.2004","KDCPUM":"73.15.08","WADMKK":"Pinrang","WADMPR":"Sulawesi Selatan","LUASWH":15.291939498759685,"TIPADM":1,"Status":"Batas Indikatif"}},{"type":"Feature","id":87171,"geometry":{"type":"Polygon","coordinates":[[[119.65723,-3.87891,0.0],[119.65681,-3.8796,0.0],[119.65606,-3.87999,0.0],[119.65544,-3.88069,0.0],[119.65424,-3.88117,0.0],[119.65364,-3.88161,0.0],[119.65322,-3.88169,0.0],[119.652,-3.88104,0.0],[119.6516,-3.88099,0.0],[119.65105,-3.88126,0.0],[119.65026,-3.88149,0.0],[119.6483,-3.88154,0.0],[119.64732,-3.88119,0.0],[119.64653,-3.88069,0.0],[119.6457,-3.88056,0.0],[119.64544,-3.88044,0.0],[119.64483,-3.87954,0.0],[119.64448,-3.87947,0.0],[119.64432,-3.87951,0.0],[119.64378,-3.88003,0.0],[119.64316,-3.8803,0.0],[119.64269,-3.88039,0.0],[119.64228,-3.88043,0.0],[119.64155,-3.8801,0.0],[119.64095,-3.87995,0.0],[119.64042,-3.87999,0.0],[119.63939,-3.88061,0.0],[119.63866,-3.88177,0.0],[119.63827,-3.88178,0.0],[119.63783,-3.88166,0.0],[119.63749,-3.88145,0.0],[119.63712,-3.88107,0.0],[119.63706,-3.8807,0.0],[119.63644,-3.87952,0.0],[119.63593,-3.87909,0.0],[119.63499,-3.87874,0.0],[119.63408,-3.87876,0.0],[119.63367,-3.87893,0.0],[119.63359,-3.87939,0.0],[119.63372,-3.88022,0.0],[119.63361,-3.88059,0.0],[119.63306,-3.88107,0.0],[119.63272,-3.88118,0.0],[119.63177,-3.88084,0.0],[119.63062,-3.88104,0.0],[119.62971,-3.88102,0.0],[119.6281,-3.88074,0.0],[119.62768,-3.88077,0.0],[119.62632,-3.88121,0.0],[119.62485,-3.88126,0.0],[119.62459,-3.88214,0.0],[119.6243,-3.88236,0.0],[119.62337,-3.88239,0.0],[119.62281,-3.88281,0.0],[119.62272,-3.88313,0.0],[119.62282,-3.8843,0.0],[119.62265,-3.88481,0.0],[119.62273,-3.88489,0.0],[119.62289,-3.88607,0.0],[119.62368,-3.88755,0.0],[119.62383,-3.88823,0.0],[119.62376,-3.88977,0.0],[119.62345,-3.89055,0.0],[119.62264,-3.89154,0.0],[119.62148,-3.89254,0.0],[119.6211,-3.89323,0.0],[119.62106,-3.89355,0.0],[119.62123,-3.89472,0.0],[119.62123,-3.89582,0.0],[119.62106,-3.89674,0.0],[119.62114,-3.89701,0.0],[119.62145,-3.8975,0.0],[119.62148,-3.89788,0.0],[119.62137,-3.89823,0.0],[119.62047,-3.89962,0.0],[119.62119,-3.90008,0.0],[119.62159,-3.9002,0.0],[119.62398,-3.90004,0.0],[119.62414,-3.89997,0.0],[119.62431,-3.89976,0.0],[119.62464,-3.89968,0.0],[119.62597,-3.90003,0.0],[119.62615,-3.89962,0.0],[119.62659,-3.89975,0.0],[119.62702,-3.8989,0.0],[119.62724,-3.89886,0.0],[119.62774,-3.89906,0.0],[119.62764,-3.89933,0.0],[119.62792,-3.89943,0.0],[119.62786,-3.89956,0.0],[119.62804,-3.90002,0.0],[119.62848,-3.90017,0.0],[119.62864,-3.90061,0.0],[119.62883,-3.90079,0.0],[119.62954,-3.90092,0.0],[119.62984,-3.90074,0.0],[119.6304,-3.90083,0.0],[119.63055,-3.90093,0.0],[119.6306,-3.90119,0.0],[119.63077,-3.90131,0.0],[119.63096,-3.9014,0.0],[119.63137,-3.90132,0.0],[119.6312,-3.90107,0.0],[119.63129,-3.9007,0.0],[119.63149,-3.90076,0.0],[119.63179,-3.89998,0.0],[119.63208,-3.90015,0.0],[119.6323,-3.89965,0.0],[119.63227,-3.89888,0.0],[119.63235,-3.89859,0.0],[119.63355,-3.89593,0.0],[119.63394,-3.89549,0.0],[119.63422,-3.895,0.0],[119.63418,-3.89463,0.0],[119.6341,-3.89452,0.0],[119.63366,-3.8945,0.0],[119.63343,-3.89505,0.0],[119.63328,-3.89507,0.0],[119.63296,-3.89494,0.0],[119.63286,-3.89471,0.0],[119.63308,-3.89347,0.0],[119.63294,-3.89263,0.0],[119.63248,-3.89213,0.0],[119.63245,-3.89193,0.0],[119.63267,-3.89172,0.0],[119.63268,-3.89159,0.0],[119.6324,-3.89128,0.0],[119.63235,-3.89099,0.0],[119.63237,-3.89084,0.0],[119.63253,-3.89068,0.0],[119.63305,-3.89037,0.0],[119.63317,-3.8901,0.0],[119.63303,-3.88926,0.0],[119.63316,-3.88859,0.0],[119.63299,-3.88853,0.0],[119.63299,-3.88827,0.0],[119.6332,-3.88827,0.0],[119.63335,-3.88784,0.0],[119.63373,-3.888,0.0],[119.63387,-3.88753,0.0],[119.63435,-3.88764,0.0],[119.63455,-3.88699,0.0],[119.63493,-3.88704,0.0],[119.63495,-3.88721,0.0],[119.63527,-3.88719,0.0],[119.6353,-3.88699,0.0],[119.63577,-3.887,0.0],[119.63587,-3.88733,0.0],[119.63601,-3.88738,0.0],[119.63639,-3.88731,0.0],[119.63659,-3.88749,0.0],[119.63675,-3.88746,0.0],[119.63721,-3.88703,0.0],[119.63811,-3.88639,0.0],[119.63833,-3.88614,0.0],[119.63931,-3.88577,0.0],[119.6398,-3.88607,0.0],[119.64033,-3.88593,0.0],[119.64076,-3.88625,0.0],[119.64075,-3.88644,0.0],[119.64091,-3.88656,0.0],[119.64111,-3.88646,0.0],[119.64141,-3.88681,0.0],[119.64186,-3.88703,0.0],[119.64208,-3.88746,0.0],[119.64209,-3.88783,0.0],[119.64219,-3.88802,0.0],[119.64279,-3.88841,0.0],[119.64285,-3.88831,0.0],[119.64347,-3.88859,0.0],[119.64339,-3.88916,0.0],[119.64409,-3.88926,0.0],[119.64444,-3.88947,0.0],[119.64432,-3.88993,0.0],[119.64557,-3.89016,0.0],[119.64626,-3.88943,0.0],[119.64669,-3.88932,0.0],[119.64758,-3.88984,0.0],[119.64798,-3.88968,0.0],[119.64823,-3.8901,0.0],[119.64823,-3.89133,0.0],[119.64893,-3.89145,0.0],[119.64926,-3.89185,0.0],[119.64959,-3.89284,0.0],[119.64996,-3.89279,0.0],[119.65046,-3.89251,0.0],[119.65061,-3.8925,0.0],[119.65064,-3.89266,0.0],[119.6512,-3.89286,0.0],[119.65136,-3.8925,0.0],[119.65176,-3.89264,0.0],[119.65187,-3.89263,0.0],[119.65201,-3.89244,0.0],[119.65257,-3.89269,0.0],[119.65305,-3.89327,0.0],[119.653,-3.89382,0.0],[119.65342,-3.89435,0.0],[119.6535,-3.89506,0.0],[119.65337,-3.89541,0.0],[119.65352,-3.89589,0.0],[119.65401,-3.89588,0.0],[119.65453,-3.8963,0.0],[119.65483,-3.89635,0.0],[119.656,-3.89633,0.0],[119.65628,-3.89619,0.0],[119.65785,-3.8962,0.0],[119.6585,-3.89608,0.0],[119.6587,-3.89611,0.0],[119.6594,-3.89647,0.0],[119.66087,-3.89607,0.0],[119.66174,-3.89564,0.0],[119.66215,-3.89564,0.0],[119.6625,-3.89574,0.0],[119.66354,-3.89647,0.0],[119.66378,-3.89633,0.0],[119.66481,-3.89529,0.0],[119.66555,-3.89505,0.0],[119.66564,-3.89493,0.0],[119.66599,-3.89405,0.0],[119.66583,-3.89407,0.0],[119.66574,-3.894,0.0],[119.66588,-3.89347,0.0],[119.66598,-3.89334,0.0],[119.66586,-3.89279,0.0],[119.66602,-3.8925,0.0],[119.66605,-3.89217,0.0],[119.66601,-3.89204,0.0],[119.66567,-3.89167,0.0],[119.66347,-3.89086,0.0],[119.66342,-3.89073,0.0],[119.66383,-3.88953,0.0],[119.66395,-3.88824,0.0],[119.66394,-3.8873,0.0],[119.6638,-3.88653,0.0],[119.66398,-3.88536,0.0],[119.66384,-3.88509,0.0],[119.66379,-3.88443,0.0],[119.66359,-3.88402,0.0],[119.66298,-3.88362,0.0],[119.66274,-3.88321,0.0],[119.66259,-3.88281,0.0],[119.66236,-3.88156,0.0],[119.66193,-3.88042,0.0],[119.66158,-3.88025,0.0],[119.66093,-3.88014,0.0],[119.66057,-3.87997,0.0],[119.65821,-3.87956,0.0],[119.65723,-3.87891,0.0]]]},"properties":{"OBJECTID":87171,"NAMOBJ":"Pananrang","WADMKD":"Pananrang","WADMKC":"Mattiro Bulu","KDEPUM":"73.15.03.2003","KDCPUM":"73.15.03","WADMKK":"Pinrang","WADMPR":"Sulawesi Selatan","LUASWH":6.6848351252908511,"TIPADM":1,"Status":"Batas Indikatif"}},{"type":"Feature","id":87200,"geometry":{"type":"Polygon","coordinates":[[[119.6522,-3.69621,0.0],[119.65227,-3.69528,0.0],[119.65205,-3.6945,0.0],[119.65211,-3.69422,0.0],[119.65149,-3.69289,0.0],[119.65104,-3.69234,0.0],[119.65076,-3.6911,0.0],[119.65065,-3.69098,0.0],[119.65059,-3.69064,0.0],[119.65043,-3.69051,0.0],[119.65057,-3.69008,0.0],[119.65073,-3.68997,0.0],[119.65063,-3.68955,0.0],[119.65097,-3.68806,0.0],[119.6509,-3.6879,0.0],[119.65084,-3.68707,0.0],[119.65066,-3.68672,0.0],[119.65012,-3.68604,0.0],[119.65066,-3.68464,0.0],[119.65091,-3.68429,0.0],[119.65145,-3.6839,0.0],[119.65151,-3.68341,0.0],[119.6518,-3.68292,0.0],[119.6524,-3.68148,0.0],[119.65243,-3.68085,0.0],[119.65231,-3.68035,0.0],[119.65174,-3.67963,0.0],[119.65144,-3.67902,0.0],[119.65138,-3.67753,0.0],[119.65143,-3.67691,0.0],[119.6512,-3.67627,0.0],[119.65117,-3.67574,0.0],[119.6513,-3.67526,0.0],[119.6513,-3.67489,0.0],[119.65118,-3.67439,0.0],[119.65086,-3.67378,0.0],[119.65056,-3.67282,0.0],[119.65031,-3.67232,0.0],[119.64999,-3.6719,0.0],[119.6488,-3.67083,0.0],[119.64818,-3.6706,0.0],[119.64609,-3.67013,0.0],[119.6455,-3.66989,0.0],[119.64509,-3.66947,0.0],[119.64462,-3.66862,0.0],[119.6443,-3.66731,0.0],[119.64422,-3.66531,0.0],[119.64435,-3.66223,0.0],[119.64426,-3.66129,0.0],[119.6441,-3.66096,0.0],[119.64387,-3.66071,0.0],[119.64183,-3.65976,0.0],[119.64128,-3.65943,0.0],[119.64086,-3.65898,0.0],[119.64054,-3.65825,0.0],[119.64012,-3.65639,0.0],[119.63955,-3.65563,0.0],[119.63911,-3.65485,0.0],[119.63852,-3.6534,0.0],[119.63848,-3.65224,0.0],[119.63862,-3.65085,0.0],[119.63862,-3.64845,0.0],[119.63888,-3.64499,0.0],[119.63887,-3.64266,0.0],[119.63928,-3.64067,0.0],[119.63914,-3.64035,0.0],[119.63738,-3.64226,0.0],[119.6346,-3.64664,0.0],[119.63343,-3.64828,0.0],[119.63222,-3.64974,0.0],[119.6301,-3.65123,0.0],[119.6266,-3.65251,0.0],[119.62538,-3.65283,0.0],[119.62415,-3.65346,0.0],[119.62354,-3.65385,0.0],[119.62304,-3.65452,0.0],[119.62184,-3.65556,0.0],[119.62105,-3.65603,0.0],[119.61977,-3.65636,0.0],[119.61917,-3.6564,0.0],[119.61593,-3.65756,0.0],[119.61427,-3.65806,0.0],[119.61348,-3.65842,0.0],[119.61246,-3.65969,0.0],[119.61161,-3.6609,0.0],[119.61064,-3.66281,0.0],[119.60986,-3.66524,0.0],[119.60908,-3.66825,0.0],[119.60795,-3.67043,0.0],[119.60715,-3.67234,0.0],[119.60607,-3.67561,0.0],[119.60482,-3.67899,0.0],[119.60423,-3.68218,0.0],[119.60284,-3.6846,0.0],[119.60122,-3.68809,0.0],[119.60051,-3.69001,0.0],[119.59984,-3.68989,0.0],[119.59954,-3.6912,0.0],[119.59929,-3.69149,0.0],[119.59885,-3.69155,0.0],[119.59884,-3.69199,0.0],[119.5986,-3.69198,0.0],[119.59845,-3.69269,0.0],[119.59955,-3.69325,0.0],[119.59925,-3.69433,0.0],[119.59887,-3.6943,0.0],[119.5986,-3.69613,0.0],[119.59448,-3.69593,0.0],[119.59018,-3.69509,0.0],[119.58696,-3.69532,0.0],[119.58625,-3.69709,0.0],[119.58553,-3.69834,0.0],[119.58497,-3.69962,0.0],[119.58453,-3.70096,0.0],[119.58436,-3.70113,0.0],[119.58411,-3.70114,0.0],[119.58387,-3.70102,0.0],[119.5833,-3.7005,0.0],[119.58301,-3.70003,0.0],[119.58265,-3.69972,0.0],[119.58061,-3.69886,0.0],[119.57982,-3.69834,0.0],[119.57928,-3.69828,0.0],[119.57858,-3.69842,0.0],[119.57914,-3.6995,0.0],[119.58077,-3.7048,0.0],[119.58164,-3.70622,0.0],[119.58385,-3.70889,0.0],[119.58558,-3.71054,0.0],[119.58774,-3.71201,0.0],[119.58912,-3.71265,0.0],[119.58954,-3.71462,0.0],[119.58962,-3.71544,0.0],[119.59057,-3.7173,0.0],[119.59109,-3.71791,0.0],[119.59188,-3.71819,0.0],[119.59311,-3.71827,0.0],[119.5946,-3.71818,0.0],[119.5958,-3.71774,0.0],[119.59672,-3.71725,0.0],[119.59768,-3.71637,0.0],[119.59845,-3.7154,0.0],[119.59928,-3.7136,0.0],[119.60016,-3.7112,0.0],[119.60125,-3.7089,0.0],[119.60188,-3.70729,0.0],[119.6028,-3.70607,0.0],[119.60403,-3.70519,0.0],[119.60568,-3.7042,0.0],[119.60926,-3.70263,0.0],[119.61195,-3.70193,0.0],[119.61662,-3.7005,0.0],[119.61814,-3.7002,0.0],[119.61964,-3.70017,0.0],[119.62134,-3.70076,0.0],[119.62303,-3.70194,0.0],[119.62364,-3.70245,0.0],[119.62403,-3.70299,0.0],[119.62484,-3.70342,0.0],[119.62711,-3.70388,0.0],[119.62872,-3.7038,0.0],[119.63155,-3.70388,0.0],[119.63329,-3.70359,0.0],[119.63443,-3.70286,0.0],[119.6353,-3.70195,0.0],[119.63652,-3.70039,0.0],[119.6376,-3.69795,0.0],[119.63812,-3.6971,0.0],[119.63903,-3.6964,0.0],[119.64234,-3.69469,0.0],[119.64359,-3.69461,0.0],[119.64422,-3.69479,0.0],[119.64558,-3.69585,0.0],[119.64663,-3.69651,0.0],[119.64773,-3.69663,0.0],[119.64997,-3.69632,0.0],[119.6522,-3.69621,0.0]]]},"properties":{"OBJECTID":87200,"NAMOBJ":"Massewae","WADMKD":"Massewae","WADMKC":"Duampanua","KDEPUM":"73.15.06.2013","KDCPUM":"73.15.06","WADMKK":"Pinrang","WADMPR":"Sulawesi Selatan","LUASWH":29.302574705394367,"TIPADM":1,"Status":"Batas Indikatif"}},{"type":"Feature","id":87272,"geometry":{"type":"Polygon","coordinates":[[[119.57387,-3.76721,0.0],[119.57311,-3.76688,0.0],[119.57315,-3.76674,0.0],[119.57288,-3.76664,0.0],[119.571,-3.76616,0.0],[119.57095,-3.76635,0.0],[119.57103,-3.76648,0.0],[119.57096,-3.76661,0.0],[119.57029,-3.76634,0.0],[119.57043,-3.76602,0.0],[119.56894,-3.76554,0.0],[119.56898,-3.76536,0.0],[119.56845,-3.7652,0.0],[119.56841,-3.76535,0.0],[119.56671,-3.76474,0.0],[119.56656,-3.76502,0.0],[119.56531,-3.76444,0.0],[119.56569,-3.76376,0.0],[119.56526,-3.76355,0.0],[119.56438,-3.7649,0.0],[119.56306,-3.7643,0.0],[119.56282,-3.76473,0.0],[119.56268,-3.76466,0.0],[119.56253,-3.76497,0.0],[119.5618,-3.76457,0.0],[119.5616,-3.76494,0.0],[119.55935,-3.76406,0.0],[119.55926,-3.76426,0.0],[119.55875,-3.764,0.0],[119.55866,-3.76416,0.0],[119.5582,-3.76395,0.0],[119.55776,-3.76493,0.0],[119.55671,-3.7645,0.0],[119.55459,-3.76703,0.0],[119.55379,-3.76783,0.0],[119.5533,-3.76763,0.0],[119.55309,-3.76814,0.0],[119.55232,-3.76782,0.0],[119.55212,-3.76826,0.0],[119.54984,-3.76719,0.0],[119.54992,-3.76699,0.0],[119.54905,-3.76659,0.0],[119.54897,-3.76678,0.0],[119.5472,-3.76597,0.0],[119.54529,-3.76525,0.0],[119.54424,-3.76475,0.0],[119.54355,-3.76455,0.0],[119.54295,-3.76565,0.0],[119.54223,-3.76669,0.0],[119.54213,-3.76678,0.0],[119.54138,-3.76647,0.0],[119.54047,-3.76823,0.0],[119.53973,-3.77019,0.0],[119.53878,-3.77222,0.0],[119.53959,-3.77263,0.0],[119.53719,-3.7777,0.0],[119.54143,-3.7797,0.0],[119.54097,-3.78079,0.0],[119.54155,-3.78106,0.0],[119.54124,-3.7818,0.0],[119.55211,-3.78634,0.0],[119.55214,-3.7867,0.0],[119.552,-3.78734,0.0],[119.55203,-3.7878,0.0],[119.55217,-3.78882,0.0],[119.55225,-3.78903,0.0],[119.55249,-3.78929,0.0],[119.55637,-3.79064,0.0],[119.55655,-3.79063,0.0],[119.56027,-3.79221,0.0],[119.56019,-3.79243,0.0],[119.5625,-3.7944,0.0],[119.56295,-3.79495,0.0],[119.56314,-3.79573,0.0],[119.563,-3.79648,0.0],[119.56283,-3.79673,0.0],[119.56296,-3.79684,0.0],[119.56366,-3.7972,0.0],[119.56416,-3.79614,0.0],[119.56422,-3.7961,0.0],[119.5649,-3.79635,0.0],[119.56514,-3.79604,0.0],[119.56606,-3.79661,0.0],[119.56737,-3.7972,0.0],[119.56757,-3.79673,0.0],[119.5679,-3.79687,0.0],[119.56807,-3.79649,0.0],[119.56853,-3.7967,0.0],[119.56879,-3.79625,0.0],[119.57068,-3.79705,0.0],[119.57076,-3.79664,0.0],[119.57093,-3.79645,0.0],[119.57085,-3.79642,0.0],[119.57097,-3.79569,0.0],[119.57072,-3.79559,0.0],[119.57126,-3.79399,0.0],[119.57101,-3.79384,0.0],[119.57062,-3.79316,0.0],[119.57028,-3.79293,0.0],[119.57034,-3.79285,0.0],[119.56931,-3.79227,0.0],[119.56951,-3.79186,0.0],[119.56905,-3.79161,0.0],[119.56931,-3.79114,0.0],[119.56891,-3.79092,0.0],[119.5691,-3.79053,0.0],[119.56938,-3.79065,0.0],[119.56959,-3.79009,0.0],[119.56969,-3.79012,0.0],[119.56985,-3.78978,0.0],[119.56976,-3.78974,0.0],[119.56986,-3.78945,0.0],[119.57039,-3.78798,0.0],[119.5706,-3.7881,0.0],[119.57089,-3.7874,0.0],[119.57067,-3.78725,0.0],[119.57085,-3.78685,0.0],[119.57062,-3.78675,0.0],[119.57075,-3.78638,0.0],[119.57064,-3.78633,0.0],[119.57103,-3.78539,0.0],[119.57211,-3.78336,0.0],[119.57186,-3.78326,0.0],[119.5719,-3.78321,0.0],[119.57171,-3.7831,0.0],[119.57197,-3.78265,0.0],[119.57208,-3.7826,0.0],[119.57228,-3.78208,0.0],[119.57252,-3.78195,0.0],[119.57271,-3.78165,0.0],[119.5731,-3.78179,0.0],[119.57353,-3.78071,0.0],[119.57347,-3.78068,0.0],[119.57367,-3.77997,0.0],[119.57381,-3.77976,0.0],[119.57359,-3.77949,0.0],[119.5736,-3.77931,0.0],[119.57333,-3.77922,0.0],[119.57331,-3.77906,0.0],[119.57268,-3.77876,0.0],[119.57278,-3.77854,0.0],[119.5715,-3.77791,0.0],[119.57165,-3.77733,0.0],[119.57242,-3.77551,0.0],[119.57233,-3.77528,0.0],[119.57197,-3.77507,0.0],[119.57401,-3.77006,0.0],[119.57414,-3.76964,0.0],[119.57421,-3.76849,0.0],[119.57463,-3.76755,0.0],[119.57387,-3.76721,0.0]]]},"properties":{"OBJECTID":87272,"NAMOBJ":"Siwolong Polong","WADMKD":"Siwolong Polong","WADMKC":"Mattiro Sompe","KDEPUM":"73.15.01.2009","KDCPUM":"73.15.01","WADMKK":"Pinrang","WADMPR":"Sulawesi Selatan","LUASWH":9.6054177647564352,"TIPADM":1,"Status":"Batas Indikatif"}},{"type":"Feature","id":87301,"geometry":{"type":"Polygon","coordinates":[[[119.71061,-3.78061,0.0],[119.71025,-3.7806,0.0],[119.70901,-3.78027,0.0],[119.7077,-3.78011,0.0],[119.70403,-3.78018,0.0],[119.7034,-3.78009,0.0],[119.70284,-3.77949,0.0],[119.702,-3.77932,0.0],[119.70062,-3.77953,0.0],[119.69528,-3.77802,0.0],[119.69238,-3.77796,0.0],[119.69272,-3.77814,0.0],[119.69271,-3.77841,0.0],[119.69378,-3.77915,0.0],[119.69397,-3.77949,0.0],[119.69393,-3.77986,0.0],[119.69452,-3.78018,0.0],[119.69456,-3.78083,0.0],[119.69508,-3.78114,0.0],[119.69536,-3.78162,0.0],[119.69524,-3.78192,0.0],[119.69554,-3.78228,0.0],[119.6953,-3.78269,0.0],[119.69556,-3.78294,0.0],[119.69542,-3.78341,0.0],[119.69437,-3.78495,0.0],[119.69415,-3.7855,0.0],[119.6934,-3.78653,0.0],[119.69285,-3.78761,0.0],[119.69171,-3.78903,0.0],[119.69129,-3.78943,0.0],[119.69194,-3.79012,0.0],[119.69152,-3.79129,0.0],[119.69151,-3.79157,0.0],[119.69175,-3.79214,0.0],[119.69272,-3.7924,0.0],[119.6931,-3.79261,0.0],[119.69353,-3.79257,0.0],[119.6944,-3.79269,0.0],[119.69514,-3.79263,0.0],[119.69529,-3.7927,0.0],[119.69568,-3.79363,0.0],[119.6956,-3.79382,0.0],[119.69517,-3.79429,0.0],[119.69503,-3.79485,0.0],[119.69515,-3.79506,0.0],[119.6957,-3.79557,0.0],[119.6962,-3.79687,0.0],[119.69624,-3.79722,0.0],[119.69605,-3.79814,0.0],[119.69618,-3.79845,0.0],[119.69617,-3.79863,0.0],[119.69608,-3.79886,0.0],[119.69579,-3.79906,0.0],[119.69534,-3.80001,0.0],[119.69507,-3.80143,0.0],[119.69424,-3.80307,0.0],[119.69313,-3.80423,0.0],[119.69085,-3.80585,0.0],[119.68968,-3.80588,0.0],[119.6895,-3.80597,0.0],[119.68817,-3.80906,0.0],[119.68716,-3.80871,0.0],[119.68716,-3.80956,0.0],[119.68688,-3.81106,0.0],[119.68622,-3.81095,0.0],[119.68604,-3.81104,0.0],[119.6856,-3.81245,0.0],[119.68531,-3.81312,0.0],[119.68495,-3.81369,0.0],[119.68496,-3.81383,0.0],[119.68462,-3.81419,0.0],[119.68444,-3.81452,0.0],[119.68438,-3.81685,0.0],[119.68403,-3.81873,0.0],[119.68337,-3.82013,0.0],[119.68305,-3.8204,0.0],[119.68237,-3.82138,0.0],[119.68207,-3.82256,0.0],[119.68877,-3.82453,0.0],[119.69254,-3.82601,0.0],[119.69528,-3.82699,0.0],[119.69569,-3.82703,0.0],[119.69591,-3.82689,0.0],[119.69632,-3.82629,0.0],[119.69675,-3.82602,0.0],[119.69826,-3.82677,0.0],[119.69853,-3.82675,0.0],[119.69888,-3.8265,0.0],[119.69966,-3.82686,0.0],[119.70121,-3.82787,0.0],[119.70151,-3.82842,0.0],[119.7038,-3.82937,0.0],[119.70461,-3.8286,0.0],[119.705,-3.82775,0.0],[119.7056,-3.82758,0.0],[119.70618,-3.82759,0.0],[119.70628,-3.82752,0.0],[119.70643,-3.82697,0.0],[119.70641,-3.82628,0.0],[119.70654,-3.82601,0.0],[119.70658,-3.82559,0.0],[119.70716,-3.82525,0.0],[119.70754,-3.82432,0.0],[119.70836,-3.82375,0.0],[119.70909,-3.8229,0.0],[119.70985,-3.82251,0.0],[119.71004,-3.82214,0.0],[119.71007,-3.82167,0.0],[119.7102,-3.82123,0.0],[119.71125,-3.82032,0.0],[119.71132,-3.82013,0.0],[119.71127,-3.8197,0.0],[119.71144,-3.81963,0.0],[119.71168,-3.81972,0.0],[119.71178,-3.81993,0.0],[119.71174,-3.82028,0.0],[119.71188,-3.82036,0.0],[119.71382,-3.81955,0.0],[119.71419,-3.81927,0.0],[119.71429,-3.81897,0.0],[119.71422,-3.81752,0.0],[119.71444,-3.8168,0.0],[119.71461,-3.81653,0.0],[119.71503,-3.81638,0.0],[119.7161,-3.81642,0.0],[119.71665,-3.8163,0.0],[119.71762,-3.8154,0.0],[119.71918,-3.81489,0.0],[119.71962,-3.8145,0.0],[119.7198,-3.81412,0.0],[119.71103,-3.80876,0.0],[119.71036,-3.80849,0.0],[119.7067,-3.80764,0.0],[119.7021,-3.8057,0.0],[119.70278,-3.80462,0.0],[119.70377,-3.8033,0.0],[119.70405,-3.80321,0.0],[119.70535,-3.80372,0.0],[119.70573,-3.80366,0.0],[119.70603,-3.80289,0.0],[119.70636,-3.80233,0.0],[119.70644,-3.8019,0.0],[119.70679,-3.80104,0.0],[119.70679,-3.80017,0.0],[119.70703,-3.79959,0.0],[119.70673,-3.79875,0.0],[119.70714,-3.79791,0.0],[119.70746,-3.79686,0.0],[119.70788,-3.79602,0.0],[119.70776,-3.79581,0.0],[119.70814,-3.79511,0.0],[119.7083,-3.79505,0.0],[119.70888,-3.79385,0.0],[119.70962,-3.79415,0.0],[119.71006,-3.79341,0.0],[119.71,-3.79328,0.0],[119.70856,-3.7921,0.0],[119.71037,-3.78992,0.0],[119.70989,-3.78979,0.0],[119.70955,-3.7896,0.0],[119.70929,-3.78914,0.0],[119.70871,-3.78905,0.0],[119.70772,-3.7881,0.0],[119.70732,-3.78741,0.0],[119.70751,-3.78673,0.0],[119.7073,-3.78633,0.0],[119.70731,-3.78533,0.0],[119.70737,-3.7848,0.0],[119.7084,-3.78408,0.0],[119.70886,-3.78336,0.0],[119.71034,-3.78162,0.0],[119.71057,-3.78108,0.0],[119.71061,-3.78061,0.0]]]},"properties":{"OBJECTID":87301,"NAMOBJ":"Mattiro Deceng","WADMKD":"Mattiro Deceng","WADMKC":"Tiroang","KDEPUM":"73.15.09.1005","KDCPUM":"73.15.09","WADMKK":"Pinrang","WADMPR":"Sulawesi Selatan","LUASWH":11.193806398795148,"TIPADM":2,"Status":"Batas Indikatif"}},{"type":"Feature","id":87341,"geometry":{"type":"Polygon","coordinates":[[[119.63848,-3.43495,0.0],[119.63253,-3.43396,0.0],[119.62854,-3.43251,0.0],[119.62284,-3.42857,0.0],[119.62001,-3.42369,0.0],[119.62059,-3.41862,0.0],[119.61975,-3.41671,0.0],[119.61633,-3.41393,0.0],[119.61292,-3.40923,0.0],[119.61437,-3.40341,0.0],[119.6161,-3.39729,0.0],[119.61403,-3.39308,0.0],[119.60882,-3.38733,0.0],[119.60303,-3.38215,0.0],[119.59982,-3.37564,0.0],[119.59527,-3.37141,0.0],[119.59134,-3.36631,0.0],[119.58286,-3.36395,0.0],[119.57893,-3.36329,0.0],[119.5742,-3.36166,0.0],[119.5684,-3.35842,0.0],[119.56665,-3.35687,0.0],[119.56365,-3.35393,0.0],[119.55837,-3.35564,0.0],[119.55847,-3.36326,0.0],[119.55487,-3.37316,0.0],[119.55312,-3.37961,0.0],[119.55084,-3.38473,0.0],[119.55159,-3.38467,0.0],[119.55211,-3.38447,0.0],[119.55275,-3.38414,0.0],[119.55322,-3.38364,0.0],[119.55366,-3.38334,0.0],[119.55403,-3.38321,0.0],[119.5545,-3.38311,0.0],[119.55545,-3.38336,0.0],[119.55582,-3.38368,0.0],[119.55673,-3.38497,0.0],[119.55719,-3.38547,0.0],[119.55779,-3.38577,0.0],[119.55842,-3.38584,0.0],[119.55923,-3.38566,0.0],[119.5599,-3.3857,0.0],[119.56039,-3.38587,0.0],[119.561,-3.38644,0.0],[119.56131,-3.38735,0.0],[119.5615,-3.3883,0.0],[119.56159,-3.38962,0.0],[119.56131,-3.39074,0.0],[119.5613,-3.39141,0.0],[119.5614,-3.39168,0.0],[119.56199,-3.39199,0.0],[119.56253,-3.39212,0.0],[119.56304,-3.39202,0.0],[119.56364,-3.39154,0.0],[119.5642,-3.39057,0.0],[119.56514,-3.3895,0.0],[119.56554,-3.38931,0.0],[119.5661,-3.38918,0.0],[119.56664,-3.38917,0.0],[119.567,-3.38927,0.0],[119.56755,-3.3897,0.0],[119.56798,-3.39015,0.0],[119.56841,-3.39082,0.0],[119.5692,-3.39238,0.0],[119.56971,-3.39398,0.0],[119.56962,-3.39458,0.0],[119.56888,-3.39538,0.0],[119.56861,-3.39556,0.0],[119.56837,-3.3967,0.0],[119.56795,-3.39756,0.0],[119.56688,-3.39863,0.0],[119.56597,-3.39907,0.0],[119.56455,-3.39918,0.0],[119.56308,-3.39907,0.0],[119.55984,-3.39966,0.0],[119.55859,-3.40017,0.0],[119.55813,-3.40061,0.0],[119.55686,-3.40219,0.0],[119.55703,-3.40289,0.0],[119.55704,-3.40391,0.0],[119.55731,-3.40501,0.0],[119.55799,-3.40641,0.0],[119.55847,-3.40671,0.0],[119.56016,-3.40814,0.0],[119.56061,-3.40879,0.0],[119.5607,-3.41064,0.0],[119.56064,-3.412,0.0],[119.5607,-3.41361,0.0],[119.56111,-3.4148,0.0],[119.56076,-3.41611,0.0],[119.55995,-3.41757,0.0],[119.55966,-3.41852,0.0],[119.55951,-3.41983,0.0],[119.5596,-3.42161,0.0],[119.55955,-3.42404,0.0],[119.55845,-3.4247,0.0],[119.55769,-3.42532,0.0],[119.55539,-3.42647,0.0],[119.55441,-3.42813,0.0],[119.55408,-3.42899,0.0],[119.55398,-3.43041,0.0],[119.55427,-3.43198,0.0],[119.55446,-3.43374,0.0],[119.55612,-3.43722,0.0],[119.55631,-3.43788,0.0],[119.55631,-3.43893,0.0],[119.55665,-3.4416,0.0],[119.55746,-3.44283,0.0],[119.55926,-3.44407,0.0],[119.5616,-3.44498,0.0],[119.56212,-3.44583,0.0],[119.56526,-3.44888,0.0],[119.56683,-3.45135,0.0],[119.57197,-3.45682,0.0],[119.57559,-3.46168,0.0],[119.58196,-3.46948,0.0],[119.58549,-3.47362,0.0],[119.58744,-3.47443,0.0],[119.59486,-3.476,0.0],[119.59638,-3.47662,0.0],[119.5988,-3.47827,0.0],[119.59973,-3.47863,0.0],[119.60262,-3.48049,0.0],[119.60583,-3.48373,0.0],[119.60615,-3.48431,0.0],[119.60633,-3.48534,0.0],[119.60633,-3.4863,0.0],[119.60669,-3.48752,0.0],[119.60769,-3.48891,0.0],[119.60865,-3.49077,0.0],[119.60997,-3.49219,0.0],[119.61243,-3.49373,0.0],[119.61458,-3.49459,0.0],[119.61582,-3.49459,0.0],[119.619,-3.49704,0.0],[119.62065,-3.49347,0.0],[119.62125,-3.4926,0.0],[119.62143,-3.49194,0.0],[119.6215,-3.49104,0.0],[119.62135,-3.48999,0.0],[119.62133,-3.48796,0.0],[119.62116,-3.4875,0.0],[119.62136,-3.48498,0.0],[119.62248,-3.48187,0.0],[119.62292,-3.47689,0.0],[119.6236,-3.47211,0.0],[119.62457,-3.46936,0.0],[119.62518,-3.46828,0.0],[119.62607,-3.46711,0.0],[119.62773,-3.46551,0.0],[119.6283,-3.46437,0.0],[119.62979,-3.46271,0.0],[119.63012,-3.46244,0.0],[119.63052,-3.46245,0.0],[119.63078,-3.46327,0.0],[119.63075,-3.46409,0.0],[119.63115,-3.46459,0.0],[119.63364,-3.46535,0.0],[119.6368,-3.46721,0.0],[119.63664,-3.46631,0.0],[119.6366,-3.46473,0.0],[119.6367,-3.46437,0.0],[119.63796,-3.46247,0.0],[119.63801,-3.46158,0.0],[119.63838,-3.46093,0.0],[119.63847,-3.46023,0.0],[119.6387,-3.45952,0.0],[119.63889,-3.45806,0.0],[119.63894,-3.45642,0.0],[119.63842,-3.45371,0.0],[119.63818,-3.4534,0.0],[119.63701,-3.45292,0.0],[119.6363,-3.45235,0.0],[119.6359,-3.45166,0.0],[119.63582,-3.45097,0.0],[119.63537,-3.44997,0.0],[119.63501,-3.44864,0.0],[119.63509,-3.44802,0.0],[119.63535,-3.44721,0.0],[119.63681,-3.44373,0.0],[119.6383,-3.44088,0.0],[119.63889,-3.43909,0.0],[119.63931,-3.43713,0.0],[119.63848,-3.43495,0.0]]]},"properties":{"OBJECTID":87341,"NAMOBJ":"Ulu Saddang","WADMKD":"Ulu Saddang","WADMKC":"Lembang","KDEPUM":"73.15.07.2006","KDCPUM":"73.15.07","WADMKK":"Pinrang","WADMPR":"Sulawesi Selatan","LUASWH":83.382040086747239,"TIPADM":1,"Status":"Batas Indikatif"}},{"type":"Feature","id":87352,"geometry":{"type":"Polygon","coordinates":[[[119.63852,-3.83033,0.0],[119.63895,-3.82949,0.0],[119.63852,-3.82927,0.0],[119.63861,-3.82901,0.0],[119.6382,-3.82885,0.0],[119.63837,-3.82837,0.0],[119.63851,-3.82694,0.0],[119.63876,-3.82601,0.0],[119.63866,-3.82556,0.0],[119.63871,-3.82514,0.0],[119.63902,-3.82457,0.0],[119.63911,-3.82443,0.0],[119.6394,-3.82438,0.0],[119.63981,-3.82385,0.0],[119.6405,-3.82346,0.0],[119.64209,-3.82291,0.0],[119.64302,-3.8224,0.0],[119.64332,-3.82204,0.0],[119.64405,-3.82147,0.0],[119.64416,-3.82072,0.0],[119.64326,-3.81992,0.0],[119.64313,-3.82006,0.0],[119.64221,-3.81949,0.0],[119.64212,-3.81961,0.0],[119.64158,-3.81923,0.0],[119.64048,-3.8204,0.0],[119.63963,-3.81998,0.0],[119.63959,-3.81984,0.0],[119.63838,-3.8191,0.0],[119.63695,-3.81839,0.0],[119.63667,-3.81875,0.0],[119.63635,-3.81853,0.0],[119.63604,-3.81895,0.0],[119.63505,-3.81842,0.0],[119.63525,-3.81809,0.0],[119.63382,-3.81738,0.0],[119.63428,-3.81646,0.0],[119.6329,-3.81582,0.0],[119.63303,-3.81556,0.0],[119.63202,-3.81513,0.0],[119.63185,-3.81546,0.0],[119.63081,-3.81497,0.0],[119.63093,-3.81466,0.0],[119.63044,-3.81468,0.0],[119.63051,-3.81456,0.0],[119.63003,-3.81438,0.0],[119.63032,-3.81318,0.0],[119.63054,-3.81284,0.0],[119.63083,-3.81275,0.0],[119.63187,-3.81179,0.0],[119.6325,-3.81156,0.0],[119.63302,-3.81116,0.0],[119.6323,-3.8107,0.0],[119.63135,-3.8113,0.0],[119.63113,-3.81132,0.0],[119.63001,-3.81231,0.0],[119.62976,-3.81265,0.0],[119.62811,-3.81712,0.0],[119.62756,-3.81821,0.0],[119.62727,-3.81867,0.0],[119.62687,-3.81888,0.0],[119.62611,-3.81897,0.0],[119.6254,-3.81881,0.0],[119.62525,-3.8194,0.0],[119.62539,-3.81947,0.0],[119.62499,-3.821,0.0],[119.62146,-3.82065,0.0],[119.61905,-3.81968,0.0],[119.61806,-3.82215,0.0],[119.61716,-3.82349,0.0],[119.61666,-3.82443,0.0],[119.61557,-3.82393,0.0],[119.61562,-3.82385,0.0],[119.61519,-3.82363,0.0],[119.61545,-3.82302,0.0],[119.61399,-3.82216,0.0],[119.6136,-3.82282,0.0],[119.6112,-3.82165,0.0],[119.61099,-3.82208,0.0],[119.60952,-3.82417,0.0],[119.60959,-3.82425,0.0],[119.6088,-3.82551,0.0],[119.60905,-3.82588,0.0],[119.60968,-3.82638,0.0],[119.6111,-3.82713,0.0],[119.61061,-3.82802,0.0],[119.61007,-3.82776,0.0],[119.60965,-3.82846,0.0],[119.60954,-3.82915,0.0],[119.60923,-3.8298,0.0],[119.60948,-3.82991,0.0],[119.60894,-3.83092,0.0],[119.60917,-3.83109,0.0],[119.6088,-3.83183,0.0],[119.60945,-3.8321,0.0],[119.60817,-3.83462,0.0],[119.60892,-3.83509,0.0],[119.60887,-3.83525,0.0],[119.60895,-3.83537,0.0],[119.60763,-3.83794,0.0],[119.6082,-3.83825,0.0],[119.60687,-3.8402,0.0],[119.60703,-3.84033,0.0],[119.60549,-3.84233,0.0],[119.60529,-3.84215,0.0],[119.60381,-3.84409,0.0],[119.60406,-3.84424,0.0],[119.6035,-3.84509,0.0],[119.6037,-3.84524,0.0],[119.60353,-3.84554,0.0],[119.60328,-3.84544,0.0],[119.60306,-3.84576,0.0],[119.60293,-3.84571,0.0],[119.60223,-3.84653,0.0],[119.60185,-3.84731,0.0],[119.60158,-3.84717,0.0],[119.60104,-3.84828,0.0],[119.60115,-3.84833,0.0],[119.6003,-3.8507,0.0],[119.60045,-3.85168,0.0],[119.60198,-3.85216,0.0],[119.6034,-3.85013,0.0],[119.60438,-3.84899,0.0],[119.60464,-3.84884,0.0],[119.60504,-3.84827,0.0],[119.60645,-3.84951,0.0],[119.60836,-3.85084,0.0],[119.61189,-3.84685,0.0],[119.61281,-3.84756,0.0],[119.61317,-3.8471,0.0],[119.61334,-3.8472,0.0],[119.61364,-3.8468,0.0],[119.61457,-3.8474,0.0],[119.61514,-3.84651,0.0],[119.61536,-3.84663,0.0],[119.61669,-3.845,0.0],[119.61723,-3.84534,0.0],[119.61727,-3.84528,0.0],[119.6177,-3.84546,0.0],[119.61921,-3.84632,0.0],[119.61933,-3.8461,0.0],[119.62014,-3.84655,0.0],[119.62135,-3.84448,0.0],[119.62308,-3.84211,0.0],[119.62379,-3.84082,0.0],[119.62473,-3.83974,0.0],[119.62662,-3.83813,0.0],[119.62785,-3.83726,0.0],[119.62949,-3.83648,0.0],[119.63077,-3.83572,0.0],[119.63179,-3.83558,0.0],[119.6318,-3.83546,0.0],[119.6326,-3.83574,0.0],[119.63345,-3.83566,0.0],[119.63391,-3.83551,0.0],[119.63462,-3.835,0.0],[119.63507,-3.835,0.0],[119.63518,-3.83494,0.0],[119.63576,-3.83433,0.0],[119.63616,-3.83349,0.0],[119.63638,-3.83253,0.0],[119.63684,-3.83129,0.0],[119.63766,-3.82986,0.0],[119.63852,-3.83033,0.0]]]},"properties":{"OBJECTID":87352,"NAMOBJ":"Padakkalawa","WADMKD":"Padakkalawa","WADMKC":"Mattiro Bulu","KDEPUM":"73.15.03.2004","KDCPUM":"73.15.03","WADMKK":"Pinrang","WADMPR":"Sulawesi Selatan","LUASWH":8.696072271048088,"TIPADM":1,"Status":"Batas Indikatif"}},{"type":"Feature","id":87366,"geometry":{"type":"MultiPolygon","coordinates":[[[[119.63328,-3.97993,0.0],[119.63317,-3.97985,0.0],[119.63312,-3.97993,0.0],[119.63304,-3.97988,0.0],[119.63295,-3.97996,0.0],[119.633,-3.98031,0.0],[119.63303,-3.98017,0.0],[119.63317,-3.98019,0.0],[119.63331,-3.98001,0.0],[119.63328,-3.97993,0.0]]],[[[119.67879,-3.92608,0.0],[119.67856,-3.92589,0.0],[119.67727,-3.92567,0.0],[119.67574,-3.92514,0.0],[119.67284,-3.92694,0.0],[119.66949,-3.92851,0.0],[119.66566,-3.93077,0.0],[119.66477,-3.93158,0.0],[119.66345,-3.93228,0.0],[119.66258,-3.93231,0.0],[119.6615,-3.93253,0.0],[119.65993,-3.93411,0.0],[119.65819,-3.93648,0.0],[119.65497,-3.93801,0.0],[119.65285,-3.93868,0.0],[119.65077,-3.94012,0.0],[119.64823,-3.94136,0.0],[119.64681,-3.94138,0.0],[119.64614,-3.94109,0.0],[119.64437,-3.94012,0.0],[119.64309,-3.93929,0.0],[119.64212,-3.93843,0.0],[119.64185,-3.93894,0.0],[119.6415,-3.93919,0.0],[119.64007,-3.94,0.0],[119.63792,-3.94151,0.0],[119.63736,-3.94166,0.0],[119.63724,-3.94237,0.0],[119.63563,-3.94382,0.0],[119.63433,-3.94452,0.0],[119.63024,-3.94708,0.0],[119.6296,-3.94733,0.0],[119.62903,-3.94766,0.0],[119.62813,-3.94826,0.0],[119.62752,-3.94877,0.0],[119.62607,-3.94938,0.0],[119.62586,-3.94952,0.0],[119.62567,-3.9498,0.0],[119.62566,-3.95021,0.0],[119.62554,-3.95055,0.0],[119.62444,-3.95097,0.0],[119.62427,-3.95125,0.0],[119.62384,-3.95134,0.0],[119.62362,-3.95176,0.0],[119.6211,-3.95198,0.0],[119.62108,-3.95233,0.0],[119.62083,-3.95255,0.0],[119.62059,-3.95266,0.0],[119.62008,-3.95266,0.0],[119.61998,-3.95257,0.0],[119.61992,-3.952,0.0],[119.61984,-3.95192,0.0],[119.61886,-3.95162,0.0],[119.61805,-3.95146,0.0],[119.6178,-3.95149,0.0],[119.61716,-3.95114,0.0],[119.61604,-3.9511,0.0],[119.61591,-3.95171,0.0],[119.61467,-3.95191,0.0],[119.614,-3.95313,0.0],[119.61364,-3.95323,0.0],[119.61338,-3.95322,0.0],[119.61277,-3.95301,0.0],[119.61241,-3.95265,0.0],[119.61235,-3.95229,0.0],[119.61191,-3.95228,0.0],[119.61165,-3.95214,0.0],[119.61157,-3.95252,0.0],[119.61161,-3.95383,0.0],[119.61151,-3.9545,0.0],[119.61157,-3.95474,0.0],[119.61149,-3.95502,0.0],[119.61131,-3.95511,0.0],[119.61128,-3.95522,0.0],[119.6113,-3.9553,0.0],[119.61168,-3.95543,0.0],[119.61154,-3.956,0.0],[119.61111,-3.95599,0.0],[119.61103,-3.95611,0.0],[119.61062,-3.9582,0.0],[119.61065,-3.95832,0.0],[119.61125,-3.95839,0.0],[119.61191,-3.95864,0.0],[119.61329,-3.95973,0.0],[119.61433,-3.96084,0.0],[119.61427,-3.96137,0.0],[119.61503,-3.96149,0.0],[119.61545,-3.96176,0.0],[119.6175,-3.96214,0.0],[119.62073,-3.96305,0.0],[119.62128,-3.9631,0.0],[119.6222,-3.96352,0.0],[119.62273,-3.96388,0.0],[119.62161,-3.96489,0.0],[119.62228,-3.96481,0.0],[119.62494,-3.96378,0.0],[119.62499,-3.96592,0.0],[119.62492,-3.96859,0.0],[119.62555,-3.9687,0.0],[119.6255,-3.96901,0.0],[119.62563,-3.96926,0.0],[119.6257,-3.96984,0.0],[119.62576,-3.9699,0.0],[119.62613,-3.96991,0.0],[119.62633,-3.96982,0.0],[119.62653,-3.96963,0.0],[119.62669,-3.96925,0.0],[119.62662,-3.9689,0.0],[119.62628,-3.96841,0.0],[119.62629,-3.96806,0.0],[119.62644,-3.96795,0.0],[119.62674,-3.96802,0.0],[119.62686,-3.96849,0.0],[119.62743,-3.96935,0.0],[119.62746,-3.9696,0.0],[119.62772,-3.9696,0.0],[119.62762,-3.97062,0.0],[119.62823,-3.97064,0.0],[119.62837,-3.97041,0.0],[119.62832,-3.97008,0.0],[119.6281,-3.96983,0.0],[119.62811,-3.96928,0.0],[119.62823,-3.96891,0.0],[119.62846,-3.96885,0.0],[119.629,-3.96902,0.0],[119.6291,-3.9692,0.0],[119.62921,-3.96924,0.0],[119.62945,-3.96915,0.0],[119.6299,-3.96859,0.0],[119.62999,-3.96797,0.0],[119.6302,-3.96775,0.0],[119.63103,-3.96799,0.0],[119.63095,-3.96852,0.0],[119.63105,-3.96863,0.0],[119.63134,-3.96856,0.0],[119.63177,-3.96825,0.0],[119.63203,-3.96765,0.0],[119.63273,-3.96709,0.0],[119.63333,-3.96719,0.0],[119.6337,-3.96736,0.0],[119.63373,-3.96753,0.0],[119.63347,-3.96813,0.0],[119.63409,-3.96848,0.0],[119.63429,-3.96847,0.0],[119.63453,-3.96819,0.0],[119.63465,-3.96763,0.0],[119.63503,-3.96787,0.0],[119.63511,-3.96799,0.0],[119.6351,-3.96822,0.0],[119.6349,-3.96888,0.0],[119.63465,-3.9689,0.0],[119.63452,-3.96907,0.0],[119.63395,-3.96939,0.0],[119.63377,-3.96961,0.0],[119.63322,-3.96951,0.0],[119.63248,-3.96897,0.0],[119.63224,-3.96904,0.0],[119.63207,-3.96933,0.0],[119.63129,-3.96991,0.0],[119.63121,-3.97033,0.0],[119.63087,-3.97067,0.0],[119.63059,-3.97111,0.0],[119.63064,-3.97156,0.0],[119.63054,-3.97174,0.0],[119.63057,-3.97181,0.0],[119.63091,-3.97187,0.0],[119.63109,-3.97173,0.0],[119.6317,-3.97173,0.0],[119.63202,-3.97182,0.0],[119.63218,-3.97194,0.0],[119.63233,-3.97181,0.0],[119.63245,-3.97183,0.0],[119.63273,-3.97212,0.0],[119.6327,-3.97238,0.0],[119.63283,-3.97252,0.0],[119.63279,-3.97293,0.0],[119.6326,-3.97326,0.0],[119.63261,-3.97348,0.0],[119.63273,-3.97358,0.0],[119.6329,-3.97349,0.0],[119.63316,-3.97351,0.0],[119.6334,-3.97371,0.0],[119.63368,-3.97375,0.0],[119.63383,-3.97386,0.0],[119.63378,-3.97403,0.0],[119.63384,-3.97432,0.0],[119.63372,-3.97456,0.0],[119.63347,-3.97473,0.0],[119.63306,-3.97476,0.0],[119.63279,-3.97509,0.0],[119.63301,-3.97523,0.0],[119.6331,-3.97544,0.0],[119.63308,-3.97554,0.0],[119.633,-3.97554,0.0],[119.63281,-3.97634,0.0],[119.63313,-3.97652,0.0],[119.63301,-3.97736,0.0],[119.63319,-3.97775,0.0],[119.63313,-3.97813,0.0],[119.6332,-3.97865,0.0],[119.63309,-3.9793,0.0],[119.63313,-3.97975,0.0],[119.63338,-3.97982,0.0],[119.63354,-3.97969,0.0],[119.63371,-3.9798,0.0],[119.63353,-3.97986,0.0],[119.63337,-3.9802,0.0],[119.63328,-3.98021,0.0],[119.63329,-3.98029,0.0],[119.63309,-3.9804,0.0],[119.63303,-3.98067,0.0],[119.63313,-3.98066,0.0],[119.63324,-3.98097,0.0],[119.63351,-3.98113,0.0],[119.63369,-3.98151,0.0],[119.63377,-3.98154,0.0],[119.63407,-3.98198,0.0],[119.63417,-3.98198,0.0],[119.63429,-3.98212,0.0],[119.63444,-3.98206,0.0],[119.63451,-3.9822,0.0],[119.63444,-3.9823,0.0],[119.6346,-3.98255,0.0],[119.63522,-3.98235,0.0],[119.63605,-3.98225,0.0],[119.63606,-3.98152,0.0],[119.63616,-3.98109,0.0],[119.63658,-3.98082,0.0],[119.63684,-3.98029,0.0],[119.63725,-3.97996,0.0],[119.63756,-3.97994,0.0],[119.63794,-3.97977,0.0],[119.63817,-3.9798,0.0],[119.63864,-3.98019,0.0],[119.63869,-3.98054,0.0],[119.63925,-3.98087,0.0],[119.63939,-3.98075,0.0],[119.64022,-3.98047,0.0],[119.64071,-3.98064,0.0],[119.64101,-3.98008,0.0],[119.64114,-3.98002,0.0],[119.64176,-3.98007,0.0],[119.64232,-3.97997,0.0],[119.64257,-3.98022,0.0],[119.64276,-3.98004,0.0],[119.64261,-3.97974,0.0],[119.64212,-3.97927,0.0],[119.64223,-3.97882,0.0],[119.64209,-3.97834,0.0],[119.64231,-3.97765,0.0],[119.6421,-3.97736,0.0],[119.64291,-3.97639,0.0],[119.64392,-3.97567,0.0],[119.64469,-3.97527,0.0],[119.64563,-3.97509,0.0],[119.64821,-3.97299,0.0],[119.64846,-3.97251,0.0],[119.64971,-3.9724,0.0],[119.64977,-3.9717,0.0],[119.64895,-3.97087,0.0],[119.64952,-3.96955,0.0],[119.65101,-3.96985,0.0],[119.65175,-3.96956,0.0],[119.6528,-3.96884,0.0],[119.65315,-3.9684,0.0],[119.65352,-3.96759,0.0],[119.65433,-3.96667,0.0],[119.65482,-3.96593,0.0],[119.6551,-3.96567,0.0],[119.65563,-3.96535,0.0],[119.65576,-3.96373,0.0],[119.65608,-3.96367,0.0],[119.65673,-3.96264,0.0],[119.65699,-3.96238,0.0],[119.65744,-3.96223,0.0],[119.65838,-3.96222,0.0],[119.65864,-3.96215,0.0],[119.65877,-3.96203,0.0],[119.659,-3.96149,0.0],[119.65924,-3.96134,0.0],[119.66028,-3.96136,0.0],[119.66168,-3.96072,0.0],[119.66268,-3.96053,0.0],[119.66317,-3.9605,0.0],[119.66389,-3.96059,0.0],[119.66412,-3.95946,0.0],[119.6645,-3.95876,0.0],[119.66548,-3.95751,0.0],[119.66612,-3.95697,0.0],[119.66761,-3.95622,0.0],[119.66836,-3.95557,0.0],[119.67012,-3.95355,0.0],[119.67171,-3.95215,0.0],[119.6721,-3.95191,0.0],[119.67346,-3.95067,0.0],[119.67536,-3.94756,0.0],[119.67682,-3.94644,0.0],[119.67746,-3.94464,0.0],[119.6777,-3.94332,0.0],[119.67802,-3.94274,0.0],[119.6783,-3.94245,0.0],[119.67955,-3.94168,0.0],[119.68092,-3.94008,0.0],[119.68128,-3.93922,0.0],[119.68139,-3.93832,0.0],[119.68185,-3.93694,0.0],[119.68269,-3.93623,0.0],[119.68281,-3.93517,0.0],[119.68275,-3.93262,0.0],[119.68327,-3.93034,0.0],[119.68337,-3.92958,0.0],[119.68325,-3.92927,0.0],[119.68307,-3.92914,0.0],[119.68302,-3.92868,0.0],[119.68313,-3.92793,0.0],[119.6833,-3.92779,0.0],[119.6836,-3.92678,0.0],[119.67983,-3.92592,0.0],[119.67971,-3.92631,0.0],[119.67879,-3.92608,0.0]]]]},"properties":{"OBJECTID":87366,"NAMOBJ":"Tellumpanua","WADMKD":"Tellumpanua","WADMKC":"Suppa","KDEPUM":"73.15.02.1002","KDCPUM":"73.15.02","WADMKK":"Pinrang","WADMPR":"Sulawesi Selatan","LUASWH":21.253766758613278,"TIPADM":2,"Status":"Batas Indikatif"}},{"type":"Feature","id":87383,"geometry":{"type":"Polygon","coordinates":[[[119.68862,-3.72409,0.0],[119.68808,-3.72379,0.0],[119.68792,-3.72346,0.0],[119.68752,-3.72332,0.0],[119.68752,-3.72346,0.0],[119.68693,-3.72323,0.0],[119.6866,-3.72323,0.0],[119.68572,-3.72279,0.0],[119.68556,-3.72312,0.0],[119.6851,-3.72374,0.0],[119.68458,-3.72344,0.0],[119.68424,-3.72412,0.0],[119.68371,-3.72379,0.0],[119.6832,-3.72372,0.0],[119.6833,-3.72276,0.0],[119.6823,-3.72276,0.0],[119.68224,-3.72295,0.0],[119.67928,-3.72273,0.0],[119.67925,-3.72291,0.0],[119.67891,-3.72284,0.0],[119.67908,-3.7217,0.0],[119.67901,-3.72114,0.0],[119.67864,-3.7211,0.0],[119.6786,-3.72182,0.0],[119.67795,-3.72175,0.0],[119.67793,-3.72188,0.0],[119.67765,-3.72184,0.0],[119.67775,-3.72121,0.0],[119.67578,-3.72081,0.0],[119.67583,-3.72032,0.0],[119.6746,-3.72008,0.0],[119.67475,-3.71936,0.0],[119.67392,-3.71899,0.0],[119.67423,-3.71875,0.0],[119.67406,-3.71831,0.0],[119.67307,-3.71866,0.0],[119.67237,-3.71906,0.0],[119.67023,-3.7199,0.0],[119.67073,-3.71733,0.0],[119.67126,-3.7161,0.0],[119.67079,-3.71594,0.0],[119.67075,-3.71604,0.0],[119.6703,-3.71588,0.0],[119.67022,-3.71609,0.0],[119.66922,-3.71668,0.0],[119.66908,-3.7172,0.0],[119.66925,-3.7173,0.0],[119.66866,-3.71807,0.0],[119.66832,-3.71794,0.0],[119.66817,-3.71821,0.0],[119.66824,-3.71825,0.0],[119.66819,-3.71843,0.0],[119.66847,-3.71856,0.0],[119.66826,-3.71886,0.0],[119.6679,-3.71877,0.0],[119.66599,-3.71861,0.0],[119.66551,-3.71848,0.0],[119.66516,-3.71831,0.0],[119.66458,-3.71774,0.0],[119.66338,-3.71686,0.0],[119.66302,-3.7175,0.0],[119.66145,-3.71633,0.0],[119.66095,-3.71574,0.0],[119.66028,-3.71527,0.0],[119.65971,-3.71379,0.0],[119.65935,-3.71327,0.0],[119.65886,-3.71402,0.0],[119.65817,-3.71367,0.0],[119.65805,-3.71404,0.0],[119.65738,-3.71393,0.0],[119.65502,-3.71383,0.0],[119.65497,-3.71429,0.0],[119.6539,-3.71446,0.0],[119.65387,-3.71498,0.0],[119.65405,-3.71576,0.0],[119.6538,-3.71761,0.0],[119.65385,-3.71822,0.0],[119.65356,-3.71864,0.0],[119.65374,-3.71909,0.0],[119.65318,-3.71959,0.0],[119.65246,-3.71877,0.0],[119.65315,-3.71762,0.0],[119.65252,-3.71702,0.0],[119.65175,-3.71662,0.0],[119.65194,-3.71624,0.0],[119.65084,-3.71553,0.0],[119.65104,-3.71528,0.0],[119.65038,-3.71463,0.0],[119.65034,-3.71438,0.0],[119.64942,-3.71412,0.0],[119.64925,-3.71424,0.0],[119.64862,-3.71601,0.0],[119.64886,-3.71609,0.0],[119.64844,-3.71712,0.0],[119.64849,-3.71715,0.0],[119.64826,-3.7178,0.0],[119.64773,-3.71764,0.0],[119.6476,-3.71962,0.0],[119.64738,-3.71962,0.0],[119.64732,-3.72047,0.0],[119.64829,-3.7206,0.0],[119.64838,-3.72024,0.0],[119.649,-3.72032,0.0],[119.64877,-3.72174,0.0],[119.64804,-3.72329,0.0],[119.64773,-3.72416,0.0],[119.64745,-3.72417,0.0],[119.64717,-3.72429,0.0],[119.64582,-3.72408,0.0],[119.6456,-3.72447,0.0],[119.64552,-3.72446,0.0],[119.64529,-3.72473,0.0],[119.64483,-3.72459,0.0],[119.64448,-3.72535,0.0],[119.6449,-3.72548,0.0],[119.64411,-3.72789,0.0],[119.64462,-3.72812,0.0],[119.64439,-3.72879,0.0],[119.64453,-3.72885,0.0],[119.64416,-3.72973,0.0],[119.64406,-3.73024,0.0],[119.6442,-3.73027,0.0],[119.64404,-3.73114,0.0],[119.6436,-3.73263,0.0],[119.64315,-3.73251,0.0],[119.64292,-3.73329,0.0],[119.6428,-3.73324,0.0],[119.64259,-3.73369,0.0],[119.64374,-3.73422,0.0],[119.64276,-3.73648,0.0],[119.64264,-3.73716,0.0],[119.6427,-3.73735,0.0],[119.6424,-3.73849,0.0],[119.643,-3.73869,0.0],[119.64289,-3.73897,0.0],[119.64222,-3.73885,0.0],[119.64186,-3.7398,0.0],[119.64124,-3.73963,0.0],[119.64115,-3.73989,0.0],[119.64124,-3.74,0.0],[119.64082,-3.74125,0.0],[119.63955,-3.74403,0.0],[119.63983,-3.74415,0.0],[119.63832,-3.74748,0.0],[119.63973,-3.74775,0.0],[119.64037,-3.74774,0.0],[119.64046,-3.74732,0.0],[119.64136,-3.74739,0.0],[119.6443,-3.74779,0.0],[119.64628,-3.74827,0.0],[119.64671,-3.74796,0.0],[119.64826,-3.74763,0.0],[119.65036,-3.74753,0.0],[119.65085,-3.74733,0.0],[119.65136,-3.74738,0.0],[119.65181,-3.74729,0.0],[119.6519,-3.7472,0.0],[119.65293,-3.74779,0.0],[119.65283,-3.74837,0.0],[119.65348,-3.74859,0.0],[119.65376,-3.74811,0.0],[119.65441,-3.74851,0.0],[119.65491,-3.7477,0.0],[119.65623,-3.74858,0.0],[119.65649,-3.74817,0.0],[119.65674,-3.74852,0.0],[119.65734,-3.74827,0.0],[119.65852,-3.74823,0.0],[119.66009,-3.74857,0.0],[119.66163,-3.7491,0.0],[119.66209,-3.74846,0.0],[119.66223,-3.74838,0.0],[119.66312,-3.74864,0.0],[119.66404,-3.74914,0.0],[119.66424,-3.7489,0.0],[119.66592,-3.74955,0.0],[119.66615,-3.74922,0.0],[119.66684,-3.74945,0.0],[119.66798,-3.74968,0.0],[119.66899,-3.74792,0.0],[119.66974,-3.74819,0.0],[119.66992,-3.74795,0.0],[119.67019,-3.74797,0.0],[119.67037,-3.74776,0.0],[119.67136,-3.74788,0.0],[119.67143,-3.74878,0.0],[119.67132,-3.74971,0.0],[119.67098,-3.75014,0.0],[119.67067,-3.7509,0.0],[119.67003,-3.75058,0.0],[119.66894,-3.75048,0.0],[119.66885,-3.75151,0.0],[119.66888,-3.75236,0.0],[119.66991,-3.75264,0.0],[119.67054,-3.75291,0.0],[119.67031,-3.75351,0.0],[119.67052,-3.75386,0.0],[119.67059,-3.75477,0.0],[119.67054,-3.75532,0.0],[119.67153,-3.75548,0.0],[119.67171,-3.75472,0.0],[119.67219,-3.75482,0.0],[119.67242,-3.75441,0.0],[119.6728,-3.75448,0.0],[119.67381,-3.75429,0.0],[119.67391,-3.75359,0.0],[119.67457,-3.75372,0.0],[119.6757,-3.75443,0.0],[119.67548,-3.75531,0.0],[119.67661,-3.75588,0.0],[119.67687,-3.75512,0.0],[119.67666,-3.75502,0.0],[119.67694,-3.75412,0.0],[119.67646,-3.75397,0.0],[119.67657,-3.7529,0.0],[119.67673,-3.75296,0.0],[119.67686,-3.75249,0.0],[119.67665,-3.75238,0.0],[119.67678,-3.75159,0.0],[119.67662,-3.75152,0.0],[119.67719,-3.75015,0.0],[119.67666,-3.75001,0.0],[119.67692,-3.74842,0.0],[119.67686,-3.7484,0.0],[119.6769,-3.74793,0.0],[119.67698,-3.74786,0.0],[119.67747,-3.74795,0.0],[119.67781,-3.74667,0.0],[119.67787,-3.74669,0.0],[119.67806,-3.74618,0.0],[119.67862,-3.74637,0.0],[119.67849,-3.74688,0.0],[119.67923,-3.74722,0.0],[119.68033,-3.74729,0.0],[119.68056,-3.74616,0.0],[119.6809,-3.74627,0.0],[119.68106,-3.7465,0.0],[119.68129,-3.74654,0.0],[119.68145,-3.74632,0.0],[119.68155,-3.7458,0.0],[119.68325,-3.74614,0.0],[119.68335,-3.74581,0.0],[119.6836,-3.74585,0.0],[119.68369,-3.74562,0.0],[119.68418,-3.74568,0.0],[119.68425,-3.74522,0.0],[119.68478,-3.74531,0.0],[119.68485,-3.745,0.0],[119.68562,-3.74507,0.0],[119.68555,-3.74397,0.0],[119.6858,-3.74359,0.0],[119.68591,-3.74275,0.0],[119.68629,-3.74227,0.0],[119.68613,-3.74183,0.0],[119.68625,-3.74138,0.0],[119.68599,-3.74075,0.0],[119.68613,-3.74028,0.0],[119.68609,-3.74001,0.0],[119.686,-3.73979,0.0],[119.68565,-3.73953,0.0],[119.68556,-3.73935,0.0],[119.68561,-3.7391,0.0],[119.68545,-3.73862,0.0],[119.68552,-3.73837,0.0],[119.68527,-3.738,0.0],[119.68532,-3.73727,0.0],[119.68517,-3.73684,0.0],[119.68508,-3.73622,0.0],[119.68469,-3.73577,0.0],[119.68457,-3.7348,0.0],[119.68459,-3.73376,0.0],[119.68462,-3.73356,0.0],[119.68506,-3.73317,0.0],[119.68514,-3.73289,0.0],[119.68512,-3.73263,0.0],[119.68544,-3.73217,0.0],[119.68544,-3.73188,0.0],[119.68554,-3.73171,0.0],[119.68583,-3.73151,0.0],[119.68579,-3.73051,0.0],[119.68531,-3.72986,0.0],[119.68523,-3.72945,0.0],[119.68533,-3.7292,0.0],[119.6856,-3.72884,0.0],[119.68604,-3.72862,0.0],[119.68622,-3.72862,0.0],[119.68671,-3.72809,0.0],[119.68682,-3.72791,0.0],[119.68682,-3.72721,0.0],[119.68708,-3.72681,0.0],[119.68716,-3.72599,0.0],[119.68764,-3.72506,0.0],[119.68819,-3.72472,0.0],[119.68839,-3.72433,0.0],[119.68862,-3.72409,0.0]]]},"properties":{"OBJECTID":87383,"NAMOBJ":"Tonyamang","WADMKD":"Tonyamang","WADMKC":"Patampanua","KDEPUM":"73.15.05.1003","KDCPUM":"73.15.05","WADMKK":"Pinrang","WADMPR":"Sulawesi Selatan","LUASWH":15.913118660591685,"TIPADM":2,"Status":"Batas Indikatif"}},{"type":"Feature","id":87419,"geometry":{"type":"Polygon","coordinates":[[[119.57831,-3.83888,0.0],[119.57763,-3.83859,0.0],[119.57624,-3.84214,0.0],[119.57655,-3.84231,0.0],[119.57429,-3.84673,0.0],[119.57391,-3.84657,0.0],[119.57347,-3.84698,0.0],[119.5721,-3.84874,0.0],[119.57149,-3.85008,0.0],[119.57082,-3.85111,0.0],[119.5707,-3.85112,0.0],[119.56967,-3.85373,0.0],[119.56882,-3.8555,0.0],[119.56937,-3.85576,0.0],[119.56796,-3.85875,0.0],[119.56947,-3.85939,0.0],[119.56968,-3.859,0.0],[119.57148,-3.85969,0.0],[119.57164,-3.8592,0.0],[119.57228,-3.85939,0.0],[119.57241,-3.85904,0.0],[119.57314,-3.85932,0.0],[119.57325,-3.8591,0.0],[119.57419,-3.85955,0.0],[119.57415,-3.85964,0.0],[119.57547,-3.8603,0.0],[119.57541,-3.86044,0.0],[119.57666,-3.86092,0.0],[119.57698,-3.86017,0.0],[119.57758,-3.86038,0.0],[119.57773,-3.86006,0.0],[119.58001,-3.86082,0.0],[119.57948,-3.86173,0.0],[119.58111,-3.86238,0.0],[119.58414,-3.86417,0.0],[119.58392,-3.86465,0.0],[119.58449,-3.865,0.0],[119.58464,-3.86473,0.0],[119.58499,-3.86495,0.0],[119.58484,-3.86517,0.0],[119.58518,-3.86535,0.0],[119.58456,-3.86633,0.0],[119.58483,-3.86652,0.0],[119.58429,-3.86742,0.0],[119.5846,-3.86757,0.0],[119.58298,-3.8707,0.0],[119.58356,-3.87101,0.0],[119.58316,-3.87167,0.0],[119.58511,-3.87268,0.0],[119.5855,-3.87199,0.0],[119.58659,-3.87249,0.0],[119.58617,-3.87322,0.0],[119.58689,-3.87356,0.0],[119.58802,-3.87424,0.0],[119.58887,-3.87285,0.0],[119.58909,-3.87264,0.0],[119.58932,-3.87278,0.0],[119.58972,-3.87286,0.0],[119.59002,-3.87229,0.0],[119.59145,-3.8733,0.0],[119.59185,-3.87367,0.0],[119.59265,-3.87399,0.0],[119.59254,-3.87414,0.0],[119.59427,-3.87493,0.0],[119.59432,-3.87487,0.0],[119.59557,-3.87537,0.0],[119.59658,-3.87334,0.0],[119.59603,-3.873,0.0],[119.59721,-3.87062,0.0],[119.59739,-3.87067,0.0],[119.59764,-3.87005,0.0],[119.5975,-3.86998,0.0],[119.59762,-3.86961,0.0],[119.59771,-3.86963,0.0],[119.59853,-3.86755,0.0],[119.59702,-3.86688,0.0],[119.60232,-3.8585,0.0],[119.60308,-3.85711,0.0],[119.60151,-3.85637,0.0],[119.59923,-3.85709,0.0],[119.5981,-3.8569,0.0],[119.59851,-3.85534,0.0],[119.59846,-3.85352,0.0],[119.59857,-3.85309,0.0],[119.59858,-3.85193,0.0],[119.59849,-3.85052,0.0],[119.59837,-3.84977,0.0],[119.59752,-3.84801,0.0],[119.59686,-3.8481,0.0],[119.59409,-3.84822,0.0],[119.5931,-3.84836,0.0],[119.59252,-3.84848,0.0],[119.59191,-3.84883,0.0],[119.58902,-3.84783,0.0],[119.58869,-3.84748,0.0],[119.58846,-3.84707,0.0],[119.58811,-3.84687,0.0],[119.58683,-3.8464,0.0],[119.58639,-3.84641,0.0],[119.58522,-3.84675,0.0],[119.58486,-3.84678,0.0],[119.58582,-3.84441,0.0],[119.58584,-3.84393,0.0],[119.58574,-3.84335,0.0],[119.58529,-3.84162,0.0],[119.58318,-3.84086,0.0],[119.58257,-3.84075,0.0],[119.58253,-3.84089,0.0],[119.58224,-3.84086,0.0],[119.58139,-3.84065,0.0],[119.58141,-3.84047,0.0],[119.5805,-3.84002,0.0],[119.58004,-3.8396,0.0],[119.57831,-3.83888,0.0]]]},"properties":{"OBJECTID":87419,"NAMOBJ":"Barang Palie","WADMKD":"Barang Palie","WADMKC":"Lanrisang","KDEPUM":"73.15.10.2005","KDCPUM":"73.15.10","WADMKK":"Pinrang","WADMPR":"Sulawesi Selatan","LUASWH":7.8451221225261962,"TIPADM":1,"Status":"Batas Indikatif"}},{"type":"Feature","id":87422,"geometry":{"type":"Polygon","coordinates":[[[119.59014,-3.72698,0.0],[119.58935,-3.72696,0.0],[119.58903,-3.72678,0.0],[119.58869,-3.72674,0.0],[119.58811,-3.72716,0.0],[119.58745,-3.72718,0.0],[119.58711,-3.72761,0.0],[119.58685,-3.7276,0.0],[119.58645,-3.72805,0.0],[119.58608,-3.72817,0.0],[119.58572,-3.72883,0.0],[119.58563,-3.72921,0.0],[119.5855,-3.72937,0.0],[119.58471,-3.72944,0.0],[119.58422,-3.72915,0.0],[119.58365,-3.72928,0.0],[119.58285,-3.73136,0.0],[119.58261,-3.73163,0.0],[119.58232,-3.73173,0.0],[119.58164,-3.73247,0.0],[119.58155,-3.7326,0.0],[119.58162,-3.73286,0.0],[119.5812,-3.7335,0.0],[119.58116,-3.73383,0.0],[119.5804,-3.73426,0.0],[119.5801,-3.7342,0.0],[119.57886,-3.7336,0.0],[119.57792,-3.73353,0.0],[119.57673,-3.73323,0.0],[119.57607,-3.73317,0.0],[119.57458,-3.73259,0.0],[119.57416,-3.73229,0.0],[119.57361,-3.73168,0.0],[119.57293,-3.73152,0.0],[119.57271,-3.73134,0.0],[119.57244,-3.731,0.0],[119.57222,-3.73048,0.0],[119.57093,-3.73034,0.0],[119.57004,-3.73015,0.0],[119.5695,-3.73034,0.0],[119.56875,-3.73085,0.0],[119.56742,-3.73461,0.0],[119.56642,-3.73658,0.0],[119.56371,-3.74126,0.0],[119.56744,-3.74323,0.0],[119.57852,-3.74805,0.0],[119.58091,-3.74919,0.0],[119.58014,-3.74948,0.0],[119.58057,-3.74976,0.0],[119.58063,-3.7502,0.0],[119.58038,-3.75108,0.0],[119.57923,-3.75317,0.0],[119.57922,-3.75326,0.0],[119.57954,-3.75352,0.0],[119.5802,-3.75394,0.0],[119.5798,-3.75452,0.0],[119.5804,-3.75496,0.0],[119.58065,-3.75461,0.0],[119.58113,-3.75492,0.0],[119.58167,-3.75386,0.0],[119.58271,-3.7542,0.0],[119.58355,-3.75229,0.0],[119.58364,-3.75233,0.0],[119.58405,-3.7517,0.0],[119.58449,-3.75183,0.0],[119.58469,-3.75156,0.0],[119.58494,-3.75165,0.0],[119.58548,-3.7507,0.0],[119.58605,-3.75085,0.0],[119.58663,-3.74983,0.0],[119.58855,-3.75073,0.0],[119.58845,-3.75102,0.0],[119.58886,-3.75124,0.0],[119.58871,-3.75165,0.0],[119.591,-3.75274,0.0],[119.59122,-3.75213,0.0],[119.59211,-3.7525,0.0],[119.59299,-3.75069,0.0],[119.59435,-3.7514,0.0],[119.59503,-3.75022,0.0],[119.59557,-3.75049,0.0],[119.5958,-3.75,0.0],[119.59601,-3.75013,0.0],[119.59672,-3.74882,0.0],[119.59654,-3.74871,0.0],[119.59701,-3.74753,0.0],[119.5968,-3.74746,0.0],[119.59681,-3.74739,0.0],[119.59734,-3.7465,0.0],[119.59726,-3.74515,0.0],[119.59739,-3.74397,0.0],[119.59706,-3.74387,0.0],[119.59696,-3.74406,0.0],[119.59677,-3.74399,0.0],[119.59683,-3.74379,0.0],[119.59661,-3.74372,0.0],[119.59654,-3.74385,0.0],[119.59629,-3.74377,0.0],[119.59637,-3.74355,0.0],[119.59618,-3.74347,0.0],[119.59558,-3.74369,0.0],[119.59598,-3.74252,0.0],[119.59303,-3.74089,0.0],[119.59326,-3.74044,0.0],[119.59243,-3.73994,0.0],[119.59244,-3.73986,0.0],[119.5889,-3.7381,0.0],[119.58927,-3.73728,0.0],[119.58937,-3.73618,0.0],[119.58959,-3.73571,0.0],[119.58872,-3.73544,0.0],[119.58882,-3.73476,0.0],[119.58832,-3.73466,0.0],[119.58902,-3.73142,0.0],[119.58963,-3.72983,0.0],[119.58927,-3.72965,0.0],[119.59012,-3.72748,0.0],[119.59014,-3.72698,0.0]]]},"properties":{"OBJECTID":87422,"NAMOBJ":"Cempa","WADMKD":"Cempa","WADMKC":"Cempa","KDEPUM":"73.15.08.1001","KDCPUM":"73.15.08","WADMKK":"Pinrang","WADMPR":"Sulawesi Selatan","LUASWH":5.8534649379520598,"TIPADM":2,"Status":"Batas Indikatif"}},{"type":"Feature","id":87432,"geometry":{"type":"Polygon","coordinates":[[[119.53682,-3.55448,0.0],[119.53619,-3.55448,0.0],[119.53549,-3.55498,0.0],[119.53496,-3.55548,0.0],[119.53391,-3.55574,0.0],[119.5335,-3.55602,0.0],[119.53093,-3.55867,0.0],[119.53062,-3.55929,0.0],[119.53051,-3.55997,0.0],[119.53045,-3.56173,0.0],[119.53006,-3.5628,0.0],[119.52975,-3.56304,0.0],[119.52938,-3.56315,0.0],[119.52898,-3.56311,0.0],[119.52859,-3.56286,0.0],[119.52733,-3.56165,0.0],[119.52672,-3.56131,0.0],[119.52617,-3.56128,0.0],[119.52571,-3.56142,0.0],[119.52541,-3.56175,0.0],[119.5251,-3.5623,0.0],[119.52482,-3.56357,0.0],[119.52437,-3.56491,0.0],[119.52489,-3.56511,0.0],[119.52514,-3.56511,0.0],[119.52549,-3.56503,0.0],[119.52614,-3.56456,0.0],[119.52624,-3.56459,0.0],[119.52652,-3.56524,0.0],[119.52707,-3.56611,0.0],[119.52786,-3.56695,0.0],[119.52777,-3.56703,0.0],[119.52713,-3.56703,0.0],[119.52668,-3.56729,0.0],[119.52669,-3.56743,0.0],[119.52768,-3.56989,0.0],[119.5287,-3.57015,0.0],[119.52851,-3.57098,0.0],[119.52952,-3.57117,0.0],[119.52951,-3.5718,0.0],[119.52857,-3.57193,0.0],[119.5294,-3.5741,0.0],[119.52968,-3.57444,0.0],[119.52998,-3.57461,0.0],[119.53027,-3.57469,0.0],[119.53711,-3.57467,0.0],[119.53841,-3.57458,0.0],[119.53887,-3.57465,0.0],[119.53938,-3.57435,0.0],[119.53985,-3.5744,0.0],[119.54006,-3.57358,0.0],[119.54008,-3.57245,0.0],[119.53989,-3.5724,0.0],[119.53982,-3.5719,0.0],[119.53981,-3.57139,0.0],[119.53998,-3.57053,0.0],[119.53926,-3.57042,0.0],[119.53949,-3.56919,0.0],[119.53818,-3.56925,0.0],[119.53811,-3.56826,0.0],[119.53795,-3.56825,0.0],[119.53794,-3.56794,0.0],[119.53802,-3.56794,0.0],[119.53804,-3.56684,0.0],[119.5375,-3.56685,0.0],[119.5375,-3.56652,0.0],[119.53887,-3.56647,0.0],[119.53887,-3.56604,0.0],[119.53895,-3.56603,0.0],[119.53901,-3.56554,0.0],[119.53907,-3.56552,0.0],[119.53901,-3.56379,0.0],[119.53948,-3.56392,0.0],[119.53968,-3.56322,0.0],[119.53947,-3.56317,0.0],[119.53943,-3.56229,0.0],[119.53974,-3.56225,0.0],[119.53987,-3.56121,0.0],[119.54041,-3.56136,0.0],[119.5406,-3.56067,0.0],[119.54054,-3.56014,0.0],[119.54067,-3.5596,0.0],[119.54097,-3.5593,0.0],[119.54131,-3.55917,0.0],[119.54181,-3.55917,0.0],[119.54231,-3.55898,0.0],[119.54333,-3.55791,0.0],[119.54337,-3.55734,0.0],[119.54293,-3.55714,0.0],[119.54188,-3.557,0.0],[119.5398,-3.55658,0.0],[119.53904,-3.55667,0.0],[119.53754,-3.55712,0.0],[119.53718,-3.55706,0.0],[119.53701,-3.55687,0.0],[119.53696,-3.5562,0.0],[119.53728,-3.55572,0.0],[119.53737,-3.55528,0.0],[119.53731,-3.5549,0.0],[119.53711,-3.55459,0.0],[119.53682,-3.55448,0.0]]]},"properties":{"OBJECTID":87432,"NAMOBJ":"Bungi","WADMKD":"Bungi","WADMKC":"Duampanua","KDEPUM":"73.15.06.2012","KDCPUM":"73.15.06","WADMKK":"Pinrang","WADMPR":"Sulawesi Selatan","LUASWH":2.5900339543483395,"TIPADM":1,"Status":"Batas Indikatif"}},{"type":"Feature","id":87459,"geometry":{"type":"Polygon","coordinates":[[[119.75508,-3.79679,0.0],[119.75492,-3.79631,0.0],[119.75006,-3.78815,0.0],[119.74959,-3.78869,0.0],[119.74928,-3.78859,0.0],[119.74903,-3.7889,0.0],[119.74884,-3.78951,0.0],[119.7479,-3.78962,0.0],[119.74753,-3.79048,0.0],[119.74732,-3.7901,0.0],[119.74738,-3.78987,0.0],[119.74717,-3.7899,0.0],[119.74676,-3.79107,0.0],[119.74663,-3.79364,0.0],[119.74631,-3.79357,0.0],[119.74603,-3.7948,0.0],[119.74531,-3.79464,0.0],[119.74518,-3.79551,0.0],[119.74449,-3.7976,0.0],[119.74438,-3.79754,0.0],[119.74339,-3.8013,0.0],[119.74227,-3.80385,0.0],[119.74034,-3.80894,0.0],[119.73961,-3.81,0.0],[119.73904,-3.81147,0.0],[119.73878,-3.81129,0.0],[119.7384,-3.81126,0.0],[119.73689,-3.81082,0.0],[119.73699,-3.81067,0.0],[119.73593,-3.81041,0.0],[119.7351,-3.81039,0.0],[119.73405,-3.80981,0.0],[119.73345,-3.80984,0.0],[119.73326,-3.80997,0.0],[119.7331,-3.81025,0.0],[119.73321,-3.81027,0.0],[119.7332,-3.81046,0.0],[119.73334,-3.81043,0.0],[119.73341,-3.81078,0.0],[119.7337,-3.81103,0.0],[119.73331,-3.81158,0.0],[119.73323,-3.81183,0.0],[119.73331,-3.81221,0.0],[119.73316,-3.81274,0.0],[119.73317,-3.81397,0.0],[119.73326,-3.8142,0.0],[119.73329,-3.81463,0.0],[119.73423,-3.81698,0.0],[119.73369,-3.81763,0.0],[119.73367,-3.81693,0.0],[119.73325,-3.81653,0.0],[119.73277,-3.81547,0.0],[119.73162,-3.81433,0.0],[119.7314,-3.81446,0.0],[119.73157,-3.8149,0.0],[119.73145,-3.81478,0.0],[119.73023,-3.81706,0.0],[119.73007,-3.81686,0.0],[119.7297,-3.81663,0.0],[119.72925,-3.81775,0.0],[119.72912,-3.81778,0.0],[119.72909,-3.81904,0.0],[119.72899,-3.81905,0.0],[119.72875,-3.81933,0.0],[119.72844,-3.81987,0.0],[119.7282,-3.81996,0.0],[119.72791,-3.82043,0.0],[119.72734,-3.82235,0.0],[119.72688,-3.82342,0.0],[119.72646,-3.82472,0.0],[119.72644,-3.82515,0.0],[119.72577,-3.82633,0.0],[119.72534,-3.82613,0.0],[119.72482,-3.8273,0.0],[119.72413,-3.82994,0.0],[119.72434,-3.83006,0.0],[119.72322,-3.83291,0.0],[119.725,-3.83378,0.0],[119.7243,-3.83512,0.0],[119.7259,-3.8359,0.0],[119.72544,-3.83691,0.0],[119.72532,-3.83813,0.0],[119.72547,-3.83823,0.0],[119.72544,-3.83885,0.0],[119.725,-3.84008,0.0],[119.72437,-3.84081,0.0],[119.72417,-3.84087,0.0],[119.72373,-3.84076,0.0],[119.72355,-3.84083,0.0],[119.72197,-3.84194,0.0],[119.72135,-3.84258,0.0],[119.72126,-3.84278,0.0],[119.72106,-3.84289,0.0],[119.72049,-3.84355,0.0],[119.71987,-3.84411,0.0],[119.71879,-3.8448,0.0],[119.7182,-3.84582,0.0],[119.71816,-3.84676,0.0],[119.7184,-3.84763,0.0],[119.71749,-3.84841,0.0],[119.71667,-3.8484,0.0],[119.71633,-3.84852,0.0],[119.71596,-3.84883,0.0],[119.71572,-3.84927,0.0],[119.71531,-3.84966,0.0],[119.71433,-3.84952,0.0],[119.71408,-3.84956,0.0],[119.71357,-3.84985,0.0],[119.71241,-3.85139,0.0],[119.7123,-3.85147,0.0],[119.71166,-3.85157,0.0],[119.71115,-3.85247,0.0],[119.71061,-3.85286,0.0],[119.70942,-3.85326,0.0],[119.70838,-3.85413,0.0],[119.70845,-3.85462,0.0],[119.70832,-3.85515,0.0],[119.70816,-3.85652,0.0],[119.7089,-3.85762,0.0],[119.70946,-3.85814,0.0],[119.70942,-3.85852,0.0],[119.70922,-3.85917,0.0],[119.70871,-3.85995,0.0],[119.70829,-3.86021,0.0],[119.70751,-3.86044,0.0],[119.7071,-3.86076,0.0],[119.70699,-3.86103,0.0],[119.70716,-3.86154,0.0],[119.7071,-3.86184,0.0],[119.70698,-3.86201,0.0],[119.70674,-3.86213,0.0],[119.70532,-3.86237,0.0],[119.70453,-3.86188,0.0],[119.7036,-3.86174,0.0],[119.70291,-3.86137,0.0],[119.70198,-3.86114,0.0],[119.70179,-3.86119,0.0],[119.70071,-3.86203,0.0],[119.7007,-3.86233,0.0],[119.70089,-3.86285,0.0],[119.7005,-3.86337,0.0],[119.69976,-3.86401,0.0],[119.70058,-3.86408,0.0],[119.70141,-3.86468,0.0],[119.70184,-3.86489,0.0],[119.70221,-3.86481,0.0],[119.70285,-3.86487,0.0],[119.70351,-3.86436,0.0],[119.70472,-3.86394,0.0],[119.70593,-3.86397,0.0],[119.7072,-3.86413,0.0],[119.7081,-3.86397,0.0],[119.70886,-3.86393,0.0],[119.71017,-3.8643,0.0],[119.71089,-3.86466,0.0],[119.71139,-3.86478,0.0],[119.71223,-3.86477,0.0],[119.71248,-3.86518,0.0],[119.71284,-3.86526,0.0],[119.71317,-3.86506,0.0],[119.71399,-3.86359,0.0],[119.7147,-3.86363,0.0],[119.71618,-3.86326,0.0],[119.71716,-3.86322,0.0],[119.71754,-3.86299,0.0],[119.71815,-3.8624,0.0],[119.71836,-3.86229,0.0],[119.71923,-3.86244,0.0],[119.7195,-3.86268,0.0],[119.71979,-3.86312,0.0],[119.72018,-3.8634,0.0],[119.72134,-3.86362,0.0],[119.72173,-3.86356,0.0],[119.72211,-3.86365,0.0],[119.72263,-3.86305,0.0],[119.7229,-3.86299,0.0],[119.7233,-3.86316,0.0],[119.72427,-3.86274,0.0],[119.72447,-3.86274,0.0],[119.72497,-3.86293,0.0],[119.72544,-3.86293,0.0],[119.72672,-3.86323,0.0],[119.72718,-3.86317,0.0],[119.72779,-3.8628,0.0],[119.72808,-3.86244,0.0],[119.72838,-3.86133,0.0],[119.72842,-3.86051,0.0],[119.72863,-3.8602,0.0],[119.72907,-3.86007,0.0],[119.72951,-3.86031,0.0],[119.72978,-3.86029,0.0],[119.73018,-3.85968,0.0],[119.7314,-3.85896,0.0],[119.73186,-3.85826,0.0],[119.73216,-3.85814,0.0],[119.73284,-3.85828,0.0],[119.73294,-3.85794,0.0],[119.73347,-3.85756,0.0],[119.73376,-3.85752,0.0],[119.73397,-3.85718,0.0],[119.73383,-3.85679,0.0],[119.7341,-3.85627,0.0],[119.73383,-3.85481,0.0],[119.7336,-3.85443,0.0],[119.73362,-3.85418,0.0],[119.73389,-3.85375,0.0],[119.73371,-3.85303,0.0],[119.73386,-3.85282,0.0],[119.73431,-3.85248,0.0],[119.73459,-3.85206,0.0],[119.73608,-3.85162,0.0],[119.73617,-3.85087,0.0],[119.73649,-3.85036,0.0],[119.73659,-3.84984,0.0],[119.73694,-3.84942,0.0],[119.73709,-3.84911,0.0],[119.73709,-3.84858,0.0],[119.73668,-3.84818,0.0],[119.73666,-3.84804,0.0],[119.73684,-3.84775,0.0],[119.73685,-3.84754,0.0],[119.73648,-3.84717,0.0],[119.73641,-3.8468,0.0],[119.7365,-3.84661,0.0],[119.73708,-3.84644,0.0],[119.73726,-3.84623,0.0],[119.73781,-3.84589,0.0],[119.73778,-3.84466,0.0],[119.73893,-3.83803,0.0],[119.73925,-3.8377,0.0],[119.73959,-3.83695,0.0],[119.7396,-3.83622,0.0],[119.73989,-3.83548,0.0],[119.73964,-3.83547,0.0],[119.73981,-3.83497,0.0],[119.73952,-3.8349,0.0],[119.73953,-3.83475,0.0],[119.73987,-3.834,0.0],[119.74008,-3.83403,0.0],[119.7402,-3.83373,0.0],[119.74192,-3.82868,0.0],[119.74213,-3.82743,0.0],[119.74222,-3.82728,0.0],[119.74281,-3.82739,0.0],[119.74266,-3.82679,0.0],[119.74226,-3.82671,0.0],[119.74255,-3.82505,0.0],[119.74387,-3.82141,0.0],[119.74433,-3.82062,0.0],[119.7448,-3.82051,0.0],[119.74533,-3.82018,0.0],[119.7455,-3.81943,0.0],[119.74613,-3.81879,0.0],[119.74687,-3.8187,0.0],[119.74704,-3.81839,0.0],[119.74741,-3.8185,0.0],[119.75086,-3.81488,0.0],[119.75152,-3.8138,0.0],[119.75462,-3.79854,0.0],[119.75505,-3.79747,0.0],[119.75508,-3.79679,0.0]]]},"properties":{"OBJECTID":87459,"NAMOBJ":"Samaturue","WADMKD":"Samaturue","WADMKC":"Tiroang","KDEPUM":"73.15.09.1006","KDCPUM":"73.15.09","WADMKK":"Pinrang","WADMPR":"Sulawesi Selatan","LUASWH":14.862712357969958,"TIPADM":2,"Status":"Batas Indikatif"}},{"type":"Feature","id":87491,"geometry":{"type":"Polygon","coordinates":[[[119.60455,-3.75132,0.0],[119.60432,-3.75119,0.0],[119.60418,-3.75125,0.0],[119.60353,-3.75094,0.0],[119.60333,-3.75097,0.0],[119.60252,-3.75045,0.0],[119.60259,-3.75033,0.0],[119.6032,-3.75043,0.0],[119.60341,-3.74973,0.0],[119.6026,-3.74939,0.0],[119.60181,-3.74899,0.0],[119.60183,-3.74893,0.0],[119.60121,-3.74867,0.0],[119.60024,-3.7506,0.0],[119.59905,-3.75007,0.0],[119.5986,-3.75096,0.0],[119.59619,-3.74978,0.0],[119.59601,-3.75013,0.0],[119.5958,-3.75,0.0],[119.59557,-3.75049,0.0],[119.59503,-3.75022,0.0],[119.59435,-3.7514,0.0],[119.59299,-3.75069,0.0],[119.59211,-3.7525,0.0],[119.59122,-3.75213,0.0],[119.591,-3.75274,0.0],[119.58871,-3.75165,0.0],[119.58886,-3.75124,0.0],[119.58845,-3.75102,0.0],[119.58855,-3.75073,0.0],[119.58663,-3.74983,0.0],[119.58605,-3.75085,0.0],[119.58548,-3.7507,0.0],[119.58494,-3.75165,0.0],[119.58469,-3.75156,0.0],[119.58449,-3.75183,0.0],[119.58405,-3.7517,0.0],[119.58364,-3.75233,0.0],[119.58355,-3.75229,0.0],[119.58271,-3.7542,0.0],[119.58167,-3.75386,0.0],[119.58113,-3.75492,0.0],[119.58065,-3.75461,0.0],[119.5804,-3.75496,0.0],[119.5798,-3.75452,0.0],[119.57943,-3.755,0.0],[119.57936,-3.75497,0.0],[119.57922,-3.75509,0.0],[119.5787,-3.755,0.0],[119.57819,-3.75602,0.0],[119.57833,-3.75607,0.0],[119.57824,-3.75668,0.0],[119.57795,-3.7566,0.0],[119.57778,-3.7571,0.0],[119.5772,-3.75694,0.0],[119.57387,-3.76721,0.0],[119.57463,-3.76755,0.0],[119.57421,-3.76849,0.0],[119.57414,-3.76964,0.0],[119.57401,-3.77006,0.0],[119.57197,-3.77507,0.0],[119.57233,-3.77528,0.0],[119.57242,-3.77551,0.0],[119.57165,-3.77733,0.0],[119.5715,-3.77791,0.0],[119.57278,-3.77854,0.0],[119.57268,-3.77876,0.0],[119.57331,-3.77906,0.0],[119.57333,-3.77922,0.0],[119.5736,-3.77931,0.0],[119.57359,-3.77949,0.0],[119.57381,-3.77976,0.0],[119.57367,-3.77997,0.0],[119.57347,-3.78068,0.0],[119.57353,-3.78071,0.0],[119.5731,-3.78179,0.0],[119.57271,-3.78165,0.0],[119.57252,-3.78195,0.0],[119.57228,-3.78208,0.0],[119.57208,-3.7826,0.0],[119.57197,-3.78265,0.0],[119.57171,-3.7831,0.0],[119.5719,-3.78321,0.0],[119.57186,-3.78326,0.0],[119.57211,-3.78336,0.0],[119.57103,-3.78539,0.0],[119.57064,-3.78633,0.0],[119.57075,-3.78638,0.0],[119.57062,-3.78675,0.0],[119.57085,-3.78685,0.0],[119.57067,-3.78725,0.0],[119.57089,-3.7874,0.0],[119.5706,-3.7881,0.0],[119.57039,-3.78798,0.0],[119.56986,-3.78945,0.0],[119.56976,-3.78974,0.0],[119.56985,-3.78978,0.0],[119.56969,-3.79012,0.0],[119.56959,-3.79009,0.0],[119.56938,-3.79065,0.0],[119.5691,-3.79053,0.0],[119.56891,-3.79092,0.0],[119.56931,-3.79114,0.0],[119.56905,-3.79161,0.0],[119.56951,-3.79186,0.0],[119.56931,-3.79227,0.0],[119.57034,-3.79285,0.0],[119.57028,-3.79293,0.0],[119.57062,-3.79316,0.0],[119.57101,-3.79384,0.0],[119.57126,-3.79399,0.0],[119.57072,-3.79559,0.0],[119.57097,-3.79569,0.0],[119.57085,-3.79642,0.0],[119.57093,-3.79645,0.0],[119.57076,-3.79664,0.0],[119.57068,-3.79705,0.0],[119.57185,-3.79753,0.0],[119.57204,-3.79717,0.0],[119.57223,-3.79697,0.0],[119.57234,-3.79698,0.0],[119.57473,-3.7982,0.0],[119.57416,-3.79981,0.0],[119.57638,-3.8005,0.0],[119.57649,-3.80028,0.0],[119.57751,-3.80037,0.0],[119.57763,-3.80008,0.0],[119.57925,-3.80083,0.0],[119.58048,-3.80128,0.0],[119.58194,-3.79835,0.0],[119.58331,-3.79907,0.0],[119.5836,-3.79837,0.0],[119.5837,-3.7984,0.0],[119.58393,-3.79798,0.0],[119.58433,-3.79816,0.0],[119.58463,-3.79772,0.0],[119.5861,-3.79843,0.0],[119.58643,-3.79755,0.0],[119.58729,-3.79801,0.0],[119.58886,-3.7948,0.0],[119.58897,-3.79485,0.0],[119.58915,-3.7945,0.0],[119.58799,-3.79376,0.0],[119.58785,-3.79429,0.0],[119.58719,-3.79393,0.0],[119.58744,-3.79362,0.0],[119.58727,-3.79352,0.0],[119.58746,-3.79307,0.0],[119.58738,-3.79299,0.0],[119.58788,-3.79213,0.0],[119.58759,-3.79195,0.0],[119.58785,-3.79151,0.0],[119.58816,-3.79164,0.0],[119.58943,-3.78927,0.0],[119.58903,-3.78905,0.0],[119.58985,-3.78738,0.0],[119.592,-3.78854,0.0],[119.59565,-3.79076,0.0],[119.59808,-3.79213,0.0],[119.5985,-3.79216,0.0],[119.59957,-3.79264,0.0],[119.60107,-3.79344,0.0],[119.60163,-3.79329,0.0],[119.60223,-3.79276,0.0],[119.60245,-3.79266,0.0],[119.60357,-3.79044,0.0],[119.60381,-3.79058,0.0],[119.60435,-3.78951,0.0],[119.60468,-3.78964,0.0],[119.60491,-3.78921,0.0],[119.60474,-3.78912,0.0],[119.60558,-3.7873,0.0],[119.60622,-3.78608,0.0],[119.60631,-3.78611,0.0],[119.60735,-3.78409,0.0],[119.60741,-3.7841,0.0],[119.60763,-3.78372,0.0],[119.60809,-3.78276,0.0],[119.60868,-3.78133,0.0],[119.60856,-3.78085,0.0],[119.60865,-3.78068,0.0],[119.60889,-3.78051,0.0],[119.60928,-3.7804,0.0],[119.6094,-3.78021,0.0],[119.61025,-3.78066,0.0],[119.61041,-3.78053,0.0],[119.61087,-3.78075,0.0],[119.61081,-3.78088,0.0],[119.61111,-3.78103,0.0],[119.611,-3.78133,0.0],[119.61183,-3.78178,0.0],[119.61161,-3.78223,0.0],[119.61246,-3.78266,0.0],[119.61227,-3.783,0.0],[119.61359,-3.78367,0.0],[119.61392,-3.78313,0.0],[119.61404,-3.78315,0.0],[119.61418,-3.78291,0.0],[119.6154,-3.78358,0.0],[119.61544,-3.7835,0.0],[119.61565,-3.78359,0.0],[119.61747,-3.77955,0.0],[119.61819,-3.77743,0.0],[119.61942,-3.77738,0.0],[119.62017,-3.77773,0.0],[119.62051,-3.77693,0.0],[119.62036,-3.7768,0.0],[119.62052,-3.77642,0.0],[119.62089,-3.77662,0.0],[119.62122,-3.77581,0.0],[119.62185,-3.77464,0.0],[119.62179,-3.7746,0.0],[119.6226,-3.77306,0.0],[119.62265,-3.77308,0.0],[119.6231,-3.77242,0.0],[119.62375,-3.77129,0.0],[119.62367,-3.77124,0.0],[119.62385,-3.77093,0.0],[119.62377,-3.77087,0.0],[119.62403,-3.77036,0.0],[119.62453,-3.77062,0.0],[119.625,-3.7698,0.0],[119.62539,-3.77001,0.0],[119.62564,-3.76951,0.0],[119.62572,-3.76956,0.0],[119.62699,-3.76713,0.0],[119.62669,-3.76704,0.0],[119.62756,-3.76489,0.0],[119.62845,-3.76318,0.0],[119.62771,-3.76294,0.0],[119.62773,-3.76287,0.0],[119.62513,-3.76176,0.0],[119.62109,-3.75988,0.0],[119.62103,-3.75983,0.0],[119.62106,-3.75964,0.0],[119.61811,-3.7579,0.0],[119.61707,-3.75758,0.0],[119.61473,-3.75649,0.0],[119.61455,-3.75682,0.0],[119.61408,-3.75659,0.0],[119.61273,-3.7593,0.0],[119.61188,-3.75891,0.0],[119.6115,-3.75961,0.0],[119.61075,-3.75919,0.0],[119.6102,-3.75852,0.0],[119.6102,-3.75807,0.0],[119.61009,-3.75772,0.0],[119.61015,-3.75743,0.0],[119.60983,-3.75721,0.0],[119.61007,-3.7568,0.0],[119.60919,-3.75644,0.0],[119.60828,-3.75584,0.0],[119.60784,-3.75634,0.0],[119.60683,-3.7571,0.0],[119.60639,-3.75677,0.0],[119.60598,-3.7574,0.0],[119.6055,-3.75716,0.0],[119.60542,-3.75728,0.0],[119.60493,-3.75719,0.0],[119.60502,-3.75707,0.0],[119.60502,-3.75689,0.0],[119.6046,-3.75647,0.0],[119.60464,-3.75612,0.0],[119.60478,-3.75588,0.0],[119.60527,-3.75573,0.0],[119.60545,-3.75552,0.0],[119.60533,-3.75533,0.0],[119.60466,-3.75515,0.0],[119.60475,-3.75435,0.0],[119.60492,-3.75397,0.0],[119.60493,-3.75369,0.0],[119.60474,-3.75341,0.0],[119.60433,-3.75328,0.0],[119.6042,-3.75316,0.0],[119.60424,-3.75283,0.0],[119.60412,-3.75241,0.0],[119.60429,-3.75186,0.0],[119.60458,-3.75171,0.0],[119.60455,-3.75132,0.0]]]},"properties":{"OBJECTID":87491,"NAMOBJ":"Siparappe","WADMKD":"Siparappe","WADMKC":"Watang Sawitto","KDEPUM":"73.15.04.1008","KDCPUM":"73.15.04","WADMKK":"Pinrang","WADMPR":"Sulawesi Selatan","LUASWH":22.179120130262469,"TIPADM":2,"Status":"Batas Indikatif"}},{"type":"Feature","id":87495,"geometry":{"type":"Polygon","coordinates":[[[119.5988,-3.47827,0.0],[119.59662,-3.47766,0.0],[119.59188,-3.47903,0.0],[119.58834,-3.48074,0.0],[119.58458,-3.48303,0.0],[119.57892,-3.48777,0.0],[119.57521,-3.49296,0.0],[119.57069,-3.49698,0.0],[119.56824,-3.49953,0.0],[119.56689,-3.50169,0.0],[119.56494,-3.50407,0.0],[119.56082,-3.50847,0.0],[119.55975,-3.50921,0.0],[119.55844,-3.5094,0.0],[119.55642,-3.50945,0.0],[119.55028,-3.50916,0.0],[119.54759,-3.50928,0.0],[119.54636,-3.50913,0.0],[119.54412,-3.50929,0.0],[119.54334,-3.50946,0.0],[119.54249,-3.50898,0.0],[119.54212,-3.50863,0.0],[119.54133,-3.50887,0.0],[119.54126,-3.50867,0.0],[119.54097,-3.50872,0.0],[119.54047,-3.5089,0.0],[119.54013,-3.50914,0.0],[119.53982,-3.5092,0.0],[119.53967,-3.50912,0.0],[119.53937,-3.50861,0.0],[119.53701,-3.50862,0.0],[119.53679,-3.50855,0.0],[119.53655,-3.50825,0.0],[119.53635,-3.50825,0.0],[119.53599,-3.5089,0.0],[119.53545,-3.50901,0.0],[119.53421,-3.50875,0.0],[119.53328,-3.50847,0.0],[119.52933,-3.50771,0.0],[119.52735,-3.50744,0.0],[119.5235,-3.50659,0.0],[119.52171,-3.50579,0.0],[119.52099,-3.50571,0.0],[119.52028,-3.50594,0.0],[119.51992,-3.50591,0.0],[119.51987,-3.50687,0.0],[119.51938,-3.5074,0.0],[119.51912,-3.50815,0.0],[119.51946,-3.50892,0.0],[119.51947,-3.50936,0.0],[119.51924,-3.51009,0.0],[119.51972,-3.51175,0.0],[119.51972,-3.51198,0.0],[119.5195,-3.51213,0.0],[119.51866,-3.51213,0.0],[119.51812,-3.51259,0.0],[119.51793,-3.51284,0.0],[119.51794,-3.51355,0.0],[119.51777,-3.51441,0.0],[119.51753,-3.51474,0.0],[119.51721,-3.51483,0.0],[119.517,-3.51518,0.0],[119.51676,-3.5153,0.0],[119.5164,-3.51565,0.0],[119.51564,-3.51618,0.0],[119.51565,-3.51636,0.0],[119.51539,-3.51724,0.0],[119.51504,-3.51743,0.0],[119.51479,-3.51776,0.0],[119.51471,-3.51817,0.0],[119.51428,-3.5188,0.0],[119.51428,-3.51908,0.0],[119.51411,-3.51928,0.0],[119.51347,-3.5196,0.0],[119.51315,-3.52043,0.0],[119.51327,-3.52076,0.0],[119.51291,-3.52148,0.0],[119.51276,-3.522,0.0],[119.51313,-3.52232,0.0],[119.51319,-3.5225,0.0],[119.51297,-3.52291,0.0],[119.51304,-3.52355,0.0],[119.51315,-3.52371,0.0],[119.51305,-3.52391,0.0],[119.51273,-3.52389,0.0],[119.51259,-3.52398,0.0],[119.51241,-3.52461,0.0],[119.51222,-3.5247,0.0],[119.51194,-3.52455,0.0],[119.51176,-3.52458,0.0],[119.51164,-3.52472,0.0],[119.5117,-3.52517,0.0],[119.51197,-3.52568,0.0],[119.51184,-3.5261,0.0],[119.51185,-3.52655,0.0],[119.51243,-3.52657,0.0],[119.51229,-3.52691,0.0],[119.51234,-3.52736,0.0],[119.51271,-3.52802,0.0],[119.51329,-3.52852,0.0],[119.51374,-3.5287,0.0],[119.51545,-3.52857,0.0],[119.51549,-3.5291,0.0],[119.51546,-3.53034,0.0],[119.51514,-3.53112,0.0],[119.51466,-3.53162,0.0],[119.51473,-3.53189,0.0],[119.51456,-3.53234,0.0],[119.51421,-3.53278,0.0],[119.51342,-3.53329,0.0],[119.51346,-3.53351,0.0],[119.51357,-3.53364,0.0],[119.51311,-3.5342,0.0],[119.51318,-3.53544,0.0],[119.5135,-3.53668,0.0],[119.51341,-3.53697,0.0],[119.5129,-3.53701,0.0],[119.51265,-3.5373,0.0],[119.51253,-3.53751,0.0],[119.5126,-3.53809,0.0],[119.51353,-3.5394,0.0],[119.51449,-3.54006,0.0],[119.51488,-3.54053,0.0],[119.51498,-3.54079,0.0],[119.51517,-3.54226,0.0],[119.51559,-3.54332,0.0],[119.51637,-3.54398,0.0],[119.51683,-3.54402,0.0],[119.51683,-3.54468,0.0],[119.51649,-3.54535,0.0],[119.51637,-3.54599,0.0],[119.51696,-3.54659,0.0],[119.51749,-3.54734,0.0],[119.51768,-3.54716,0.0],[119.51808,-3.54729,0.0],[119.51818,-3.54742,0.0],[119.51818,-3.54784,0.0],[119.51838,-3.54808,0.0],[119.51853,-3.54851,0.0],[119.5193,-3.54822,0.0],[119.51942,-3.54896,0.0],[119.51862,-3.5492,0.0],[119.519,-3.55224,0.0],[119.51891,-3.55245,0.0],[119.51935,-3.55291,0.0],[119.51957,-3.55368,0.0],[119.51959,-3.55427,0.0],[119.51968,-3.55452,0.0],[119.51959,-3.55476,0.0],[119.51943,-3.55483,0.0],[119.51837,-3.55499,0.0],[119.51821,-3.55508,0.0],[119.51803,-3.5553,0.0],[119.51798,-3.55597,0.0],[119.51809,-3.55665,0.0],[119.51827,-3.55719,0.0],[119.51902,-3.55827,0.0],[119.51879,-3.5589,0.0],[119.51877,-3.55926,0.0],[119.51935,-3.55962,0.0],[119.51934,-3.55975,0.0],[119.51836,-3.56054,0.0],[119.5184,-3.56101,0.0],[119.51796,-3.56169,0.0],[119.51739,-3.56223,0.0],[119.51745,-3.56239,0.0],[119.51731,-3.5626,0.0],[119.51765,-3.56354,0.0],[119.51807,-3.56405,0.0],[119.51812,-3.565,0.0],[119.51905,-3.56597,0.0],[119.52029,-3.56708,0.0],[119.5213,-3.56753,0.0],[119.52194,-3.56751,0.0],[119.52244,-3.56735,0.0],[119.52298,-3.56689,0.0],[119.52369,-3.56605,0.0],[119.52433,-3.56501,0.0],[119.52482,-3.56357,0.0],[119.5251,-3.5623,0.0],[119.52541,-3.56175,0.0],[119.52571,-3.56142,0.0],[119.52617,-3.56128,0.0],[119.52672,-3.56131,0.0],[119.52733,-3.56165,0.0],[119.52859,-3.56286,0.0],[119.52898,-3.56311,0.0],[119.52938,-3.56315,0.0],[119.52975,-3.56304,0.0],[119.53006,-3.5628,0.0],[119.53045,-3.56173,0.0],[119.53051,-3.55997,0.0],[119.53062,-3.55929,0.0],[119.53093,-3.55867,0.0],[119.5335,-3.55602,0.0],[119.53391,-3.55574,0.0],[119.53496,-3.55548,0.0],[119.53549,-3.55498,0.0],[119.53619,-3.55448,0.0],[119.53682,-3.55448,0.0],[119.53689,-3.55402,0.0],[119.53668,-3.55373,0.0],[119.53581,-3.55305,0.0],[119.53566,-3.55287,0.0],[119.53557,-3.55254,0.0],[119.53593,-3.55227,0.0],[119.53643,-3.55224,0.0],[119.53691,-3.55232,0.0],[119.53733,-3.55244,0.0],[119.53765,-3.55264,0.0],[119.53806,-3.55319,0.0],[119.53824,-3.55312,0.0],[119.53917,-3.55214,0.0],[119.53929,-3.55188,0.0],[119.53929,-3.55109,0.0],[119.53889,-3.5503,0.0],[119.53829,-3.54958,0.0],[119.53826,-3.54914,0.0],[119.53839,-3.54899,0.0],[119.53972,-3.54883,0.0],[119.54027,-3.54858,0.0],[119.54054,-3.5483,0.0],[119.54078,-3.54778,0.0],[119.54096,-3.54652,0.0],[119.54091,-3.54638,0.0],[119.54063,-3.54638,0.0],[119.54052,-3.54628,0.0],[119.54052,-3.54596,0.0],[119.54058,-3.54587,0.0],[119.54076,-3.54584,0.0],[119.54105,-3.54588,0.0],[119.54121,-3.54571,0.0],[119.54121,-3.54553,0.0],[119.54115,-3.54535,0.0],[119.54068,-3.54501,0.0],[119.5406,-3.54466,0.0],[119.54075,-3.54438,0.0],[119.54069,-3.54425,0.0],[119.54039,-3.54415,0.0],[119.54022,-3.54398,0.0],[119.54021,-3.54376,0.0],[119.54046,-3.54255,0.0],[119.54101,-3.54182,0.0],[119.54167,-3.54123,0.0],[119.54179,-3.54003,0.0],[119.54158,-3.53915,0.0],[119.54191,-3.53824,0.0],[119.54234,-3.53756,0.0],[119.54285,-3.53741,0.0],[119.54329,-3.5375,0.0],[119.54484,-3.53738,0.0],[119.54583,-3.53694,0.0],[119.54615,-3.53687,0.0],[119.5469,-3.53698,0.0],[119.54753,-3.53682,0.0],[119.54824,-3.53649,0.0],[119.54948,-3.53619,0.0],[119.55068,-3.53627,0.0],[119.55172,-3.53646,0.0],[119.55284,-3.53701,0.0],[119.55396,-3.53791,0.0],[119.55441,-3.53801,0.0],[119.55468,-3.53789,0.0],[119.55553,-3.53694,0.0],[119.55594,-3.5366,0.0],[119.55826,-3.53581,0.0],[119.56077,-3.53437,0.0],[119.56098,-3.53411,0.0],[119.56112,-3.5335,0.0],[119.561,-3.53251,0.0],[119.56175,-3.53196,0.0],[119.56193,-3.5317,0.0],[119.56193,-3.53143,0.0],[119.56206,-3.53107,0.0],[119.56269,-3.53053,0.0],[119.56357,-3.53008,0.0],[119.56471,-3.52909,0.0],[119.56543,-3.52867,0.0],[119.56615,-3.52781,0.0],[119.56641,-3.52769,0.0],[119.56669,-3.52769,0.0],[119.5676,-3.52786,0.0],[119.56781,-3.52784,0.0],[119.56799,-3.52767,0.0],[119.5681,-3.52741,0.0],[119.56846,-3.52723,0.0],[119.5695,-3.52735,0.0],[119.56985,-3.52755,0.0],[119.57001,-3.52739,0.0],[119.57078,-3.52596,0.0],[119.57108,-3.52581,0.0],[119.57273,-3.52565,0.0],[119.57333,-3.52544,0.0],[119.5756,-3.52506,0.0],[119.57585,-3.52488,0.0],[119.57653,-3.52387,0.0],[119.57675,-3.52336,0.0],[119.57653,-3.52249,0.0],[119.57655,-3.52224,0.0],[119.57685,-3.52192,0.0],[119.57694,-3.52147,0.0],[119.57804,-3.52062,0.0],[119.57835,-3.52004,0.0],[119.5779,-3.51938,0.0],[119.57802,-3.51897,0.0],[119.57918,-3.51861,0.0],[119.57957,-3.51831,0.0],[119.58162,-3.51626,0.0],[119.5818,-3.51588,0.0],[119.58162,-3.51525,0.0],[119.58162,-3.51477,0.0],[119.58218,-3.51424,0.0],[119.58284,-3.51406,0.0],[119.58337,-3.51347,0.0],[119.58394,-3.51335,0.0],[119.58444,-3.51278,0.0],[119.58477,-3.51201,0.0],[119.58471,-3.51112,0.0],[119.58495,-3.51064,0.0],[119.58542,-3.51031,0.0],[119.58605,-3.51022,0.0],[119.58643,-3.50988,0.0],[119.58653,-3.50807,0.0],[119.58688,-3.50757,0.0],[119.58741,-3.50714,0.0],[119.58779,-3.50643,0.0],[119.58764,-3.50583,0.0],[119.58741,-3.50533,0.0],[119.58774,-3.50495,0.0],[119.58891,-3.50433,0.0],[119.58979,-3.50241,0.0],[119.59067,-3.50112,0.0],[119.59124,-3.50069,0.0],[119.59167,-3.5001,0.0],[119.59236,-3.49834,0.0],[119.59278,-3.49777,0.0],[119.59397,-3.49722,0.0],[119.59455,-3.49622,0.0],[119.59521,-3.49453,0.0],[119.59547,-3.49187,0.0],[119.59548,-3.48934,0.0],[119.59498,-3.4873,0.0],[119.59466,-3.48502,0.0],[119.59452,-3.48284,0.0],[119.5947,-3.48177,0.0],[119.5953,-3.48067,0.0],[119.59619,-3.47959,0.0],[119.5978,-3.47838,0.0],[119.5988,-3.47827,0.0]]]},"properties":{"OBJECTID":87495,"NAMOBJ":"Tadokkong","WADMKD":"Tadokkong","WADMKC":"Lembang","KDEPUM":"73.15.07.1001","KDCPUM":"73.15.07","WADMKK":"Pinrang","WADMPR":"Sulawesi Selatan","LUASWH":34.090174548369241,"TIPADM":2,"Status":"Batas Indikatif"}},{"type":"Feature","id":87558,"geometry":{"type":"Polygon","coordinates":[[[119.59332,-3.28628,0.0],[119.59277,-3.28664,0.0],[119.59164,-3.28683,0.0],[119.59069,-3.28731,0.0],[119.59005,-3.28753,0.0],[119.58871,-3.28773,0.0],[119.58817,-3.28757,0.0],[119.58784,-3.28759,0.0],[119.58718,-3.28805,0.0],[119.58677,-3.28823,0.0],[119.58633,-3.28822,0.0],[119.58599,-3.28812,0.0],[119.5857,-3.28785,0.0],[119.58519,-3.28711,0.0],[119.58485,-3.28701,0.0],[119.58468,-3.28706,0.0],[119.58395,-3.28759,0.0],[119.58276,-3.28771,0.0],[119.5825,-3.28781,0.0],[119.58178,-3.28835,0.0],[119.58124,-3.28843,0.0],[119.58028,-3.28827,0.0],[119.57971,-3.2883,0.0],[119.57893,-3.2877,0.0],[119.57853,-3.28752,0.0],[119.57714,-3.28743,0.0],[119.57676,-3.28723,0.0],[119.57606,-3.28661,0.0],[119.57472,-3.28655,0.0],[119.57381,-3.28598,0.0],[119.57343,-3.28592,0.0],[119.57239,-3.28595,0.0],[119.57178,-3.28577,0.0],[119.57156,-3.28552,0.0],[119.5711,-3.28438,0.0],[119.56989,-3.28244,0.0],[119.56977,-3.28211,0.0],[119.56979,-3.28177,0.0],[119.56925,-3.28044,0.0],[119.56921,-3.27955,0.0],[119.5696,-3.27849,0.0],[119.5696,-3.27818,0.0],[119.56951,-3.27808,0.0],[119.56926,-3.27803,0.0],[119.56865,-3.27826,0.0],[119.56821,-3.27827,0.0],[119.56795,-3.27812,0.0],[119.56781,-3.27786,0.0],[119.56791,-3.27731,0.0],[119.56833,-3.27664,0.0],[119.56823,-3.27631,0.0],[119.56802,-3.27617,0.0],[119.56782,-3.27618,0.0],[119.56721,-3.27687,0.0],[119.56703,-3.27695,0.0],[119.56681,-3.2769,0.0],[119.56664,-3.27668,0.0],[119.56637,-3.27596,0.0],[119.56606,-3.27565,0.0],[119.56469,-3.27518,0.0],[119.56418,-3.27483,0.0],[119.56398,-3.27438,0.0],[119.56392,-3.27355,0.0],[119.56378,-3.27332,0.0],[119.56346,-3.2733,0.0],[119.56273,-3.27376,0.0],[119.56226,-3.27371,0.0],[119.56155,-3.27246,0.0],[119.56017,-3.27071,0.0],[119.55964,-3.27041,0.0],[119.55881,-3.27016,0.0],[119.55787,-3.26954,0.0],[119.55764,-3.26958,0.0],[119.55729,-3.26978,0.0],[119.55681,-3.27036,0.0],[119.55644,-3.27056,0.0],[119.55597,-3.27056,0.0],[119.55561,-3.2704,0.0],[119.5552,-3.27004,0.0],[119.55478,-3.27001,0.0],[119.55389,-3.27123,0.0],[119.55345,-3.27206,0.0],[119.55321,-3.27226,0.0],[119.55269,-3.27243,0.0],[119.55235,-3.27243,0.0],[119.55206,-3.27228,0.0],[119.55101,-3.27155,0.0],[119.55047,-3.27101,0.0],[119.54987,-3.27089,0.0],[119.54941,-3.271,0.0],[119.54907,-3.27117,0.0],[119.54876,-3.27177,0.0],[119.54838,-3.27223,0.0],[119.54765,-3.27272,0.0],[119.54739,-3.27277,0.0],[119.54639,-3.2726,0.0],[119.54554,-3.2729,0.0],[119.54487,-3.27283,0.0],[119.54353,-3.27295,0.0],[119.54297,-3.27318,0.0],[119.54228,-3.2736,0.0],[119.5418,-3.27356,0.0],[119.54151,-3.27366,0.0],[119.54107,-3.27448,0.0],[119.54049,-3.27474,0.0],[119.53983,-3.27467,0.0],[119.53895,-3.27433,0.0],[119.53812,-3.27424,0.0],[119.53732,-3.27381,0.0],[119.53681,-3.27365,0.0],[119.535,-3.27348,0.0],[119.53428,-3.27349,0.0],[119.53387,-3.2737,0.0],[119.53351,-3.2743,0.0],[119.53257,-3.27472,0.0],[119.53205,-3.27515,0.0],[119.53182,-3.2751,0.0],[119.53125,-3.27473,0.0],[119.5308,-3.27479,0.0],[119.52943,-3.27468,0.0],[119.52858,-3.27447,0.0],[119.52835,-3.27453,0.0],[119.52795,-3.27499,0.0],[119.52742,-3.27648,0.0],[119.52698,-3.27714,0.0],[119.52676,-3.27782,0.0],[119.52654,-3.27806,0.0],[119.52623,-3.27811,0.0],[119.52584,-3.27798,0.0],[119.52536,-3.27765,0.0],[119.52502,-3.27716,0.0],[119.52462,-3.27713,0.0],[119.52398,-3.27673,0.0],[119.52371,-3.27668,0.0],[119.52336,-3.27671,0.0],[119.52207,-3.27709,0.0],[119.52172,-3.27722,0.0],[119.52124,-3.2776,0.0],[119.52088,-3.27773,0.0],[119.52019,-3.27776,0.0],[119.51991,-3.27794,0.0],[119.51973,-3.27869,0.0],[119.51897,-3.27962,0.0],[119.51892,-3.28084,0.0],[119.51878,-3.28166,0.0],[119.51891,-3.28261,0.0],[119.51842,-3.28392,0.0],[119.51839,-3.28426,0.0],[119.51844,-3.28559,0.0],[119.5186,-3.28623,0.0],[119.51864,-3.28703,0.0],[119.51911,-3.28794,0.0],[119.51919,-3.28834,0.0],[119.51898,-3.28947,0.0],[119.51858,-3.29082,0.0],[119.51848,-3.29143,0.0],[119.51864,-3.29202,0.0],[119.51857,-3.29296,0.0],[119.51881,-3.29465,0.0],[119.51871,-3.29558,0.0],[119.51891,-3.29641,0.0],[119.51861,-3.29779,0.0],[119.51857,-3.29831,0.0],[119.51876,-3.29869,0.0],[119.51867,-3.29932,0.0],[119.51892,-3.29989,0.0],[119.51899,-3.30041,0.0],[119.5192,-3.30097,0.0],[119.51907,-3.30162,0.0],[119.51915,-3.30227,0.0],[119.51882,-3.30308,0.0],[119.5188,-3.30334,0.0],[119.51886,-3.30348,0.0],[119.51942,-3.30394,0.0],[119.51972,-3.30456,0.0],[119.51962,-3.30479,0.0],[119.51895,-3.30527,0.0],[119.51849,-3.30623,0.0],[119.51854,-3.30655,0.0],[119.51916,-3.30763,0.0],[119.52057,-3.30924,0.0],[119.52067,-3.30963,0.0],[119.51985,-3.31021,0.0],[119.51965,-3.31073,0.0],[119.51938,-3.311,0.0],[119.51937,-3.31127,0.0],[119.51944,-3.31141,0.0],[119.51912,-3.31172,0.0],[119.51784,-3.31216,0.0],[119.51736,-3.31216,0.0],[119.51646,-3.31238,0.0],[119.51626,-3.31189,0.0],[119.51596,-3.3116,0.0],[119.51552,-3.3115,0.0],[119.51465,-3.31158,0.0],[119.51405,-3.31134,0.0],[119.5119,-3.31161,0.0],[119.5116,-3.31172,0.0],[119.51097,-3.31215,0.0],[119.5105,-3.31224,0.0],[119.50981,-3.31208,0.0],[119.50955,-3.31189,0.0],[119.50848,-3.31154,0.0],[119.50814,-3.31165,0.0],[119.50782,-3.31197,0.0],[119.50752,-3.312,0.0],[119.50723,-3.31188,0.0],[119.50696,-3.31143,0.0],[119.5067,-3.31128,0.0],[119.50587,-3.31143,0.0],[119.50554,-3.31165,0.0],[119.50533,-3.31202,0.0],[119.505,-3.3123,0.0],[119.5046,-3.31304,0.0],[119.50441,-3.31361,0.0],[119.50363,-3.31364,0.0],[119.50287,-3.31394,0.0],[119.50264,-3.31417,0.0],[119.50236,-3.31468,0.0],[119.50193,-3.31512,0.0],[119.5019,-3.31539,0.0],[119.50163,-3.31554,0.0],[119.50124,-3.31559,0.0],[119.4996,-3.31409,0.0],[119.49932,-3.31367,0.0],[119.49873,-3.31307,0.0],[119.49845,-3.3125,0.0],[119.49657,-3.31758,0.0],[119.49589,-3.32054,0.0],[119.49568,-3.32111,0.0],[119.49294,-3.3271,0.0],[119.49275,-3.32821,0.0],[119.49274,-3.32911,0.0],[119.49302,-3.33257,0.0],[119.49327,-3.33463,0.0],[119.49288,-3.33664,0.0],[119.49151,-3.33929,0.0],[119.49086,-3.3423,0.0],[119.49007,-3.34462,0.0],[119.48875,-3.34718,0.0],[119.48661,-3.34732,0.0],[119.48521,-3.34711,0.0],[119.48388,-3.34618,0.0],[119.48245,-3.34538,0.0],[119.48269,-3.3466,0.0],[119.48397,-3.35047,0.0],[119.48451,-3.35175,0.0],[119.48532,-3.35406,0.0],[119.48654,-3.35613,0.0],[119.48693,-3.35816,0.0],[119.4872,-3.35894,0.0],[119.48805,-3.36304,0.0],[119.48834,-3.36593,0.0],[119.4885,-3.36689,0.0],[119.48923,-3.36771,0.0],[119.48975,-3.36866,0.0],[119.49119,-3.37197,0.0],[119.49602,-3.38488,0.0],[119.49778,-3.38928,0.0],[119.50104,-3.39325,0.0],[119.50333,-3.39648,0.0],[119.50525,-3.39679,0.0],[119.50816,-3.39417,0.0],[119.51074,-3.38964,0.0],[119.51256,-3.38726,0.0],[119.51471,-3.38478,0.0],[119.51679,-3.38413,0.0],[119.51722,-3.38359,0.0],[119.51793,-3.38323,0.0],[119.51857,-3.38302,0.0],[119.51932,-3.38309,0.0],[119.51989,-3.38361,0.0],[119.5201,-3.38403,0.0],[119.5205,-3.38432,0.0],[119.52091,-3.38439,0.0],[119.52131,-3.38408,0.0],[119.52231,-3.38144,0.0],[119.52305,-3.3787,0.0],[119.52319,-3.37773,0.0],[119.52369,-3.37704,0.0],[119.52429,-3.37673,0.0],[119.52472,-3.37623,0.0],[119.52529,-3.37583,0.0],[119.52622,-3.37437,0.0],[119.52676,-3.3738,0.0],[119.52757,-3.37315,0.0],[119.52787,-3.37269,0.0],[119.52793,-3.37229,0.0],[119.52769,-3.37203,0.0],[119.52764,-3.37173,0.0],[119.5277,-3.3715,0.0],[119.52843,-3.37118,0.0],[119.52856,-3.37102,0.0],[119.52873,-3.37053,0.0],[119.52903,-3.37046,0.0],[119.53023,-3.37045,0.0],[119.53076,-3.36969,0.0],[119.53118,-3.36943,0.0],[119.53151,-3.36941,0.0],[119.532,-3.36965,0.0],[119.53225,-3.36969,0.0],[119.53244,-3.36949,0.0],[119.53251,-3.36856,0.0],[119.53274,-3.36843,0.0],[119.53333,-3.36839,0.0],[119.53438,-3.36766,0.0],[119.53452,-3.36781,0.0],[119.53467,-3.36831,0.0],[119.53488,-3.36831,0.0],[119.5353,-3.3681,0.0],[119.53557,-3.36765,0.0],[119.53621,-3.3679,0.0],[119.53638,-3.36812,0.0],[119.53787,-3.36859,0.0],[119.5387,-3.36903,0.0],[119.53925,-3.36898,0.0],[119.54176,-3.37045,0.0],[119.54333,-3.37155,0.0],[119.54351,-3.37157,0.0],[119.54406,-3.37128,0.0],[119.5444,-3.37131,0.0],[119.54506,-3.37159,0.0],[119.54566,-3.37169,0.0],[119.54678,-3.37255,0.0],[119.54668,-3.37301,0.0],[119.5465,-3.37325,0.0],[119.54648,-3.37369,0.0],[119.54633,-3.37419,0.0],[119.54666,-3.37456,0.0],[119.5474,-3.37516,0.0],[119.54741,-3.37548,0.0],[119.54721,-3.37616,0.0],[119.54731,-3.37633,0.0],[119.5474,-3.37766,0.0],[119.54754,-3.37805,0.0],[119.5475,-3.37838,0.0],[119.54764,-3.3807,0.0],[119.54788,-3.38076,0.0],[119.54819,-3.38097,0.0],[119.54849,-3.38161,0.0],[119.54855,-3.38211,0.0],[119.54874,-3.3827,0.0],[119.54935,-3.38394,0.0],[119.54985,-3.3844,0.0],[119.55041,-3.38466,0.0],[119.55084,-3.38473,0.0],[119.55312,-3.37961,0.0],[119.55487,-3.37316,0.0],[119.55847,-3.36326,0.0],[119.55837,-3.35564,0.0],[119.56508,-3.35346,0.0],[119.56722,-3.35333,0.0],[119.56983,-3.35329,0.0],[119.5745,-3.35187,0.0],[119.57707,-3.35054,0.0],[119.57965,-3.34721,0.0],[119.58325,-3.33666,0.0],[119.58509,-3.3293,0.0],[119.58844,-3.32062,0.0],[119.59122,-3.3147,0.0],[119.59297,-3.30553,0.0],[119.59461,-3.29493,0.0],[119.5938,-3.2877,0.0],[119.59332,-3.28628,0.0]]]},"properties":{"OBJECTID":87558,"NAMOBJ":"Lembang Mesakada","WADMKD":"Lembang Mesakada","WADMKC":"Lembang","KDEPUM":"73.15.07.2012","KDCPUM":"73.15.07","WADMKK":"Pinrang","WADMPR":"Sulawesi Selatan","LUASWH":100.328022163442,"TIPADM":1,"Status":"Batas Indikatif"}},{"type":"Feature","id":87594,"geometry":{"type":"Polygon","coordinates":[[[119.619,-3.49704,0.0],[119.61582,-3.49459,0.0],[119.61458,-3.49459,0.0],[119.61243,-3.49373,0.0],[119.60997,-3.49219,0.0],[119.60865,-3.49077,0.0],[119.60769,-3.48891,0.0],[119.60669,-3.48752,0.0],[119.60633,-3.4863,0.0],[119.60633,-3.48534,0.0],[119.60615,-3.48431,0.0],[119.60583,-3.48373,0.0],[119.60262,-3.48049,0.0],[119.59973,-3.47863,0.0],[119.5988,-3.47827,0.0],[119.5978,-3.47838,0.0],[119.59712,-3.47884,0.0],[119.59619,-3.47959,0.0],[119.5953,-3.48067,0.0],[119.5947,-3.48177,0.0],[119.59452,-3.48284,0.0],[119.59466,-3.48502,0.0],[119.59498,-3.4873,0.0],[119.59548,-3.48934,0.0],[119.59547,-3.49187,0.0],[119.59521,-3.49453,0.0],[119.59455,-3.49622,0.0],[119.59397,-3.49722,0.0],[119.59278,-3.49777,0.0],[119.59236,-3.49834,0.0],[119.59167,-3.5001,0.0],[119.59124,-3.50069,0.0],[119.59067,-3.50112,0.0],[119.58979,-3.50241,0.0],[119.58891,-3.50433,0.0],[119.58774,-3.50495,0.0],[119.58741,-3.50533,0.0],[119.58764,-3.50583,0.0],[119.58779,-3.50643,0.0],[119.58741,-3.50714,0.0],[119.58688,-3.50757,0.0],[119.58653,-3.50807,0.0],[119.58643,-3.50988,0.0],[119.58605,-3.51022,0.0],[119.58542,-3.51031,0.0],[119.58495,-3.51064,0.0],[119.58471,-3.51112,0.0],[119.58477,-3.51201,0.0],[119.58444,-3.51278,0.0],[119.58394,-3.51335,0.0],[119.58337,-3.51347,0.0],[119.58284,-3.51406,0.0],[119.58218,-3.51424,0.0],[119.58162,-3.51477,0.0],[119.58162,-3.51525,0.0],[119.5818,-3.51588,0.0],[119.58162,-3.51626,0.0],[119.57957,-3.51831,0.0],[119.57918,-3.51861,0.0],[119.57802,-3.51897,0.0],[119.5779,-3.51938,0.0],[119.57835,-3.52004,0.0],[119.57804,-3.52062,0.0],[119.57694,-3.52147,0.0],[119.57685,-3.52192,0.0],[119.57655,-3.52224,0.0],[119.57653,-3.52249,0.0],[119.57675,-3.52336,0.0],[119.57653,-3.52387,0.0],[119.57585,-3.52488,0.0],[119.5756,-3.52506,0.0],[119.57333,-3.52544,0.0],[119.57273,-3.52565,0.0],[119.57108,-3.52581,0.0],[119.57078,-3.52596,0.0],[119.57001,-3.52739,0.0],[119.56985,-3.52755,0.0],[119.5695,-3.52735,0.0],[119.56846,-3.52723,0.0],[119.5681,-3.52741,0.0],[119.56799,-3.52767,0.0],[119.56781,-3.52784,0.0],[119.5676,-3.52786,0.0],[119.56669,-3.52769,0.0],[119.56641,-3.52769,0.0],[119.56615,-3.52781,0.0],[119.56543,-3.52867,0.0],[119.56471,-3.52909,0.0],[119.56357,-3.53008,0.0],[119.56269,-3.53053,0.0],[119.56206,-3.53107,0.0],[119.56193,-3.53143,0.0],[119.56193,-3.5317,0.0],[119.56175,-3.53196,0.0],[119.561,-3.53251,0.0],[119.56112,-3.5335,0.0],[119.56098,-3.53411,0.0],[119.56077,-3.53437,0.0],[119.55826,-3.53581,0.0],[119.55594,-3.5366,0.0],[119.55553,-3.53694,0.0],[119.55468,-3.53789,0.0],[119.55441,-3.53801,0.0],[119.55396,-3.53791,0.0],[119.55284,-3.53701,0.0],[119.55172,-3.53646,0.0],[119.55068,-3.53627,0.0],[119.54948,-3.53619,0.0],[119.54824,-3.53649,0.0],[119.54753,-3.53682,0.0],[119.5469,-3.53698,0.0],[119.54615,-3.53687,0.0],[119.54583,-3.53694,0.0],[119.54484,-3.53738,0.0],[119.54329,-3.5375,0.0],[119.54285,-3.53741,0.0],[119.54234,-3.53756,0.0],[119.54191,-3.53824,0.0],[119.54158,-3.53915,0.0],[119.54179,-3.54003,0.0],[119.54167,-3.54123,0.0],[119.54101,-3.54182,0.0],[119.54046,-3.54255,0.0],[119.54021,-3.54376,0.0],[119.54022,-3.54398,0.0],[119.54039,-3.54415,0.0],[119.54069,-3.54425,0.0],[119.54075,-3.54438,0.0],[119.5406,-3.54466,0.0],[119.54068,-3.54501,0.0],[119.54115,-3.54535,0.0],[119.54121,-3.54553,0.0],[119.54121,-3.54571,0.0],[119.54105,-3.54588,0.0],[119.54076,-3.54584,0.0],[119.54058,-3.54587,0.0],[119.54052,-3.54596,0.0],[119.54052,-3.54628,0.0],[119.54063,-3.54638,0.0],[119.54091,-3.54638,0.0],[119.54096,-3.54652,0.0],[119.54078,-3.54778,0.0],[119.54054,-3.5483,0.0],[119.54027,-3.54858,0.0],[119.53972,-3.54883,0.0],[119.53839,-3.54899,0.0],[119.53826,-3.54914,0.0],[119.53829,-3.54958,0.0],[119.53889,-3.5503,0.0],[119.53929,-3.55109,0.0],[119.53929,-3.55188,0.0],[119.53917,-3.55214,0.0],[119.53824,-3.55312,0.0],[119.53806,-3.55319,0.0],[119.53765,-3.55264,0.0],[119.53733,-3.55244,0.0],[119.53691,-3.55232,0.0],[119.53643,-3.55224,0.0],[119.53593,-3.55227,0.0],[119.53557,-3.55254,0.0],[119.53566,-3.55287,0.0],[119.53581,-3.55305,0.0],[119.53668,-3.55373,0.0],[119.53689,-3.55402,0.0],[119.53682,-3.55448,0.0],[119.53711,-3.55459,0.0],[119.53731,-3.5549,0.0],[119.53737,-3.55528,0.0],[119.53728,-3.55572,0.0],[119.53696,-3.5562,0.0],[119.53701,-3.55687,0.0],[119.53718,-3.55706,0.0],[119.53754,-3.55712,0.0],[119.53904,-3.55667,0.0],[119.5398,-3.55658,0.0],[119.54188,-3.557,0.0],[119.54293,-3.55714,0.0],[119.54337,-3.55734,0.0],[119.54338,-3.55742,0.0],[119.54385,-3.55711,0.0],[119.54397,-3.55721,0.0],[119.54394,-3.55736,0.0],[119.54404,-3.55756,0.0],[119.54513,-3.55752,0.0],[119.54535,-3.55768,0.0],[119.5455,-3.55768,0.0],[119.54591,-3.55749,0.0],[119.54595,-3.55718,0.0],[119.54539,-3.55605,0.0],[119.54538,-3.55591,0.0],[119.54556,-3.55567,0.0],[119.54606,-3.55539,0.0],[119.54646,-3.55538,0.0],[119.54677,-3.5557,0.0],[119.54685,-3.55618,0.0],[119.54715,-3.55658,0.0],[119.54744,-3.5566,0.0],[119.5478,-3.5563,0.0],[119.54819,-3.55625,0.0],[119.54879,-3.55639,0.0],[119.54928,-3.55672,0.0],[119.54934,-3.55685,0.0],[119.54927,-3.55734,0.0],[119.54943,-3.55761,0.0],[119.54947,-3.5581,0.0],[119.54968,-3.55861,0.0],[119.54999,-3.55877,0.0],[119.55028,-3.55861,0.0],[119.55049,-3.55829,0.0],[119.55043,-3.55808,0.0],[119.5499,-3.55742,0.0],[119.54988,-3.55714,0.0],[119.55048,-3.55609,0.0],[119.55118,-3.5556,0.0],[119.55135,-3.55537,0.0],[119.55153,-3.55537,0.0],[119.55239,-3.55606,0.0],[119.55256,-3.55601,0.0],[119.55295,-3.5557,0.0],[119.55334,-3.55561,0.0],[119.55398,-3.55574,0.0],[119.55443,-3.55601,0.0],[119.55546,-3.55622,0.0],[119.55562,-3.55612,0.0],[119.55556,-3.5558,0.0],[119.55574,-3.55561,0.0],[119.55595,-3.55559,0.0],[119.55635,-3.55532,0.0],[119.55697,-3.55514,0.0],[119.55733,-3.55513,0.0],[119.55763,-3.55499,0.0],[119.55818,-3.55503,0.0],[119.55888,-3.55483,0.0],[119.55971,-3.55502,0.0],[119.56057,-3.55474,0.0],[119.56191,-3.55477,0.0],[119.56261,-3.5547,0.0],[119.56345,-3.55517,0.0],[119.56408,-3.55524,0.0],[119.56455,-3.55546,0.0],[119.56509,-3.55583,0.0],[119.56535,-3.55589,0.0],[119.56635,-3.55569,0.0],[119.56669,-3.5559,0.0],[119.56705,-3.55634,0.0],[119.56808,-3.55701,0.0],[119.56842,-3.55733,0.0],[119.56865,-3.5578,0.0],[119.56889,-3.55806,0.0],[119.56922,-3.55819,0.0],[119.57006,-3.55753,0.0],[119.57049,-3.55736,0.0],[119.57093,-3.557,0.0],[119.5712,-3.55579,0.0],[119.57199,-3.5545,0.0],[119.57174,-3.55413,0.0],[119.57123,-3.5541,0.0],[119.57106,-3.554,0.0],[119.57092,-3.55377,0.0],[119.57103,-3.55315,0.0],[119.57132,-3.55232,0.0],[119.57156,-3.55199,0.0],[119.5721,-3.55182,0.0],[119.57243,-3.55146,0.0],[119.57224,-3.55075,0.0],[119.57174,-3.54979,0.0],[119.57114,-3.54888,0.0],[119.57047,-3.54861,0.0],[119.57016,-3.54833,0.0],[119.57,-3.54768,0.0],[119.57009,-3.54735,0.0],[119.56946,-3.54704,0.0],[119.56889,-3.54705,0.0],[119.56875,-3.54679,0.0],[119.56896,-3.54632,0.0],[119.56855,-3.54606,0.0],[119.56853,-3.54585,0.0],[119.57122,-3.54393,0.0],[119.5725,-3.54265,0.0],[119.57369,-3.54186,0.0],[119.57533,-3.54115,0.0],[119.58008,-3.53986,0.0],[119.58171,-3.53968,0.0],[119.5862,-3.54022,0.0],[119.58906,-3.53996,0.0],[119.59445,-3.53983,0.0],[119.59621,-3.53961,0.0],[119.59729,-3.53938,0.0],[119.59842,-3.53945,0.0],[119.59998,-3.53913,0.0],[119.60307,-3.5388,0.0],[119.60423,-3.53835,0.0],[119.60807,-3.53741,0.0],[119.61277,-3.53747,0.0],[119.61426,-3.53781,0.0],[119.61826,-3.53745,0.0],[119.61984,-3.53722,0.0],[119.62067,-3.53703,0.0],[119.62112,-3.53676,0.0],[119.62201,-3.53564,0.0],[119.62297,-3.53392,0.0],[119.62315,-3.5334,0.0],[119.62335,-3.53212,0.0],[119.62338,-3.53041,0.0],[119.62324,-3.52821,0.0],[119.62311,-3.527,0.0],[119.62295,-3.52631,0.0],[119.62301,-3.52603,0.0],[119.62315,-3.52591,0.0],[119.62352,-3.52587,0.0],[119.62389,-3.52547,0.0],[119.62396,-3.52472,0.0],[119.62393,-3.52338,0.0],[119.62433,-3.52195,0.0],[119.62499,-3.51746,0.0],[119.62751,-3.51142,0.0],[119.62978,-3.50646,0.0],[119.62892,-3.50541,0.0],[119.62531,-3.50241,0.0],[119.62416,-3.50179,0.0],[119.62274,-3.50027,0.0],[119.61993,-3.49775,0.0],[119.619,-3.49704,0.0]]]},"properties":{"OBJECTID":87594,"NAMOBJ":"Pakeng","WADMKD":"Pakeng","WADMKC":"Lembang","KDEPUM":"73.15.07.2011","KDCPUM":"73.15.07","WADMKK":"Pinrang","WADMPR":"Sulawesi Selatan","LUASWH":34.506343587132626,"TIPADM":1,"Status":"Batas Indikatif"}},{"type":"Feature","id":87679,"geometry":{"type":"Polygon","coordinates":[[[119.59104,-3.62861,0.0],[119.58782,-3.62828,0.0],[119.58623,-3.62837,0.0],[119.58475,-3.62826,0.0],[119.58316,-3.62832,0.0],[119.58274,-3.62825,0.0],[119.58216,-3.62795,0.0],[119.58159,-3.62796,0.0],[119.58128,-3.62787,0.0],[119.58078,-3.62755,0.0],[119.57992,-3.62724,0.0],[119.57966,-3.62724,0.0],[119.57928,-3.62737,0.0],[119.57892,-3.6277,0.0],[119.57866,-3.62779,0.0],[119.57824,-3.62775,0.0],[119.57792,-3.62755,0.0],[119.57721,-3.62627,0.0],[119.57623,-3.62631,0.0],[119.57436,-3.62613,0.0],[119.574,-3.6259,0.0],[119.57354,-3.62513,0.0],[119.57331,-3.62502,0.0],[119.57257,-3.62514,0.0],[119.57102,-3.62588,0.0],[119.57077,-3.62611,0.0],[119.57063,-3.62671,0.0],[119.56983,-3.62682,0.0],[119.56927,-3.62712,0.0],[119.56901,-3.62716,0.0],[119.56867,-3.62708,0.0],[119.56768,-3.62796,0.0],[119.56699,-3.62845,0.0],[119.56667,-3.62881,0.0],[119.56639,-3.6294,0.0],[119.5662,-3.62963,0.0],[119.56507,-3.62978,0.0],[119.56428,-3.63028,0.0],[119.56401,-3.63036,0.0],[119.56175,-3.62978,0.0],[119.5611,-3.62947,0.0],[119.5603,-3.62887,0.0],[119.56018,-3.62854,0.0],[119.56018,-3.62813,0.0],[119.56043,-3.62797,0.0],[119.56188,-3.62777,0.0],[119.56204,-3.62735,0.0],[119.56197,-3.62713,0.0],[119.56181,-3.62698,0.0],[119.56153,-3.62683,0.0],[119.56122,-3.62683,0.0],[119.56084,-3.62668,0.0],[119.5602,-3.62601,0.0],[119.55978,-3.62631,0.0],[119.5594,-3.62691,0.0],[119.55893,-3.62745,0.0],[119.55875,-3.62753,0.0],[119.55848,-3.62745,0.0],[119.55831,-3.62719,0.0],[119.55819,-3.62626,0.0],[119.55802,-3.62576,0.0],[119.55778,-3.62555,0.0],[119.55631,-3.62515,0.0],[119.55604,-3.6252,0.0],[119.55568,-3.626,0.0],[119.55535,-3.6262,0.0],[119.55402,-3.62672,0.0],[119.55372,-3.62712,0.0],[119.55333,-3.6274,0.0],[119.55282,-3.6276,0.0],[119.5519,-3.62774,0.0],[119.55156,-3.62787,0.0],[119.55017,-3.6279,0.0],[119.54768,-3.62751,0.0],[119.54643,-3.62658,0.0],[119.54524,-3.62635,0.0],[119.5448,-3.62582,0.0],[119.54437,-3.62565,0.0],[119.54177,-3.62559,0.0],[119.54134,-3.62548,0.0],[119.54112,-3.62529,0.0],[119.54049,-3.62408,0.0],[119.53999,-3.6234,0.0],[119.53966,-3.62349,0.0],[119.53899,-3.62344,0.0],[119.53894,-3.62422,0.0],[119.53823,-3.62431,0.0],[119.53829,-3.62513,0.0],[119.53769,-3.62515,0.0],[119.53748,-3.6253,0.0],[119.5367,-3.62514,0.0],[119.53582,-3.62463,0.0],[119.53561,-3.62497,0.0],[119.53408,-3.62421,0.0],[119.53365,-3.62545,0.0],[119.53252,-3.62492,0.0],[119.53225,-3.62467,0.0],[119.53126,-3.62434,0.0],[119.53124,-3.62421,0.0],[119.52959,-3.62355,0.0],[119.52949,-3.62379,0.0],[119.52791,-3.6233,0.0],[119.52784,-3.62359,0.0],[119.52652,-3.62337,0.0],[119.52658,-3.62389,0.0],[119.52451,-3.62426,0.0],[119.52357,-3.62473,0.0],[119.52333,-3.62473,0.0],[119.52275,-3.62448,0.0],[119.52207,-3.62396,0.0],[119.5222,-3.62365,0.0],[119.5216,-3.6233,0.0],[119.52124,-3.62392,0.0],[119.52098,-3.62375,0.0],[119.51997,-3.62532,0.0],[119.51849,-3.62451,0.0],[119.51781,-3.62542,0.0],[119.51717,-3.62512,0.0],[119.51645,-3.62646,0.0],[119.51403,-3.62549,0.0],[119.51228,-3.62889,0.0],[119.51158,-3.6286,0.0],[119.5112,-3.62854,0.0],[119.51042,-3.62863,0.0],[119.50858,-3.62807,0.0],[119.50682,-3.62778,0.0],[119.50564,-3.62793,0.0],[119.50477,-3.62721,0.0],[119.50451,-3.6266,0.0],[119.50422,-3.62615,0.0],[119.50317,-3.62613,0.0],[119.5027,-3.62561,0.0],[119.50145,-3.62558,0.0],[119.5006,-3.62684,0.0],[119.49936,-3.62764,0.0],[119.49883,-3.62823,0.0],[119.49843,-3.62945,0.0],[119.49797,-3.63206,0.0],[119.49764,-3.63217,0.0],[119.49717,-3.63216,0.0],[119.49665,-3.63192,0.0],[119.49584,-3.63181,0.0],[119.49454,-3.63223,0.0],[119.4934,-3.63208,0.0],[119.49254,-3.63185,0.0],[119.4922,-3.63185,0.0],[119.49181,-3.63219,0.0],[119.49162,-3.6327,0.0],[119.49138,-3.63306,0.0],[119.49021,-3.63335,0.0],[119.48983,-3.63357,0.0],[119.48956,-3.63393,0.0],[119.48919,-3.63505,0.0],[119.48877,-3.63557,0.0],[119.48837,-3.63587,0.0],[119.48775,-3.63602,0.0],[119.48731,-3.6363,0.0],[119.48717,-3.63655,0.0],[119.48718,-3.63736,0.0],[119.48696,-3.63762,0.0],[119.48615,-3.63808,0.0],[119.48568,-3.63862,0.0],[119.48511,-3.63956,0.0],[119.48392,-3.63991,0.0],[119.48325,-3.64002,0.0],[119.48245,-3.63994,0.0],[119.48187,-3.63907,0.0],[119.48136,-3.63683,0.0],[119.48115,-3.63627,0.0],[119.48067,-3.63571,0.0],[119.48022,-3.63567,0.0],[119.47943,-3.63582,0.0],[119.47893,-3.63601,0.0],[119.47919,-3.63675,0.0],[119.47905,-3.63723,0.0],[119.47837,-3.63828,0.0],[119.47819,-3.63949,0.0],[119.47854,-3.64044,0.0],[119.47882,-3.64265,0.0],[119.47869,-3.64331,0.0],[119.47804,-3.64545,0.0],[119.47764,-3.6465,0.0],[119.47764,-3.64827,0.0],[119.47776,-3.64863,0.0],[119.47831,-3.6487,0.0],[119.47885,-3.64858,0.0],[119.47926,-3.6488,0.0],[119.47976,-3.64884,0.0],[119.48049,-3.64867,0.0],[119.48071,-3.64872,0.0],[119.48138,-3.64919,0.0],[119.48131,-3.65102,0.0],[119.48168,-3.6509,0.0],[119.4846,-3.65042,0.0],[119.48481,-3.65057,0.0],[119.48511,-3.65119,0.0],[119.4855,-3.65242,0.0],[119.48569,-3.65259,0.0],[119.48593,-3.65267,0.0],[119.48787,-3.65258,0.0],[119.48825,-3.65271,0.0],[119.48919,-3.65328,0.0],[119.48955,-3.65352,0.0],[119.49052,-3.65554,0.0],[119.49206,-3.65844,0.0],[119.49329,-3.6593,0.0],[119.49312,-3.65968,0.0],[119.49486,-3.66092,0.0],[119.49572,-3.66134,0.0],[119.4962,-3.66081,0.0],[119.49635,-3.6608,0.0],[119.49798,-3.662,0.0],[119.49817,-3.66191,0.0],[119.49953,-3.66285,0.0],[119.49986,-3.66211,0.0],[119.5016,-3.65682,0.0],[119.50242,-3.65494,0.0],[119.50393,-3.65196,0.0],[119.50413,-3.64929,0.0],[119.50433,-3.6479,0.0],[119.50459,-3.64744,0.0],[119.50504,-3.64627,0.0],[119.50546,-3.6451,0.0],[119.50556,-3.64456,0.0],[119.50545,-3.64387,0.0],[119.50495,-3.64351,0.0],[119.50529,-3.64293,0.0],[119.50546,-3.64281,0.0],[119.5063,-3.6432,0.0],[119.50666,-3.64319,0.0],[119.50743,-3.64291,0.0],[119.50781,-3.64243,0.0],[119.50807,-3.64242,0.0],[119.50831,-3.64246,0.0],[119.50889,-3.64279,0.0],[119.50982,-3.64287,0.0],[119.5102,-3.64307,0.0],[119.51044,-3.64283,0.0],[119.51063,-3.64282,0.0],[119.51106,-3.64309,0.0],[119.51108,-3.64362,0.0],[119.51083,-3.64431,0.0],[119.51102,-3.64574,0.0],[119.51085,-3.64667,0.0],[119.51093,-3.64724,0.0],[119.51078,-3.64822,0.0],[119.51135,-3.64891,0.0],[119.51187,-3.64923,0.0],[119.51196,-3.64927,0.0],[119.51213,-3.64891,0.0],[119.51265,-3.64857,0.0],[119.51376,-3.64825,0.0],[119.51431,-3.64823,0.0],[119.51762,-3.64915,0.0],[119.52044,-3.65006,0.0],[119.52198,-3.65171,0.0],[119.52221,-3.65236,0.0],[119.52267,-3.65144,0.0],[119.52363,-3.65183,0.0],[119.52381,-3.65141,0.0],[119.52395,-3.65146,0.0],[119.5242,-3.65091,0.0],[119.52463,-3.65107,0.0],[119.52581,-3.65172,0.0],[119.52682,-3.6524,0.0],[119.52832,-3.65324,0.0],[119.53089,-3.65456,0.0],[119.53106,-3.65425,0.0],[119.53234,-3.65459,0.0],[119.53279,-3.65459,0.0],[119.53272,-3.65317,0.0],[119.53287,-3.65238,0.0],[119.53428,-3.65251,0.0],[119.53458,-3.65303,0.0],[119.53502,-3.65462,0.0],[119.53541,-3.65517,0.0],[119.53532,-3.65551,0.0],[119.53581,-3.65567,0.0],[119.53597,-3.65534,0.0],[119.53652,-3.65549,0.0],[119.53654,-3.65501,0.0],[119.53716,-3.65507,0.0],[119.53851,-3.65299,0.0],[119.53988,-3.65113,0.0],[119.54078,-3.6496,0.0],[119.54174,-3.6503,0.0],[119.54269,-3.64953,0.0],[119.54343,-3.64873,0.0],[119.54407,-3.64768,0.0],[119.54408,-3.64671,0.0],[119.54446,-3.64603,0.0],[119.54451,-3.64567,0.0],[119.54448,-3.64424,0.0],[119.54458,-3.64375,0.0],[119.54451,-3.64361,0.0],[119.54509,-3.64238,0.0],[119.54532,-3.6417,0.0],[119.54707,-3.64224,0.0],[119.5481,-3.6418,0.0],[119.54857,-3.64178,0.0],[119.54859,-3.64155,0.0],[119.54868,-3.64145,0.0],[119.54897,-3.6417,0.0],[119.54922,-3.64171,0.0],[119.54982,-3.64193,0.0],[119.55006,-3.64187,0.0],[119.55038,-3.64157,0.0],[119.55114,-3.64159,0.0],[119.55138,-3.64144,0.0],[119.55186,-3.64138,0.0],[119.55274,-3.64171,0.0],[119.55296,-3.6416,0.0],[119.55303,-3.64117,0.0],[119.55337,-3.64105,0.0],[119.55419,-3.6414,0.0],[119.55472,-3.64181,0.0],[119.5548,-3.642,0.0],[119.55526,-3.64212,0.0],[119.55568,-3.64195,0.0],[119.55581,-3.64142,0.0],[119.5562,-3.64064,0.0],[119.55668,-3.64059,0.0],[119.55688,-3.64037,0.0],[119.55703,-3.64033,0.0],[119.5575,-3.64061,0.0],[119.55818,-3.64061,0.0],[119.55848,-3.64041,0.0],[119.55888,-3.63995,0.0],[119.55935,-3.63985,0.0],[119.55973,-3.64001,0.0],[119.55993,-3.63996,0.0],[119.56032,-3.63947,0.0],[119.56092,-3.63838,0.0],[119.56119,-3.63804,0.0],[119.56168,-3.63771,0.0],[119.56244,-3.63776,0.0],[119.56348,-3.63993,0.0],[119.56416,-3.6408,0.0],[119.56457,-3.64091,0.0],[119.5683,-3.6387,0.0],[119.56849,-3.63866,0.0],[119.56869,-3.63877,0.0],[119.56886,-3.63903,0.0],[119.569,-3.63907,0.0],[119.56928,-3.63896,0.0],[119.56954,-3.63898,0.0],[119.56975,-3.63881,0.0],[119.56984,-3.63851,0.0],[119.57038,-3.63814,0.0],[119.57073,-3.63773,0.0],[119.57092,-3.63776,0.0],[119.57112,-3.63876,0.0],[119.57137,-3.63878,0.0],[119.57159,-3.63863,0.0],[119.57166,-3.63805,0.0],[119.57187,-3.63798,0.0],[119.57265,-3.63821,0.0],[119.5728,-3.63805,0.0],[119.57286,-3.63776,0.0],[119.57275,-3.637,0.0],[119.5723,-3.6367,0.0],[119.57219,-3.63628,0.0],[119.57229,-3.63607,0.0],[119.57252,-3.63594,0.0],[119.57269,-3.63597,0.0],[119.57294,-3.63637,0.0],[119.57313,-3.63652,0.0],[119.57326,-3.63647,0.0],[119.57345,-3.63623,0.0],[119.5736,-3.63538,0.0],[119.57381,-3.6357,0.0],[119.574,-3.63571,0.0],[119.57407,-3.6356,0.0],[119.57398,-3.63526,0.0],[119.57332,-3.63408,0.0],[119.57334,-3.63363,0.0],[119.57356,-3.63329,0.0],[119.57395,-3.63303,0.0],[119.57434,-3.63289,0.0],[119.5748,-3.63284,0.0],[119.57546,-3.63315,0.0],[119.57559,-3.63304,0.0],[119.57553,-3.63266,0.0],[119.57566,-3.63253,0.0],[119.5759,-3.63247,0.0],[119.5753,-3.63172,0.0],[119.57533,-3.63108,0.0],[119.57558,-3.63093,0.0],[119.57615,-3.63138,0.0],[119.57768,-3.63163,0.0],[119.5779,-3.63178,0.0],[119.57815,-3.63227,0.0],[119.57839,-3.63242,0.0],[119.57934,-3.63258,0.0],[119.57951,-3.6325,0.0],[119.57944,-3.63226,0.0],[119.5795,-3.63205,0.0],[119.58008,-3.632,0.0],[119.58035,-3.63161,0.0],[119.58064,-3.63156,0.0],[119.58081,-3.6314,0.0],[119.58095,-3.63111,0.0],[119.58095,-3.63075,0.0],[119.58074,-3.62994,0.0],[119.58056,-3.62984,0.0],[119.58036,-3.62997,0.0],[119.5803,-3.63037,0.0],[119.5801,-3.63054,0.0],[119.57972,-3.63054,0.0],[119.57945,-3.63036,0.0],[119.5794,-3.63017,0.0],[119.57947,-3.62932,0.0],[119.57978,-3.62905,0.0],[119.58013,-3.62891,0.0],[119.58057,-3.62887,0.0],[119.58154,-3.62915,0.0],[119.58213,-3.62893,0.0],[119.5828,-3.62932,0.0],[119.58302,-3.62973,0.0],[119.58384,-3.62979,0.0],[119.58442,-3.6297,0.0],[119.58494,-3.62986,0.0],[119.58535,-3.63035,0.0],[119.5857,-3.63041,0.0],[119.5861,-3.63029,0.0],[119.58638,-3.63031,0.0],[119.58665,-3.63043,0.0],[119.58657,-3.63075,0.0],[119.58675,-3.63095,0.0],[119.58729,-3.63124,0.0],[119.58749,-3.63123,0.0],[119.58758,-3.63113,0.0],[119.58751,-3.6307,0.0],[119.58758,-3.63058,0.0],[119.58781,-3.63101,0.0],[119.58816,-3.63095,0.0],[119.58844,-3.63118,0.0],[119.58874,-3.63119,0.0],[119.58892,-3.63096,0.0],[119.58901,-3.63029,0.0],[119.58916,-3.63002,0.0],[119.58999,-3.63017,0.0],[119.59059,-3.63002,0.0],[119.59091,-3.62947,0.0],[119.59104,-3.62861,0.0]]]},"properties":{"OBJECTID":87679,"NAMOBJ":"Bittoeng","WADMKD":"Bittoeng","WADMKC":"Duampanua","KDEPUM":"73.15.06.1005","KDCPUM":"73.15.06","WADMKK":"Pinrang","WADMPR":"Sulawesi Selatan","LUASWH":24.445781185671869,"TIPADM":2,"Status":"Batas Indikatif"}},{"type":"Feature","id":87692,"geometry":{"type":"Polygon","coordinates":[[[119.50062,-3.70332,0.0],[119.49843,-3.7027,0.0],[119.49324,-3.7008,0.0],[119.49155,-3.70004,0.0],[119.49072,-3.69987,0.0],[119.48927,-3.70008,0.0],[119.48779,-3.7008,0.0],[119.48698,-3.70199,0.0],[119.48634,-3.70315,0.0],[119.48613,-3.70399,0.0],[119.48629,-3.70489,0.0],[119.48732,-3.70632,0.0],[119.48932,-3.7081,0.0],[119.49043,-3.70934,0.0],[119.4906,-3.70989,0.0],[119.49065,-3.71067,0.0],[119.49046,-3.71131,0.0],[119.48986,-3.71184,0.0],[119.48932,-3.71208,0.0],[119.48846,-3.71217,0.0],[119.48753,-3.71179,0.0],[119.48656,-3.7106,0.0],[119.4851,-3.70717,0.0],[119.48465,-3.70675,0.0],[119.48277,-3.70627,0.0],[119.48136,-3.70634,0.0],[119.48071,-3.70731,0.0],[119.47987,-3.70926,0.0],[119.47547,-3.70843,0.0],[119.47437,-3.70836,0.0],[119.47183,-3.70913,0.0],[119.47091,-3.70918,0.0],[119.46983,-3.70906,0.0],[119.46921,-3.70884,0.0],[119.46871,-3.70879,0.0],[119.46722,-3.70894,0.0],[119.46706,-3.70969,0.0],[119.4662,-3.71022,0.0],[119.4646,-3.71151,0.0],[119.46363,-3.71211,0.0],[119.46247,-3.71237,0.0],[119.46184,-3.7124,0.0],[119.46043,-3.71296,0.0],[119.4601,-3.71277,0.0],[119.45992,-3.71162,0.0],[119.45824,-3.71194,0.0],[119.45852,-3.71271,0.0],[119.45761,-3.71309,0.0],[119.45676,-3.71376,0.0],[119.4558,-3.71289,0.0],[119.45518,-3.71315,0.0],[119.45477,-3.71286,0.0],[119.45414,-3.71256,0.0],[119.45408,-3.71268,0.0],[119.45367,-3.71276,0.0],[119.45365,-3.71287,0.0],[119.4537,-3.71298,0.0],[119.45404,-3.71304,0.0],[119.45402,-3.71336,0.0],[119.45388,-3.71358,0.0],[119.4539,-3.71374,0.0],[119.45473,-3.71527,0.0],[119.45526,-3.71597,0.0],[119.45524,-3.71684,0.0],[119.45533,-3.71683,0.0],[119.45537,-3.71632,0.0],[119.45586,-3.71743,0.0],[119.45643,-3.7184,0.0],[119.45707,-3.71976,0.0],[119.45741,-3.72018,0.0],[119.45811,-3.72153,0.0],[119.45909,-3.72294,0.0],[119.45931,-3.72311,0.0],[119.46063,-3.72516,0.0],[119.46195,-3.72674,0.0],[119.46216,-3.72686,0.0],[119.46228,-3.72711,0.0],[119.46303,-3.7279,0.0],[119.46361,-3.72868,0.0],[119.46448,-3.72949,0.0],[119.46469,-3.7299,0.0],[119.46506,-3.7302,0.0],[119.46532,-3.73026,0.0],[119.46539,-3.73074,0.0],[119.46549,-3.73095,0.0],[119.46632,-3.73181,0.0],[119.46667,-3.73242,0.0],[119.46697,-3.73259,0.0],[119.46924,-3.73593,0.0],[119.47067,-3.73755,0.0],[119.47102,-3.73812,0.0],[119.47109,-3.73841,0.0],[119.47153,-3.73879,0.0],[119.47226,-3.73974,0.0],[119.47262,-3.74009,0.0],[119.47309,-3.74085,0.0],[119.47351,-3.74111,0.0],[119.47363,-3.74109,0.0],[119.47379,-3.7408,0.0],[119.47434,-3.74079,0.0],[119.47466,-3.74057,0.0],[119.47476,-3.74066,0.0],[119.4749,-3.7403,0.0],[119.47436,-3.74002,0.0],[119.47405,-3.73962,0.0],[119.47198,-3.73792,0.0],[119.47166,-3.7366,0.0],[119.47043,-3.7362,0.0],[119.47,-3.73581,0.0],[119.47002,-3.73528,0.0],[119.47016,-3.73467,0.0],[119.46999,-3.73386,0.0],[119.47019,-3.73261,0.0],[119.4702,-3.73147,0.0],[119.46971,-3.72984,0.0],[119.46974,-3.7282,0.0],[119.47004,-3.72555,0.0],[119.47449,-3.72598,0.0],[119.47585,-3.7259,0.0],[119.47653,-3.72578,0.0],[119.47725,-3.72501,0.0],[119.47745,-3.72508,0.0],[119.47812,-3.72567,0.0],[119.47899,-3.72623,0.0],[119.47961,-3.72827,0.0],[119.47992,-3.72893,0.0],[119.48032,-3.7288,0.0],[119.48031,-3.72847,0.0],[119.48043,-3.72833,0.0],[119.48073,-3.72824,0.0],[119.48106,-3.72829,0.0],[119.48187,-3.72873,0.0],[119.48206,-3.72943,0.0],[119.48211,-3.73078,0.0],[119.48273,-3.73106,0.0],[119.484,-3.73073,0.0],[119.48467,-3.73073,0.0],[119.48539,-3.7309,0.0],[119.48634,-3.73091,0.0],[119.48679,-3.73078,0.0],[119.48714,-3.73042,0.0],[119.48775,-3.73014,0.0],[119.4884,-3.73005,0.0],[119.48861,-3.72977,0.0],[119.48879,-3.72932,0.0],[119.48874,-3.72912,0.0],[119.48839,-3.72888,0.0],[119.48848,-3.72851,0.0],[119.48846,-3.72783,0.0],[119.4887,-3.72778,0.0],[119.49023,-3.72805,0.0],[119.49058,-3.728,0.0],[119.49078,-3.72716,0.0],[119.4909,-3.72557,0.0],[119.49091,-3.72383,0.0],[119.49107,-3.72295,0.0],[119.49145,-3.72225,0.0],[119.49195,-3.72173,0.0],[119.49217,-3.72122,0.0],[119.49275,-3.7208,0.0],[119.49333,-3.72088,0.0],[119.49529,-3.72048,0.0],[119.49583,-3.72056,0.0],[119.49622,-3.7204,0.0],[119.49786,-3.72092,0.0],[119.49812,-3.72014,0.0],[119.49833,-3.72016,0.0],[119.50358,-3.72251,0.0],[119.50386,-3.72308,0.0],[119.50406,-3.72319,0.0],[119.50452,-3.72302,0.0],[119.50482,-3.72256,0.0],[119.50525,-3.7224,0.0],[119.50725,-3.72282,0.0],[119.50798,-3.72315,0.0],[119.51175,-3.72562,0.0],[119.51263,-3.72643,0.0],[119.51299,-3.72655,0.0],[119.51368,-3.7265,0.0],[119.51419,-3.72637,0.0],[119.51438,-3.72644,0.0],[119.51556,-3.72754,0.0],[119.51617,-3.7279,0.0],[119.5168,-3.729,0.0],[119.51762,-3.7301,0.0],[119.51775,-3.73054,0.0],[119.51765,-3.73064,0.0],[119.51795,-3.73089,0.0],[119.51867,-3.73109,0.0],[119.51924,-3.73157,0.0],[119.5195,-3.73217,0.0],[119.52173,-3.73547,0.0],[119.52225,-3.73609,0.0],[119.52275,-3.73698,0.0],[119.5235,-3.73715,0.0],[119.52409,-3.73712,0.0],[119.52492,-3.73728,0.0],[119.52546,-3.73727,0.0],[119.52638,-3.73703,0.0],[119.52673,-3.73659,0.0],[119.52693,-3.7365,0.0],[119.52749,-3.73658,0.0],[119.5285,-3.73693,0.0],[119.52909,-3.73692,0.0],[119.52942,-3.73679,0.0],[119.52989,-3.7368,0.0],[119.53032,-3.73659,0.0],[119.53053,-3.73657,0.0],[119.53137,-3.73703,0.0],[119.53235,-3.73651,0.0],[119.53387,-3.73598,0.0],[119.5348,-3.7338,0.0],[119.53531,-3.73295,0.0],[119.53658,-3.7303,0.0],[119.53675,-3.72973,0.0],[119.53672,-3.72936,0.0],[119.53641,-3.7283,0.0],[119.53622,-3.72836,0.0],[119.53488,-3.72841,0.0],[119.5337,-3.72822,0.0],[119.53246,-3.72771,0.0],[119.53108,-3.7267,0.0],[119.5286,-3.72446,0.0],[119.52638,-3.72136,0.0],[119.52447,-3.71927,0.0],[119.52222,-3.71706,0.0],[119.52025,-3.71554,0.0],[119.5175,-3.7136,0.0],[119.51562,-3.71192,0.0],[119.51403,-3.71021,0.0],[119.51278,-3.70903,0.0],[119.51108,-3.70777,0.0],[119.50886,-3.70685,0.0],[119.50657,-3.70628,0.0],[119.50395,-3.70521,0.0],[119.50062,-3.70332,0.0]]]},"properties":{"OBJECTID":87692,"NAMOBJ":"Salipolo","WADMKD":"Salipolo","WADMKC":"Cempa","KDEPUM":"73.15.08.2006","KDCPUM":"73.15.08","WADMKK":"Pinrang","WADMPR":"Sulawesi Selatan","LUASWH":17.129513706349702,"TIPADM":1,"Status":"Batas Indikatif"}},{"type":"Feature","id":87821,"geometry":{"type":"Polygon","coordinates":[[[119.65254,-3.78705,0.0],[119.65101,-3.78728,0.0],[119.65092,-3.78736,0.0],[119.64529,-3.78593,0.0],[119.64517,-3.78628,0.0],[119.64478,-3.78615,0.0],[119.64463,-3.78648,0.0],[119.64378,-3.78614,0.0],[119.64385,-3.78592,0.0],[119.64317,-3.78567,0.0],[119.64306,-3.78565,0.0],[119.64276,-3.78626,0.0],[119.64258,-3.7862,0.0],[119.64266,-3.78598,0.0],[119.64223,-3.78581,0.0],[119.6421,-3.78613,0.0],[119.64192,-3.7861,0.0],[119.64115,-3.78716,0.0],[119.64104,-3.78747,0.0],[119.64114,-3.78746,0.0],[119.64112,-3.78759,0.0],[119.64082,-3.7884,0.0],[119.63969,-3.79041,0.0],[119.63891,-3.79226,0.0],[119.63863,-3.79231,0.0],[119.6378,-3.79526,0.0],[119.63783,-3.79563,0.0],[119.64319,-3.79362,0.0],[119.64485,-3.79294,0.0],[119.64486,-3.79276,0.0],[119.6451,-3.79265,0.0],[119.64666,-3.79208,0.0],[119.64979,-3.79183,0.0],[119.65037,-3.78966,0.0],[119.65225,-3.7901,0.0],[119.65267,-3.78809,0.0],[119.65254,-3.78705,0.0]]]},"properties":{"OBJECTID":87821,"NAMOBJ":"Penrang","WADMKD":"Penrang","WADMKC":"Watang Sawitto","KDEPUM":"73.15.04.1004","KDCPUM":"73.15.04","WADMKK":"Pinrang","WADMPR":"Sulawesi Selatan","LUASWH":0.94375006523374949,"TIPADM":2,"Status":"Batas Indikatif"}},{"type":"Feature","id":87885,"geometry":{"type":"Polygon","coordinates":[[[119.60089,-3.85183,0.0],[119.60045,-3.85168,0.0],[119.6003,-3.8507,0.0],[119.60115,-3.84833,0.0],[119.60104,-3.84828,0.0],[119.60158,-3.84717,0.0],[119.60185,-3.84731,0.0],[119.60223,-3.84653,0.0],[119.60293,-3.84571,0.0],[119.60306,-3.84576,0.0],[119.60328,-3.84544,0.0],[119.60353,-3.84554,0.0],[119.6037,-3.84524,0.0],[119.6035,-3.84509,0.0],[119.60406,-3.84424,0.0],[119.60381,-3.84409,0.0],[119.60529,-3.84215,0.0],[119.60549,-3.84233,0.0],[119.60703,-3.84033,0.0],[119.60687,-3.8402,0.0],[119.6082,-3.83825,0.0],[119.60763,-3.83794,0.0],[119.60895,-3.83537,0.0],[119.60887,-3.83525,0.0],[119.60892,-3.83509,0.0],[119.60817,-3.83462,0.0],[119.60945,-3.8321,0.0],[119.6088,-3.83183,0.0],[119.60917,-3.83109,0.0],[119.60894,-3.83092,0.0],[119.60948,-3.82991,0.0],[119.60923,-3.8298,0.0],[119.60954,-3.82915,0.0],[119.60965,-3.82846,0.0],[119.61007,-3.82776,0.0],[119.61061,-3.82802,0.0],[119.6111,-3.82713,0.0],[119.60968,-3.82638,0.0],[119.60905,-3.82588,0.0],[119.60785,-3.82702,0.0],[119.6068,-3.82635,0.0],[119.60628,-3.82693,0.0],[119.60569,-3.82679,0.0],[119.60516,-3.82765,0.0],[119.60488,-3.82793,0.0],[119.60407,-3.82742,0.0],[119.60292,-3.82812,0.0],[119.60229,-3.82869,0.0],[119.60216,-3.82861,0.0],[119.6013,-3.82931,0.0],[119.60086,-3.82989,0.0],[119.60068,-3.82983,0.0],[119.60039,-3.83042,0.0],[119.60002,-3.83024,0.0],[119.59973,-3.83077,0.0],[119.59957,-3.83072,0.0],[119.5993,-3.83113,0.0],[119.5981,-3.83318,0.0],[119.59774,-3.83296,0.0],[119.59657,-3.83451,0.0],[119.59607,-3.83558,0.0],[119.59595,-3.83557,0.0],[119.5947,-3.83629,0.0],[119.59338,-3.83717,0.0],[119.59291,-3.83761,0.0],[119.59212,-3.83926,0.0],[119.59192,-3.83918,0.0],[119.59181,-3.83939,0.0],[119.5913,-3.83924,0.0],[119.5918,-3.83797,0.0],[119.59139,-3.83789,0.0],[119.59082,-3.83797,0.0],[119.59048,-3.83816,0.0],[119.59038,-3.83841,0.0],[119.58959,-3.83824,0.0],[119.58943,-3.83847,0.0],[119.58859,-3.83777,0.0],[119.58908,-3.83716,0.0],[119.58901,-3.83706,0.0],[119.58947,-3.83607,0.0],[119.59029,-3.8364,0.0],[119.59196,-3.8358,0.0],[119.58772,-3.83404,0.0],[119.58798,-3.83301,0.0],[119.58694,-3.83269,0.0],[119.58678,-3.83313,0.0],[119.58529,-3.83268,0.0],[119.58628,-3.82957,0.0],[119.58613,-3.82952,0.0],[119.58635,-3.82899,0.0],[119.58585,-3.82883,0.0],[119.58441,-3.82814,0.0],[119.5843,-3.82832,0.0],[119.58357,-3.828,0.0],[119.58316,-3.8288,0.0],[119.58343,-3.82889,0.0],[119.58264,-3.83026,0.0],[119.57831,-3.83888,0.0],[119.58004,-3.8396,0.0],[119.5805,-3.84002,0.0],[119.58141,-3.84047,0.0],[119.58139,-3.84065,0.0],[119.58224,-3.84086,0.0],[119.58253,-3.84089,0.0],[119.58257,-3.84075,0.0],[119.58318,-3.84086,0.0],[119.58529,-3.84162,0.0],[119.58574,-3.84335,0.0],[119.58584,-3.84393,0.0],[119.58582,-3.84441,0.0],[119.58486,-3.84678,0.0],[119.58522,-3.84675,0.0],[119.58639,-3.84641,0.0],[119.58683,-3.8464,0.0],[119.58811,-3.84687,0.0],[119.58846,-3.84707,0.0],[119.58869,-3.84748,0.0],[119.58902,-3.84783,0.0],[119.59191,-3.84883,0.0],[119.59252,-3.84848,0.0],[119.5931,-3.84836,0.0],[119.59409,-3.84822,0.0],[119.59686,-3.8481,0.0],[119.59752,-3.84801,0.0],[119.59837,-3.84977,0.0],[119.59858,-3.85193,0.0],[119.59857,-3.85309,0.0],[119.59846,-3.85352,0.0],[119.59915,-3.85386,0.0],[119.59943,-3.85387,0.0],[119.59972,-3.85379,0.0],[119.59991,-3.85341,0.0],[119.60027,-3.85344,0.0],[119.60047,-3.8526,0.0],[119.60089,-3.85183,0.0]]]},"properties":{"OBJECTID":87885,"NAMOBJ":"Marannu","WADMKD":"Marannu","WADMKC":"Mattiro Bulu","KDEPUM":"73.15.03.2005","KDCPUM":"73.15.03","WADMKK":"Pinrang","WADMPR":"Sulawesi Selatan","LUASWH":4.9246396575260567,"TIPADM":1,"Status":"Batas Indikatif"}},{"type":"Feature","id":87940,"geometry":{"type":"Polygon","coordinates":[[[119.63914,-3.64035,0.0],[119.63851,-3.63878,0.0],[119.63839,-3.63685,0.0],[119.63863,-3.63518,0.0],[119.63978,-3.63082,0.0],[119.63373,-3.63632,0.0],[119.63236,-3.63843,0.0],[119.63133,-3.64066,0.0],[119.6311,-3.6418,0.0],[119.63128,-3.64312,0.0],[119.63008,-3.64409,0.0],[119.62876,-3.64483,0.0],[119.62551,-3.64534,0.0],[119.62265,-3.64557,0.0],[119.61985,-3.64671,0.0],[119.61763,-3.64774,0.0],[119.615,-3.64917,0.0],[119.61362,-3.64939,0.0],[119.61333,-3.64995,0.0],[119.61271,-3.65052,0.0],[119.61149,-3.65069,0.0],[119.60873,-3.65063,0.0],[119.60837,-3.65075,0.0],[119.606,-3.65228,0.0],[119.6044,-3.6536,0.0],[119.60422,-3.65418,0.0],[119.60455,-3.65487,0.0],[119.60454,-3.65552,0.0],[119.60468,-3.6557,0.0],[119.60488,-3.65577,0.0],[119.60551,-3.6557,0.0],[119.60569,-3.65584,0.0],[119.60574,-3.65615,0.0],[119.60544,-3.65704,0.0],[119.60525,-3.65746,0.0],[119.60485,-3.65783,0.0],[119.60444,-3.65807,0.0],[119.60408,-3.65809,0.0],[119.60338,-3.65797,0.0],[119.60292,-3.65808,0.0],[119.60292,-3.65894,0.0],[119.60282,-3.65909,0.0],[119.60168,-3.65951,0.0],[119.60159,-3.65961,0.0],[119.60178,-3.66026,0.0],[119.60165,-3.66124,0.0],[119.60156,-3.66144,0.0],[119.60104,-3.662,0.0],[119.60014,-3.66231,0.0],[119.59922,-3.66246,0.0],[119.59819,-3.66278,0.0],[119.598,-3.66272,0.0],[119.5977,-3.66216,0.0],[119.5975,-3.66219,0.0],[119.59712,-3.6625,0.0],[119.59674,-3.66221,0.0],[119.59562,-3.66286,0.0],[119.5948,-3.66364,0.0],[119.59448,-3.66371,0.0],[119.59439,-3.66403,0.0],[119.59417,-3.66426,0.0],[119.59356,-3.66443,0.0],[119.59323,-3.66471,0.0],[119.59309,-3.66468,0.0],[119.59219,-3.66495,0.0],[119.59173,-3.66546,0.0],[119.59161,-3.66549,0.0],[119.59138,-3.66535,0.0],[119.59101,-3.66542,0.0],[119.59048,-3.66622,0.0],[119.58974,-3.66681,0.0],[119.58969,-3.66693,0.0],[119.58984,-3.66732,0.0],[119.58958,-3.66802,0.0],[119.58992,-3.66832,0.0],[119.58997,-3.66854,0.0],[119.58993,-3.66878,0.0],[119.58969,-3.66914,0.0],[119.58953,-3.66957,0.0],[119.58978,-3.67051,0.0],[119.58959,-3.67094,0.0],[119.58922,-3.6711,0.0],[119.58896,-3.67113,0.0],[119.58879,-3.67129,0.0],[119.58861,-3.67187,0.0],[119.58846,-3.67189,0.0],[119.58806,-3.67174,0.0],[119.58699,-3.67105,0.0],[119.58678,-3.67114,0.0],[119.58651,-3.67133,0.0],[119.58617,-3.67204,0.0],[119.58577,-3.67249,0.0],[119.58551,-3.67267,0.0],[119.58525,-3.67312,0.0],[119.58488,-3.67451,0.0],[119.58478,-3.67518,0.0],[119.5841,-3.67595,0.0],[119.58394,-3.67647,0.0],[119.58292,-3.68124,0.0],[119.58282,-3.6814,0.0],[119.5819,-3.68214,0.0],[119.58179,-3.68245,0.0],[119.58188,-3.68282,0.0],[119.58185,-3.68313,0.0],[119.58162,-3.68338,0.0],[119.58062,-3.68381,0.0],[119.58058,-3.68391,0.0],[119.58066,-3.68468,0.0],[119.58063,-3.6848,0.0],[119.58034,-3.68503,0.0],[119.58074,-3.68554,0.0],[119.58094,-3.68615,0.0],[119.58115,-3.68651,0.0],[119.57977,-3.68807,0.0],[119.57962,-3.68844,0.0],[119.5799,-3.68857,0.0],[119.5795,-3.68958,0.0],[119.57876,-3.6908,0.0],[119.57942,-3.69114,0.0],[119.57915,-3.69196,0.0],[119.57865,-3.69174,0.0],[119.57834,-3.69215,0.0],[119.57812,-3.69344,0.0],[119.57768,-3.69331,0.0],[119.57753,-3.69424,0.0],[119.5776,-3.69425,0.0],[119.57761,-3.69441,0.0],[119.57746,-3.69499,0.0],[119.57764,-3.69502,0.0],[119.57764,-3.69508,0.0],[119.57671,-3.69682,0.0],[119.57714,-3.69697,0.0],[119.5779,-3.69743,0.0],[119.57858,-3.69842,0.0],[119.57928,-3.69828,0.0],[119.57982,-3.69834,0.0],[119.58061,-3.69886,0.0],[119.58265,-3.69972,0.0],[119.58301,-3.70003,0.0],[119.5833,-3.7005,0.0],[119.58387,-3.70102,0.0],[119.58411,-3.70114,0.0],[119.58436,-3.70113,0.0],[119.58453,-3.70096,0.0],[119.58497,-3.69962,0.0],[119.58553,-3.69834,0.0],[119.58625,-3.69709,0.0],[119.58696,-3.69532,0.0],[119.59018,-3.69509,0.0],[119.59448,-3.69593,0.0],[119.5986,-3.69613,0.0],[119.59887,-3.6943,0.0],[119.59925,-3.69433,0.0],[119.59955,-3.69325,0.0],[119.59845,-3.69269,0.0],[119.5986,-3.69198,0.0],[119.59884,-3.69199,0.0],[119.59885,-3.69155,0.0],[119.59929,-3.69149,0.0],[119.59954,-3.6912,0.0],[119.59984,-3.68989,0.0],[119.60051,-3.69001,0.0],[119.60122,-3.68809,0.0],[119.60284,-3.6846,0.0],[119.60423,-3.68218,0.0],[119.60482,-3.67899,0.0],[119.60607,-3.67561,0.0],[119.60715,-3.67234,0.0],[119.60795,-3.67043,0.0],[119.60908,-3.66825,0.0],[119.60986,-3.66524,0.0],[119.61064,-3.66281,0.0],[119.61161,-3.6609,0.0],[119.61246,-3.65969,0.0],[119.61348,-3.65842,0.0],[119.61427,-3.65806,0.0],[119.61593,-3.65756,0.0],[119.61917,-3.6564,0.0],[119.61977,-3.65636,0.0],[119.62105,-3.65603,0.0],[119.62184,-3.65556,0.0],[119.62304,-3.65452,0.0],[119.62354,-3.65385,0.0],[119.62415,-3.65346,0.0],[119.62538,-3.65283,0.0],[119.6266,-3.65251,0.0],[119.6301,-3.65123,0.0],[119.63222,-3.64974,0.0],[119.63343,-3.64828,0.0],[119.6346,-3.64664,0.0],[119.63738,-3.64226,0.0],[119.63914,-3.64035,0.0]]]},"properties":{"OBJECTID":87940,"NAMOBJ":"Kaballangang","WADMKD":"Kaballangang","WADMKC":"Duampanua","KDEPUM":"73.15.06.2006","KDCPUM":"73.15.06","WADMKK":"Pinrang","WADMPR":"Sulawesi Selatan","LUASWH":12.820786231854928,"TIPADM":1,"Status":"Batas Indikatif"}},{"type":"Feature","id":87946,"geometry":{"type":"Polygon","coordinates":[[[119.75902,-3.66983,0.0],[119.75724,-3.66893,0.0],[119.75626,-3.66827,0.0],[119.75515,-3.66778,0.0],[119.75401,-3.6675,0.0],[119.75169,-3.66711,0.0],[119.75077,-3.66738,0.0],[119.75027,-3.66784,0.0],[119.75004,-3.66827,0.0],[119.74922,-3.66867,0.0],[119.74777,-3.66998,0.0],[119.74555,-3.67162,0.0],[119.74191,-3.67335,0.0],[119.73806,-3.67552,0.0],[119.73158,-3.67887,0.0],[119.72809,-3.68009,0.0],[119.72495,-3.68014,0.0],[119.72441,-3.68003,0.0],[119.72381,-3.68115,0.0],[119.72343,-3.68123,0.0],[119.72293,-3.68109,0.0],[119.72255,-3.68132,0.0],[119.72222,-3.68215,0.0],[119.72177,-3.68235,0.0],[119.72112,-3.68282,0.0],[119.72095,-3.68283,0.0],[119.7206,-3.68317,0.0],[119.72036,-3.68329,0.0],[119.72008,-3.68373,0.0],[119.71994,-3.68423,0.0],[119.71968,-3.68476,0.0],[119.71918,-3.68501,0.0],[119.71902,-3.68492,0.0],[119.71811,-3.68545,0.0],[119.71801,-3.68574,0.0],[119.71788,-3.68665,0.0],[119.71776,-3.68681,0.0],[119.71748,-3.68695,0.0],[119.71678,-3.68694,0.0],[119.71661,-3.68701,0.0],[119.71627,-3.68742,0.0],[119.71606,-3.68754,0.0],[119.71531,-3.68755,0.0],[119.71507,-3.68761,0.0],[119.71497,-3.68773,0.0],[119.71503,-3.68803,0.0],[119.71491,-3.68917,0.0],[119.71502,-3.68948,0.0],[119.71564,-3.69023,0.0],[119.71566,-3.69058,0.0],[119.7153,-3.69122,0.0],[119.71528,-3.69159,0.0],[119.71564,-3.6924,0.0],[119.71721,-3.69368,0.0],[119.71727,-3.6939,0.0],[119.7172,-3.69442,0.0],[119.71704,-3.69456,0.0],[119.71512,-3.69548,0.0],[119.71466,-3.69557,0.0],[119.71367,-3.69555,0.0],[119.71274,-3.69577,0.0],[119.71217,-3.6958,0.0],[119.71116,-3.6956,0.0],[119.71039,-3.69453,0.0],[119.70985,-3.69415,0.0],[119.70909,-3.69398,0.0],[119.70792,-3.69416,0.0],[119.7074,-3.69437,0.0],[119.707,-3.69464,0.0],[119.70631,-3.69491,0.0],[119.70568,-3.69497,0.0],[119.70449,-3.69395,0.0],[119.70368,-3.69341,0.0],[119.70311,-3.69314,0.0],[119.70168,-3.69281,0.0],[119.70079,-3.69242,0.0],[119.69956,-3.69133,0.0],[119.69853,-3.69018,0.0],[119.69781,-3.68966,0.0],[119.69645,-3.68916,0.0],[119.69594,-3.68916,0.0],[119.69558,-3.68863,0.0],[119.69284,-3.68346,0.0],[119.69244,-3.68291,0.0],[119.69208,-3.68267,0.0],[119.69121,-3.68239,0.0],[119.69067,-3.6824,0.0],[119.68781,-3.68362,0.0],[119.68731,-3.68363,0.0],[119.68684,-3.68464,0.0],[119.68669,-3.68524,0.0],[119.68597,-3.68621,0.0],[119.68477,-3.68678,0.0],[119.68332,-3.68763,0.0],[119.68444,-3.68952,0.0],[119.68419,-3.68986,0.0],[119.68435,-3.69005,0.0],[119.68423,-3.69027,0.0],[119.68398,-3.69031,0.0],[119.68409,-3.69057,0.0],[119.68387,-3.69064,0.0],[119.68408,-3.69231,0.0],[119.68429,-3.69242,0.0],[119.68424,-3.69287,0.0],[119.68408,-3.69332,0.0],[119.68374,-3.69367,0.0],[119.68352,-3.69371,0.0],[119.68306,-3.69356,0.0],[119.68293,-3.69378,0.0],[119.68277,-3.69379,0.0],[119.68216,-3.6937,0.0],[119.68192,-3.69358,0.0],[119.68188,-3.69352,0.0],[119.68197,-3.6933,0.0],[119.68158,-3.69306,0.0],[119.68106,-3.69308,0.0],[119.68067,-3.69397,0.0],[119.68232,-3.69477,0.0],[119.6852,-3.69461,0.0],[119.68505,-3.69559,0.0],[119.68511,-3.69639,0.0],[119.6858,-3.69723,0.0],[119.6847,-3.69848,0.0],[119.68452,-3.69847,0.0],[119.68426,-3.69902,0.0],[119.68577,-3.69939,0.0],[119.6867,-3.69947,0.0],[119.68909,-3.6994,0.0],[119.68971,-3.69946,0.0],[119.69081,-3.69965,0.0],[119.6918,-3.70001,0.0],[119.69414,-3.70164,0.0],[119.69343,-3.70297,0.0],[119.69325,-3.7031,0.0],[119.69269,-3.70319,0.0],[119.69255,-3.70331,0.0],[119.69233,-3.70376,0.0],[119.69297,-3.70441,0.0],[119.69338,-3.70405,0.0],[119.69444,-3.70499,0.0],[119.69507,-3.70544,0.0],[119.6953,-3.70506,0.0],[119.69667,-3.70575,0.0],[119.69717,-3.70961,0.0],[119.6972,-3.71056,0.0],[119.6971,-3.71111,0.0],[119.69624,-3.71326,0.0],[119.6955,-3.71614,0.0],[119.69543,-3.71668,0.0],[119.696,-3.72573,0.0],[119.69608,-3.72621,0.0],[119.69626,-3.72658,0.0],[119.69678,-3.7273,0.0],[119.69916,-3.72972,0.0],[119.70132,-3.72751,0.0],[119.70624,-3.72277,0.0],[119.71426,-3.71714,0.0],[119.71452,-3.71753,0.0],[119.71483,-3.71729,0.0],[119.7154,-3.71622,0.0],[119.71597,-3.71556,0.0],[119.71608,-3.71507,0.0],[119.71642,-3.71486,0.0],[119.71782,-3.71451,0.0],[119.71947,-3.71353,0.0],[119.72003,-3.71245,0.0],[119.72052,-3.71264,0.0],[119.72078,-3.71191,0.0],[119.72126,-3.71125,0.0],[119.72144,-3.71083,0.0],[119.7224,-3.70938,0.0],[119.72254,-3.70942,0.0],[119.72338,-3.70808,0.0],[119.72478,-3.70611,0.0],[119.72539,-3.70504,0.0],[119.72595,-3.70453,0.0],[119.72673,-3.70401,0.0],[119.72693,-3.70416,0.0],[119.72746,-3.70351,0.0],[119.7277,-3.70223,0.0],[119.72793,-3.70178,0.0],[119.72772,-3.70143,0.0],[119.72818,-3.70115,0.0],[119.72902,-3.69968,0.0],[119.72984,-3.69887,0.0],[119.73039,-3.69795,0.0],[119.73001,-3.69775,0.0],[119.73014,-3.69736,0.0],[119.73027,-3.69571,0.0],[119.73074,-3.69561,0.0],[119.7341,-3.69547,0.0],[119.73469,-3.69562,0.0],[119.73459,-3.69377,0.0],[119.73473,-3.69374,0.0],[119.73519,-3.69289,0.0],[119.73651,-3.69329,0.0],[119.73773,-3.69382,0.0],[119.73799,-3.6931,0.0],[119.73904,-3.69351,0.0],[119.73948,-3.69248,0.0],[119.73955,-3.69251,0.0],[119.74033,-3.69058,0.0],[119.74042,-3.69004,0.0],[119.74255,-3.69066,0.0],[119.74417,-3.69103,0.0],[119.74487,-3.69126,0.0],[119.74486,-3.69136,0.0],[119.74529,-3.69151,0.0],[119.74571,-3.68934,0.0],[119.74573,-3.68846,0.0],[119.74779,-3.68829,0.0],[119.7484,-3.68896,0.0],[119.74954,-3.68834,0.0],[119.74991,-3.68911,0.0],[119.75025,-3.68939,0.0],[119.75047,-3.68943,0.0],[119.75066,-3.68928,0.0],[119.75456,-3.68917,0.0],[119.75495,-3.68889,0.0],[119.75576,-3.68779,0.0],[119.75644,-3.6866,0.0],[119.75804,-3.68531,0.0],[119.7603,-3.68502,0.0],[119.76369,-3.68368,0.0],[119.76261,-3.68183,0.0],[119.76049,-3.67861,0.0],[119.75995,-3.67676,0.0],[119.75966,-3.67628,0.0],[119.75965,-3.67604,0.0],[119.75997,-3.67553,0.0],[119.75971,-3.67443,0.0],[119.75884,-3.67312,0.0],[119.75861,-3.67234,0.0],[119.75871,-3.67119,0.0],[119.75902,-3.66983,0.0]]]},"properties":{"OBJECTID":87946,"NAMOBJ":"Sipatuo","WADMKD":"Sipatuo","WADMKC":"Patampanua","KDEPUM":"73.15.05.2008","KDCPUM":"73.15.05","WADMKK":"Pinrang","WADMPR":"Sulawesi Selatan","LUASWH":20.927476491822517,"TIPADM":1,"Status":"Batas Indikatif"}},{"type":"Feature","id":88040,"geometry":{"type":"Polygon","coordinates":[[[119.66629,-3.54715,0.0],[119.6632,-3.54632,0.0],[119.66243,-3.54629,0.0],[119.66173,-3.54636,0.0],[119.66128,-3.54601,0.0],[119.66046,-3.54507,0.0],[119.66007,-3.54492,0.0],[119.65935,-3.54483,0.0],[119.6582,-3.54488,0.0],[119.65754,-3.54477,0.0],[119.65633,-3.54426,0.0],[119.65586,-3.54448,0.0],[119.65535,-3.54433,0.0],[119.65498,-3.54398,0.0],[119.65467,-3.544,0.0],[119.65456,-3.54389,0.0],[119.65459,-3.54364,0.0],[119.65452,-3.54334,0.0],[119.65437,-3.54322,0.0],[119.6539,-3.54356,0.0],[119.65369,-3.54362,0.0],[119.65348,-3.54358,0.0],[119.65316,-3.54328,0.0],[119.65237,-3.54327,0.0],[119.65215,-3.54281,0.0],[119.65232,-3.54232,0.0],[119.65222,-3.54183,0.0],[119.65191,-3.54147,0.0],[119.65155,-3.54143,0.0],[119.65052,-3.54253,0.0],[119.64938,-3.54328,0.0],[119.64257,-3.54457,0.0],[119.63945,-3.54465,0.0],[119.63679,-3.54402,0.0],[119.63596,-3.54361,0.0],[119.631,-3.5404,0.0],[119.62776,-3.53813,0.0],[119.62463,-3.53525,0.0],[119.62315,-3.5334,0.0],[119.62297,-3.53392,0.0],[119.62201,-3.53564,0.0],[119.62112,-3.53676,0.0],[119.62067,-3.53703,0.0],[119.61984,-3.53722,0.0],[119.61826,-3.53745,0.0],[119.61426,-3.53781,0.0],[119.61277,-3.53747,0.0],[119.60807,-3.53741,0.0],[119.60423,-3.53835,0.0],[119.60307,-3.5388,0.0],[119.59998,-3.53913,0.0],[119.59842,-3.53945,0.0],[119.59729,-3.53938,0.0],[119.59621,-3.53961,0.0],[119.59445,-3.53983,0.0],[119.58906,-3.53996,0.0],[119.5862,-3.54022,0.0],[119.58171,-3.53968,0.0],[119.58008,-3.53986,0.0],[119.57533,-3.54115,0.0],[119.57369,-3.54186,0.0],[119.5725,-3.54265,0.0],[119.57122,-3.54393,0.0],[119.56853,-3.54585,0.0],[119.56855,-3.54606,0.0],[119.56896,-3.54632,0.0],[119.56875,-3.54679,0.0],[119.56889,-3.54705,0.0],[119.56946,-3.54704,0.0],[119.57009,-3.54735,0.0],[119.57,-3.54768,0.0],[119.57016,-3.54833,0.0],[119.57047,-3.54861,0.0],[119.57114,-3.54888,0.0],[119.57174,-3.54979,0.0],[119.57224,-3.55075,0.0],[119.57243,-3.55146,0.0],[119.5721,-3.55182,0.0],[119.57156,-3.55199,0.0],[119.57132,-3.55232,0.0],[119.57103,-3.55315,0.0],[119.57092,-3.55377,0.0],[119.57106,-3.554,0.0],[119.57123,-3.5541,0.0],[119.57174,-3.55413,0.0],[119.57199,-3.5545,0.0],[119.5712,-3.55579,0.0],[119.57093,-3.557,0.0],[119.57049,-3.55736,0.0],[119.57006,-3.55753,0.0],[119.56922,-3.55819,0.0],[119.56889,-3.55806,0.0],[119.56865,-3.5578,0.0],[119.56842,-3.55733,0.0],[119.56808,-3.55701,0.0],[119.56705,-3.55634,0.0],[119.56669,-3.5559,0.0],[119.56635,-3.55569,0.0],[119.56535,-3.55589,0.0],[119.56509,-3.55583,0.0],[119.56455,-3.55546,0.0],[119.56408,-3.55524,0.0],[119.56345,-3.55517,0.0],[119.56261,-3.5547,0.0],[119.56191,-3.55477,0.0],[119.56057,-3.55474,0.0],[119.55971,-3.55502,0.0],[119.55888,-3.55483,0.0],[119.55818,-3.55503,0.0],[119.55763,-3.55499,0.0],[119.55733,-3.55513,0.0],[119.55697,-3.55514,0.0],[119.55635,-3.55532,0.0],[119.55595,-3.55559,0.0],[119.55561,-3.55569,0.0],[119.55562,-3.55612,0.0],[119.55546,-3.55622,0.0],[119.55443,-3.55601,0.0],[119.55398,-3.55574,0.0],[119.55334,-3.55561,0.0],[119.55295,-3.5557,0.0],[119.55256,-3.55601,0.0],[119.55239,-3.55606,0.0],[119.55153,-3.55537,0.0],[119.55135,-3.55537,0.0],[119.55118,-3.5556,0.0],[119.55048,-3.55609,0.0],[119.54988,-3.55714,0.0],[119.5499,-3.55742,0.0],[119.55043,-3.55808,0.0],[119.55049,-3.55829,0.0],[119.55028,-3.55861,0.0],[119.54999,-3.55877,0.0],[119.54968,-3.55861,0.0],[119.54947,-3.5581,0.0],[119.54943,-3.55761,0.0],[119.54927,-3.55734,0.0],[119.54934,-3.55685,0.0],[119.54928,-3.55672,0.0],[119.54879,-3.55639,0.0],[119.54819,-3.55625,0.0],[119.5478,-3.5563,0.0],[119.54744,-3.5566,0.0],[119.54715,-3.55658,0.0],[119.54685,-3.55618,0.0],[119.54677,-3.5557,0.0],[119.5466,-3.55546,0.0],[119.54627,-3.55535,0.0],[119.54606,-3.55539,0.0],[119.54556,-3.55567,0.0],[119.54538,-3.55591,0.0],[119.54539,-3.55605,0.0],[119.54595,-3.55718,0.0],[119.54591,-3.55749,0.0],[119.5458,-3.55759,0.0],[119.54535,-3.55768,0.0],[119.54513,-3.55752,0.0],[119.54404,-3.55756,0.0],[119.54394,-3.55736,0.0],[119.54397,-3.55721,0.0],[119.54385,-3.55711,0.0],[119.5437,-3.55716,0.0],[119.54338,-3.55742,0.0],[119.54333,-3.55791,0.0],[119.54318,-3.55814,0.0],[119.54231,-3.55898,0.0],[119.54181,-3.55917,0.0],[119.54131,-3.55917,0.0],[119.54097,-3.5593,0.0],[119.54067,-3.5596,0.0],[119.54054,-3.56014,0.0],[119.54055,-3.56059,0.0],[119.54089,-3.56101,0.0],[119.54123,-3.56108,0.0],[119.54227,-3.56033,0.0],[119.54287,-3.56036,0.0],[119.54476,-3.56075,0.0],[119.54617,-3.56112,0.0],[119.54643,-3.56135,0.0],[119.54657,-3.56185,0.0],[119.54656,-3.56248,0.0],[119.54668,-3.56274,0.0],[119.54705,-3.56283,0.0],[119.5474,-3.56276,0.0],[119.54813,-3.56218,0.0],[119.54874,-3.56215,0.0],[119.5507,-3.5637,0.0],[119.55089,-3.564,0.0],[119.55092,-3.56443,0.0],[119.55085,-3.56472,0.0],[119.5506,-3.56499,0.0],[119.55057,-3.56516,0.0],[119.55064,-3.56537,0.0],[119.55087,-3.56553,0.0],[119.5512,-3.56559,0.0],[119.55141,-3.56538,0.0],[119.55236,-3.56501,0.0],[119.5528,-3.56492,0.0],[119.55325,-3.56506,0.0],[119.55426,-3.56569,0.0],[119.55492,-3.56677,0.0],[119.55557,-3.56753,0.0],[119.5572,-3.56849,0.0],[119.55872,-3.56864,0.0],[119.55896,-3.5689,0.0],[119.55955,-3.57041,0.0],[119.56011,-3.57095,0.0],[119.56064,-3.57123,0.0],[119.56093,-3.57149,0.0],[119.56093,-3.5723,0.0],[119.56109,-3.57255,0.0],[119.56147,-3.57267,0.0],[119.56196,-3.57271,0.0],[119.5622,-3.57265,0.0],[119.56294,-3.57153,0.0],[119.56326,-3.57145,0.0],[119.56482,-3.57243,0.0],[119.5656,-3.57271,0.0],[119.56578,-3.57264,0.0],[119.56588,-3.57246,0.0],[119.56578,-3.57096,0.0],[119.56583,-3.57075,0.0],[119.56608,-3.57041,0.0],[119.56656,-3.57009,0.0],[119.56703,-3.56996,0.0],[119.56748,-3.56996,0.0],[119.56788,-3.57011,0.0],[119.56814,-3.57039,0.0],[119.56829,-3.5709,0.0],[119.56838,-3.57181,0.0],[119.56836,-3.57479,0.0],[119.56858,-3.5752,0.0],[119.56892,-3.57541,0.0],[119.56925,-3.57544,0.0],[119.56997,-3.57519,0.0],[119.57103,-3.57531,0.0],[119.57143,-3.57543,0.0],[119.57176,-3.57567,0.0],[119.5721,-3.57616,0.0],[119.57249,-3.57696,0.0],[119.57283,-3.57704,0.0],[119.57314,-3.57698,0.0],[119.5734,-3.5768,0.0],[119.57374,-3.57639,0.0],[119.57427,-3.57541,0.0],[119.57563,-3.57438,0.0],[119.57595,-3.57315,0.0],[119.57624,-3.57257,0.0],[119.57664,-3.57215,0.0],[119.57788,-3.5714,0.0],[119.57848,-3.5716,0.0],[119.57865,-3.57132,0.0],[119.5792,-3.57089,0.0],[119.58046,-3.57016,0.0],[119.58274,-3.56866,0.0],[119.58329,-3.56842,0.0],[119.58408,-3.56833,0.0],[119.5851,-3.56856,0.0],[119.58594,-3.56789,0.0],[119.58611,-3.56802,0.0],[119.58642,-3.56755,0.0],[119.58775,-3.56847,0.0],[119.58807,-3.56963,0.0],[119.58888,-3.57101,0.0],[119.58878,-3.57103,0.0],[119.58942,-3.57196,0.0],[119.58993,-3.57221,0.0],[119.59043,-3.57233,0.0],[119.59088,-3.57226,0.0],[119.59133,-3.57233,0.0],[119.59148,-3.57259,0.0],[119.59144,-3.57273,0.0],[119.5916,-3.57296,0.0],[119.59198,-3.57277,0.0],[119.59295,-3.5727,0.0],[119.59386,-3.573,0.0],[119.59559,-3.57374,0.0],[119.59599,-3.57379,0.0],[119.59654,-3.5736,0.0],[119.59703,-3.57302,0.0],[119.59733,-3.57244,0.0],[119.59809,-3.57218,0.0],[119.60005,-3.57218,0.0],[119.60077,-3.57196,0.0],[119.60128,-3.57144,0.0],[119.60206,-3.57038,0.0],[119.60267,-3.56971,0.0],[119.6032,-3.56967,0.0],[119.60385,-3.56987,0.0],[119.60411,-3.56973,0.0],[119.60436,-3.56939,0.0],[119.60481,-3.56907,0.0],[119.60525,-3.56899,0.0],[119.60536,-3.56921,0.0],[119.60538,-3.56993,0.0],[119.6055,-3.57011,0.0],[119.60624,-3.57014,0.0],[119.60782,-3.56976,0.0],[119.60915,-3.56926,0.0],[119.60943,-3.56935,0.0],[119.60957,-3.5708,0.0],[119.60991,-3.57116,0.0],[119.61022,-3.57126,0.0],[119.61126,-3.57114,0.0],[119.61185,-3.57131,0.0],[119.61238,-3.57171,0.0],[119.61367,-3.57215,0.0],[119.61422,-3.57254,0.0],[119.615,-3.57286,0.0],[119.61548,-3.57293,0.0],[119.61596,-3.57287,0.0],[119.61711,-3.5725,0.0],[119.61762,-3.57247,0.0],[119.61888,-3.5722,0.0],[119.61942,-3.57233,0.0],[119.62073,-3.57188,0.0],[119.62127,-3.5715,0.0],[119.62178,-3.57145,0.0],[119.62226,-3.57154,0.0],[119.6237,-3.57215,0.0],[119.62415,-3.57217,0.0],[119.62474,-3.5718,0.0],[119.62576,-3.57198,0.0],[119.62609,-3.57219,0.0],[119.62639,-3.57255,0.0],[119.62652,-3.57288,0.0],[119.62702,-3.57356,0.0],[119.62739,-3.57423,0.0],[119.62749,-3.57448,0.0],[119.62725,-3.57506,0.0],[119.62722,-3.5754,0.0],[119.62731,-3.57563,0.0],[119.62753,-3.5758,0.0],[119.62776,-3.57579,0.0],[119.62946,-3.57465,0.0],[119.62985,-3.57459,0.0],[119.63026,-3.57469,0.0],[119.63135,-3.57526,0.0],[119.63169,-3.57526,0.0],[119.63203,-3.57515,0.0],[119.63267,-3.57482,0.0],[119.63316,-3.5751,0.0],[119.63376,-3.57595,0.0],[119.63397,-3.57613,0.0],[119.63464,-3.57646,0.0],[119.63502,-3.57699,0.0],[119.63529,-3.57709,0.0],[119.63566,-3.57709,0.0],[119.63667,-3.57673,0.0],[119.63721,-3.57605,0.0],[119.63733,-3.57401,0.0],[119.6375,-3.57362,0.0],[119.63801,-3.57328,0.0],[119.63861,-3.57316,0.0],[119.64004,-3.57321,0.0],[119.6405,-3.57308,0.0],[119.64377,-3.57301,0.0],[119.65587,-3.57071,0.0],[119.65974,-3.57041,0.0],[119.66384,-3.57044,0.0],[119.66967,-3.57065,0.0],[119.67107,-3.57062,0.0],[119.67229,-3.57074,0.0],[119.6733,-3.57134,0.0],[119.67467,-3.57193,0.0],[119.6767,-3.5725,0.0],[119.67845,-3.57252,0.0],[119.67829,-3.57228,0.0],[119.67568,-3.57067,0.0],[119.67518,-3.5701,0.0],[119.67525,-3.56972,0.0],[119.67556,-3.56924,0.0],[119.67668,-3.56822,0.0],[119.67668,-3.56796,0.0],[119.67618,-3.56753,0.0],[119.6757,-3.56691,0.0],[119.67523,-3.56569,0.0],[119.67449,-3.56491,0.0],[119.67418,-3.5641,0.0],[119.67401,-3.56312,0.0],[119.67361,-3.56253,0.0],[119.67278,-3.56215,0.0],[119.67073,-3.56182,0.0],[119.66944,-3.56082,0.0],[119.66825,-3.55934,0.0],[119.6673,-3.5573,0.0],[119.66626,-3.55377,0.0],[119.66564,-3.55111,0.0],[119.66592,-3.54835,0.0],[119.66629,-3.54715,0.0]]]},"properties":{"OBJECTID":88040,"NAMOBJ":"Rajang","WADMKD":"Rajang","WADMKC":"Lembang","KDEPUM":"73.15.07.2004","KDCPUM":"73.15.07","WADMKK":"Pinrang","WADMPR":"Sulawesi Selatan","LUASWH":41.82218984662061,"TIPADM":1,"Status":"Batas Indikatif"}},{"type":"Feature","id":88047,"geometry":{"type":"MultiPolygon","coordinates":[[[[119.59695,-3.99889,0.0],[119.59728,-3.99851,0.0],[119.59736,-3.99813,0.0],[119.59726,-3.99803,0.0],[119.59702,-3.99814,0.0],[119.59689,-3.99836,0.0],[119.59682,-3.99878,0.0],[119.59695,-3.99889,0.0]]],[[[119.60088,-3.99493,0.0],[119.60098,-3.99483,0.0],[119.60084,-3.99479,0.0],[119.60088,-3.99493,0.0]]],[[[119.60279,-3.99393,0.0],[119.60249,-3.99389,0.0],[119.6024,-3.99408,0.0],[119.60224,-3.99411,0.0],[119.60212,-3.9943,0.0],[119.60199,-3.99432,0.0],[119.60198,-3.9945,0.0],[119.60182,-3.99464,0.0],[119.60154,-3.99465,0.0],[119.60154,-3.99472,0.0],[119.60137,-3.99481,0.0],[119.60124,-3.99478,0.0],[119.60103,-3.99495,0.0],[119.6011,-3.99513,0.0],[119.60099,-3.99546,0.0],[119.60105,-3.99578,0.0],[119.6009,-3.99592,0.0],[119.60103,-3.996,0.0],[119.60088,-3.99615,0.0],[119.60085,-3.99633,0.0],[119.6009,-3.99659,0.0],[119.60099,-3.99663,0.0],[119.60095,-3.9968,0.0],[119.60109,-3.99721,0.0],[119.60104,-3.99732,0.0],[119.60113,-3.99738,0.0],[119.60107,-3.99767,0.0],[119.60116,-3.99764,0.0],[119.6012,-3.99775,0.0],[119.60135,-3.99775,0.0],[119.60133,-3.99787,0.0],[119.60164,-3.99831,0.0],[119.60184,-3.99832,0.0],[119.60194,-3.99848,0.0],[119.60227,-3.99867,0.0],[119.60253,-3.99865,0.0],[119.6027,-3.99883,0.0],[119.60272,-3.99898,0.0],[119.60337,-3.99904,0.0],[119.60367,-3.99875,0.0],[119.604,-3.99887,0.0],[119.6041,-3.99908,0.0],[119.6043,-3.99907,0.0],[119.60486,-3.99881,0.0],[119.60512,-3.99878,0.0],[119.60525,-3.99893,0.0],[119.60579,-3.999,0.0],[119.60586,-3.9989,0.0],[119.6059,-3.99852,0.0],[119.60628,-3.9984,0.0],[119.60634,-3.99815,0.0],[119.60641,-3.99815,0.0],[119.60645,-3.99735,0.0],[119.60638,-3.99736,0.0],[119.60619,-3.99715,0.0],[119.60585,-3.99728,0.0],[119.60559,-3.99722,0.0],[119.6055,-3.99686,0.0],[119.60504,-3.99666,0.0],[119.60479,-3.99642,0.0],[119.60459,-3.99642,0.0],[119.6047,-3.99619,0.0],[119.60461,-3.99561,0.0],[119.60429,-3.99542,0.0],[119.60406,-3.99498,0.0],[119.60356,-3.99452,0.0],[119.60341,-3.99446,0.0],[119.60315,-3.99414,0.0],[119.60296,-3.99409,0.0],[119.60279,-3.99393,0.0]]],[[[119.60286,-3.9924,0.0],[119.6028,-3.99232,0.0],[119.60271,-3.9924,0.0],[119.60244,-3.99235,0.0],[119.60247,-3.99249,0.0],[119.60235,-3.99279,0.0],[119.6025,-3.99309,0.0],[119.60252,-3.99355,0.0],[119.60274,-3.99364,0.0],[119.60315,-3.99348,0.0],[119.60328,-3.9932,0.0],[119.60328,-3.99291,0.0],[119.60336,-3.99284,0.0],[119.60319,-3.99256,0.0],[119.60286,-3.9924,0.0]]],[[[119.60676,-3.95076,0.0],[119.60489,-3.95034,0.0],[119.60377,-3.95122,0.0],[119.60308,-3.9516,0.0],[119.60189,-3.95197,0.0],[119.60159,-3.95217,0.0],[119.60135,-3.95263,0.0],[119.60124,-3.95321,0.0],[119.60127,-3.95404,0.0],[119.6015,-3.95469,0.0],[119.60184,-3.95535,0.0],[119.60186,-3.95585,0.0],[119.60174,-3.95634,0.0],[119.60144,-3.95693,0.0],[119.60136,-3.95769,0.0],[119.60169,-3.95844,0.0],[119.60205,-3.95888,0.0],[119.60201,-3.95903,0.0],[119.60154,-3.95965,0.0],[119.6015,-3.9609,0.0],[119.60137,-3.96134,0.0],[119.60104,-3.96191,0.0],[119.601,-3.96235,0.0],[119.6011,-3.96286,0.0],[119.6011,-3.96377,0.0],[119.60054,-3.96589,0.0],[119.60043,-3.96615,0.0],[119.59995,-3.96674,0.0],[119.59978,-3.96788,0.0],[119.5998,-3.96813,0.0],[119.60001,-3.96831,0.0],[119.60017,-3.96873,0.0],[119.60089,-3.96893,0.0],[119.60152,-3.96945,0.0],[119.6019,-3.97152,0.0],[119.60211,-3.9718,0.0],[119.60208,-3.97206,0.0],[119.6019,-3.97231,0.0],[119.60211,-3.97282,0.0],[119.60237,-3.97318,0.0],[119.60224,-3.97419,0.0],[119.60201,-3.9745,0.0],[119.60147,-3.97479,0.0],[119.60103,-3.97553,0.0],[119.60114,-3.97581,0.0],[119.6013,-3.97595,0.0],[119.60145,-3.97595,0.0],[119.60163,-3.97578,0.0],[119.60182,-3.9754,0.0],[119.60206,-3.97531,0.0],[119.60228,-3.97508,0.0],[119.60282,-3.9749,0.0],[119.60304,-3.97461,0.0],[119.60376,-3.97443,0.0],[119.60374,-3.97412,0.0],[119.60403,-3.97436,0.0],[119.6042,-3.97436,0.0],[119.60438,-3.97424,0.0],[119.6045,-3.9745,0.0],[119.60487,-3.97444,0.0],[119.60496,-3.97473,0.0],[119.60551,-3.97489,0.0],[119.60557,-3.97496,0.0],[119.60552,-3.97517,0.0],[119.60583,-3.9754,0.0],[119.60642,-3.9761,0.0],[119.60662,-3.97613,0.0],[119.60652,-3.97644,0.0],[119.60668,-3.97642,0.0],[119.60694,-3.97688,0.0],[119.60715,-3.97699,0.0],[119.6071,-3.97716,0.0],[119.60718,-3.97742,0.0],[119.60745,-3.97789,0.0],[119.60744,-3.9783,0.0],[119.6077,-3.9787,0.0],[119.60764,-3.97904,0.0],[119.60792,-3.97959,0.0],[119.60791,-3.97975,0.0],[119.60804,-3.98006,0.0],[119.60796,-3.98014,0.0],[119.60812,-3.98024,0.0],[119.60816,-3.98044,0.0],[119.60824,-3.98045,0.0],[119.60835,-3.98071,0.0],[119.60843,-3.98071,0.0],[119.60852,-3.98093,0.0],[119.6084,-3.98108,0.0],[119.60834,-3.98141,0.0],[119.60847,-3.98183,0.0],[119.60836,-3.98196,0.0],[119.60833,-3.98238,0.0],[119.60852,-3.98247,0.0],[119.60888,-3.98244,0.0],[119.60939,-3.98277,0.0],[119.60964,-3.98275,0.0],[119.61016,-3.98313,0.0],[119.61051,-3.9835,0.0],[119.61055,-3.98365,0.0],[119.61114,-3.98399,0.0],[119.612,-3.98407,0.0],[119.61212,-3.98394,0.0],[119.61208,-3.98373,0.0],[119.61216,-3.98366,0.0],[119.61227,-3.9837,0.0],[119.61237,-3.98354,0.0],[119.61228,-3.98346,0.0],[119.61231,-3.98338,0.0],[119.61269,-3.98315,0.0],[119.61295,-3.9825,0.0],[119.61285,-3.98242,0.0],[119.61288,-3.98229,0.0],[119.61303,-3.98214,0.0],[119.61352,-3.98289,0.0],[119.61403,-3.98329,0.0],[119.61461,-3.98358,0.0],[119.61422,-3.98529,0.0],[119.61452,-3.98545,0.0],[119.61501,-3.98366,0.0],[119.61576,-3.98357,0.0],[119.61636,-3.98329,0.0],[119.61629,-3.98318,0.0],[119.61564,-3.98341,0.0],[119.61498,-3.98343,0.0],[119.61434,-3.98324,0.0],[119.61372,-3.98281,0.0],[119.61333,-3.9823,0.0],[119.61324,-3.98207,0.0],[119.61328,-3.98185,0.0],[119.61354,-3.98191,0.0],[119.61356,-3.98183,0.0],[119.61325,-3.98174,0.0],[119.61328,-3.98155,0.0],[119.61316,-3.98149,0.0],[119.6131,-3.98117,0.0],[119.61322,-3.98113,0.0],[119.61339,-3.98061,0.0],[119.61377,-3.98,0.0],[119.61485,-3.97894,0.0],[119.6161,-3.97918,0.0],[119.61605,-3.97908,0.0],[119.61616,-3.97899,0.0],[119.61613,-3.97892,0.0],[119.61621,-3.97894,0.0],[119.61635,-3.97884,0.0],[119.61628,-3.97867,0.0],[119.61655,-3.97832,0.0],[119.61726,-3.97825,0.0],[119.61746,-3.97816,0.0],[119.61908,-3.97673,0.0],[119.62044,-3.97615,0.0],[119.62068,-3.97588,0.0],[119.621,-3.97521,0.0],[119.62233,-3.97444,0.0],[119.62287,-3.97348,0.0],[119.62284,-3.97334,0.0],[119.62244,-3.97294,0.0],[119.62168,-3.97263,0.0],[119.62174,-3.97251,0.0],[119.62169,-3.9723,0.0],[119.62208,-3.97148,0.0],[119.62258,-3.97127,0.0],[119.62289,-3.9713,0.0],[119.62308,-3.97143,0.0],[119.62345,-3.97142,0.0],[119.62389,-3.97184,0.0],[119.62388,-3.97223,0.0],[119.62396,-3.97255,0.0],[119.62428,-3.97286,0.0],[119.62462,-3.97289,0.0],[119.62503,-3.97261,0.0],[119.62533,-3.97264,0.0],[119.62549,-3.97287,0.0],[119.62578,-3.97282,0.0],[119.62627,-3.97233,0.0],[119.62646,-3.97197,0.0],[119.62645,-3.97122,0.0],[119.62744,-3.97052,0.0],[119.62762,-3.97062,0.0],[119.62772,-3.9696,0.0],[119.62746,-3.9696,0.0],[119.62743,-3.96935,0.0],[119.62686,-3.96849,0.0],[119.62674,-3.96802,0.0],[119.62644,-3.96795,0.0],[119.62629,-3.96806,0.0],[119.62628,-3.96841,0.0],[119.62662,-3.9689,0.0],[119.62669,-3.96925,0.0],[119.62653,-3.96963,0.0],[119.62613,-3.96991,0.0],[119.62576,-3.9699,0.0],[119.6257,-3.96984,0.0],[119.62571,-3.96954,0.0],[119.6255,-3.96901,0.0],[119.62555,-3.9687,0.0],[119.62492,-3.96859,0.0],[119.62499,-3.96592,0.0],[119.62494,-3.96378,0.0],[119.62228,-3.96481,0.0],[119.62161,-3.96489,0.0],[119.62273,-3.96388,0.0],[119.6222,-3.96352,0.0],[119.62128,-3.9631,0.0],[119.62073,-3.96305,0.0],[119.6175,-3.96214,0.0],[119.61545,-3.96176,0.0],[119.61503,-3.96149,0.0],[119.61427,-3.96137,0.0],[119.61433,-3.96084,0.0],[119.61329,-3.95973,0.0],[119.61191,-3.95864,0.0],[119.61125,-3.95839,0.0],[119.61065,-3.95832,0.0],[119.61062,-3.9582,0.0],[119.61103,-3.95611,0.0],[119.61111,-3.95599,0.0],[119.61154,-3.956,0.0],[119.61168,-3.95543,0.0],[119.6113,-3.9553,0.0],[119.61128,-3.95522,0.0],[119.61131,-3.95511,0.0],[119.61149,-3.95502,0.0],[119.61157,-3.95474,0.0],[119.61151,-3.9545,0.0],[119.61161,-3.95383,0.0],[119.61157,-3.95252,0.0],[119.61165,-3.95214,0.0],[119.61159,-3.95211,0.0],[119.61098,-3.95244,0.0],[119.61074,-3.95225,0.0],[119.60964,-3.95191,0.0],[119.60913,-3.95116,0.0],[119.60884,-3.95102,0.0],[119.60811,-3.95077,0.0],[119.60676,-3.95076,0.0]]]]},"properties":{"OBJECTID":88047,"NAMOBJ":"Watang Suppa","WADMKD":"Watang Suppa","WADMKC":"Suppa","KDEPUM":"73.15.02.1001","KDCPUM":"73.15.02","WADMKK":"Pinrang","WADMPR":"Sulawesi Selatan","LUASWH":6.1662045061957116,"TIPADM":2,"Status":"Batas Indikatif"}},{"type":"Feature","id":88049,"geometry":{"type":"Polygon","coordinates":[[[119.65007,-3.69632,0.0],[119.64773,-3.69663,0.0],[119.64663,-3.69651,0.0],[119.64558,-3.69585,0.0],[119.64422,-3.69479,0.0],[119.64359,-3.69461,0.0],[119.64234,-3.69469,0.0],[119.63903,-3.6964,0.0],[119.63812,-3.6971,0.0],[119.6376,-3.69795,0.0],[119.63652,-3.70039,0.0],[119.6353,-3.70195,0.0],[119.63443,-3.70286,0.0],[119.63368,-3.70334,0.0],[119.63535,-3.70483,0.0],[119.63559,-3.70514,0.0],[119.63548,-3.70528,0.0],[119.63509,-3.7055,0.0],[119.63509,-3.70587,0.0],[119.6366,-3.70578,0.0],[119.63662,-3.70684,0.0],[119.6362,-3.70688,0.0],[119.63596,-3.70751,0.0],[119.63627,-3.70771,0.0],[119.6354,-3.70977,0.0],[119.63518,-3.71245,0.0],[119.63628,-3.71279,0.0],[119.63632,-3.71269,0.0],[119.63727,-3.71312,0.0],[119.63918,-3.71362,0.0],[119.63884,-3.71449,0.0],[119.63849,-3.71587,0.0],[119.63784,-3.71679,0.0],[119.63784,-3.7169,0.0],[119.63844,-3.71713,0.0],[119.63851,-3.717,0.0],[119.63947,-3.7175,0.0],[119.63999,-3.71767,0.0],[119.63995,-3.71783,0.0],[119.64112,-3.71826,0.0],[119.64276,-3.71908,0.0],[119.64271,-3.71925,0.0],[119.64379,-3.71988,0.0],[119.64484,-3.72015,0.0],[119.6453,-3.72016,0.0],[119.64731,-3.72067,0.0],[119.64738,-3.71962,0.0],[119.6476,-3.71962,0.0],[119.64773,-3.71764,0.0],[119.64826,-3.7178,0.0],[119.64849,-3.71715,0.0],[119.64844,-3.71712,0.0],[119.64886,-3.71609,0.0],[119.64862,-3.71601,0.0],[119.64925,-3.71424,0.0],[119.64844,-3.71421,0.0],[119.64844,-3.71405,0.0],[119.64788,-3.71401,0.0],[119.64791,-3.71241,0.0],[119.64807,-3.71101,0.0],[119.64901,-3.70922,0.0],[119.64859,-3.70905,0.0],[119.64866,-3.70875,0.0],[119.64815,-3.70855,0.0],[119.64824,-3.70825,0.0],[119.64769,-3.70814,0.0],[119.64812,-3.70662,0.0],[119.64741,-3.70662,0.0],[119.64742,-3.70633,0.0],[119.64778,-3.70627,0.0],[119.64781,-3.70612,0.0],[119.64823,-3.70624,0.0],[119.64826,-3.70616,0.0],[119.64876,-3.70646,0.0],[119.64916,-3.70523,0.0],[119.64926,-3.70517,0.0],[119.64905,-3.70347,0.0],[119.64929,-3.70341,0.0],[119.64929,-3.70285,0.0],[119.64966,-3.69999,0.0],[119.64961,-3.69895,0.0],[119.65009,-3.69894,0.0],[119.65007,-3.69632,0.0]]]},"properties":{"OBJECTID":88049,"NAMOBJ":"Masolo","WADMKD":"Masolo","WADMKC":"Patampanua","KDEPUM":"73.15.05.2011","KDCPUM":"73.15.05","WADMKK":"Pinrang","WADMPR":"Sulawesi Selatan","LUASWH":3.4874142984656529,"TIPADM":1,"Status":"Batas Indikatif"}},{"type":"Feature","id":88062,"geometry":{"type":"MultiPolygon","coordinates":[[[[119.44589,-3.32653,0.0],[119.44482,-3.32586,0.0],[119.44292,-3.32506,0.0],[119.44158,-3.32461,0.0],[119.44153,-3.32507,0.0],[119.44121,-3.32547,0.0],[119.44125,-3.32594,0.0],[119.44143,-3.32606,0.0],[119.44181,-3.32612,0.0],[119.44187,-3.32622,0.0],[119.44181,-3.32638,0.0],[119.4419,-3.32648,0.0],[119.44223,-3.32657,0.0],[119.44264,-3.32657,0.0],[119.44354,-3.32717,0.0],[119.44361,-3.32732,0.0],[119.44358,-3.32774,0.0],[119.44331,-3.32797,0.0],[119.44336,-3.32815,0.0],[119.44377,-3.32838,0.0],[119.4445,-3.32833,0.0],[119.44512,-3.32894,0.0],[119.44519,-3.32962,0.0],[119.44537,-3.32982,0.0],[119.44577,-3.33001,0.0],[119.44583,-3.33012,0.0],[119.44578,-3.33051,0.0],[119.44606,-3.33071,0.0],[119.44589,-3.33111,0.0],[119.44594,-3.33173,0.0],[119.44644,-3.33224,0.0],[119.44652,-3.33242,0.0],[119.44641,-3.33264,0.0],[119.44613,-3.33264,0.0],[119.446,-3.33272,0.0],[119.44616,-3.33325,0.0],[119.44574,-3.33353,0.0],[119.44585,-3.33389,0.0],[119.44541,-3.33452,0.0],[119.44519,-3.33468,0.0],[119.44514,-3.33489,0.0],[119.445,-3.33502,0.0],[119.44496,-3.3353,0.0],[119.44481,-3.33545,0.0],[119.44472,-3.33597,0.0],[119.44412,-3.33624,0.0],[119.44405,-3.33642,0.0],[119.44408,-3.33673,0.0],[119.44364,-3.33709,0.0],[119.44328,-3.33756,0.0],[119.44254,-3.33784,0.0],[119.44211,-3.3383,0.0],[119.4418,-3.33835,0.0],[119.44153,-3.33826,0.0],[119.44115,-3.33828,0.0],[119.43953,-3.33883,0.0],[119.43927,-3.33878,0.0],[119.43857,-3.33826,0.0],[119.43786,-3.33813,0.0],[119.43678,-3.33849,0.0],[119.43543,-3.33856,0.0],[119.43432,-3.33888,0.0],[119.43336,-3.33878,0.0],[119.43319,-3.33886,0.0],[119.43286,-3.33928,0.0],[119.43203,-3.33911,0.0],[119.43142,-3.33912,0.0],[119.43197,-3.33927,0.0],[119.43255,-3.33956,0.0],[119.43287,-3.33991,0.0],[119.43338,-3.34026,0.0],[119.43367,-3.34034,0.0],[119.43432,-3.34089,0.0],[119.43486,-3.3412,0.0],[119.43515,-3.34162,0.0],[119.43546,-3.34274,0.0],[119.43557,-3.34297,0.0],[119.43576,-3.34313,0.0],[119.43787,-3.34402,0.0],[119.43869,-3.34409,0.0],[119.43945,-3.34387,0.0],[119.44015,-3.34474,0.0],[119.44049,-3.345,0.0],[119.44076,-3.34543,0.0],[119.44107,-3.34619,0.0],[119.4418,-3.34724,0.0],[119.44189,-3.34761,0.0],[119.44196,-3.34839,0.0],[119.44156,-3.3507,0.0],[119.44161,-3.35102,0.0],[119.44191,-3.35141,0.0],[119.44273,-3.35145,0.0],[119.44394,-3.3519,0.0],[119.44429,-3.35233,0.0],[119.44496,-3.35282,0.0],[119.44546,-3.35245,0.0],[119.44607,-3.35239,0.0],[119.44611,-3.35253,0.0],[119.44599,-3.35277,0.0],[119.44604,-3.35291,0.0],[119.44635,-3.35291,0.0],[119.4469,-3.35274,0.0],[119.44701,-3.35286,0.0],[119.44714,-3.35344,0.0],[119.44873,-3.35382,0.0],[119.44895,-3.35398,0.0],[119.44915,-3.35438,0.0],[119.44933,-3.3545,0.0],[119.44958,-3.35447,0.0],[119.44977,-3.35421,0.0],[119.45033,-3.35413,0.0],[119.45079,-3.35426,0.0],[119.45102,-3.35443,0.0],[119.45142,-3.35489,0.0],[119.4515,-3.35543,0.0],[119.45175,-3.35564,0.0],[119.45185,-3.35625,0.0],[119.45183,-3.35687,0.0],[119.452,-3.35718,0.0],[119.45207,-3.35764,0.0],[119.45236,-3.35784,0.0],[119.4525,-3.35812,0.0],[119.45276,-3.35952,0.0],[119.45324,-3.36006,0.0],[119.45348,-3.36054,0.0],[119.45353,-3.36079,0.0],[119.45346,-3.36176,0.0],[119.45423,-3.36232,0.0],[119.45425,-3.36298,0.0],[119.45463,-3.36303,0.0],[119.45472,-3.36312,0.0],[119.45465,-3.36407,0.0],[119.4547,-3.36446,0.0],[119.45488,-3.36485,0.0],[119.45533,-3.36522,0.0],[119.45579,-3.36627,0.0],[119.45598,-3.36641,0.0],[119.45657,-3.36655,0.0],[119.45704,-3.367,0.0],[119.45746,-3.36719,0.0],[119.45766,-3.3676,0.0],[119.4578,-3.36829,0.0],[119.45795,-3.36856,0.0],[119.45929,-3.36906,0.0],[119.45979,-3.36956,0.0],[119.46014,-3.36975,0.0],[119.46023,-3.37038,0.0],[119.46071,-3.37048,0.0],[119.46097,-3.37061,0.0],[119.46115,-3.37077,0.0],[119.4613,-3.37108,0.0],[119.46212,-3.37165,0.0],[119.46239,-3.37175,0.0],[119.46287,-3.37172,0.0],[119.46309,-3.37179,0.0],[119.46339,-3.37202,0.0],[119.46375,-3.37249,0.0],[119.46407,-3.37275,0.0],[119.46413,-3.37305,0.0],[119.46408,-3.37329,0.0],[119.46352,-3.37399,0.0],[119.46348,-3.37427,0.0],[119.46356,-3.37465,0.0],[119.46381,-3.37514,0.0],[119.46419,-3.37557,0.0],[119.46504,-3.37566,0.0],[119.46548,-3.37588,0.0],[119.46589,-3.37765,0.0],[119.4658,-3.37806,0.0],[119.46557,-3.37851,0.0],[119.46525,-3.37887,0.0],[119.46442,-3.37929,0.0],[119.46407,-3.37937,0.0],[119.46376,-3.37961,0.0],[119.46292,-3.38162,0.0],[119.46254,-3.38183,0.0],[119.46176,-3.38194,0.0],[119.46143,-3.38286,0.0],[119.46126,-3.3831,0.0],[119.461,-3.38322,0.0],[119.46035,-3.38323,0.0],[119.45999,-3.38336,0.0],[119.45959,-3.38376,0.0],[119.45946,-3.38427,0.0],[119.45972,-3.38463,0.0],[119.45988,-3.38551,0.0],[119.46012,-3.38612,0.0],[119.46033,-3.38641,0.0],[119.46085,-3.38671,0.0],[119.46173,-3.38689,0.0],[119.46252,-3.38737,0.0],[119.46343,-3.38736,0.0],[119.46361,-3.38752,0.0],[119.46399,-3.38814,0.0],[119.46414,-3.38821,0.0],[119.4647,-3.38826,0.0],[119.4651,-3.38857,0.0],[119.46562,-3.38934,0.0],[119.46584,-3.38982,0.0],[119.46596,-3.39053,0.0],[119.46564,-3.39136,0.0],[119.46571,-3.39194,0.0],[119.46594,-3.39251,0.0],[119.46593,-3.39278,0.0],[119.46583,-3.39305,0.0],[119.46516,-3.3938,0.0],[119.46497,-3.39415,0.0],[119.46477,-3.39505,0.0],[119.4649,-3.39547,0.0],[119.46545,-3.39627,0.0],[119.46586,-3.39651,0.0],[119.46655,-3.39637,0.0],[119.46686,-3.39644,0.0],[119.46704,-3.39659,0.0],[119.46756,-3.39745,0.0],[119.46775,-3.39824,0.0],[119.46774,-3.39894,0.0],[119.46757,-3.39984,0.0],[119.46716,-3.40092,0.0],[119.46749,-3.40211,0.0],[119.46749,-3.40366,0.0],[119.46765,-3.4048,0.0],[119.46765,-3.40575,0.0],[119.46784,-3.40643,0.0],[119.46921,-3.40879,0.0],[119.46965,-3.40928,0.0],[119.47055,-3.4097,0.0],[119.47107,-3.41017,0.0],[119.47176,-3.41031,0.0],[119.47199,-3.41044,0.0],[119.47226,-3.41074,0.0],[119.47262,-3.41149,0.0],[119.47356,-3.412,0.0],[119.47406,-3.41255,0.0],[119.47431,-3.413,0.0],[119.47429,-3.41321,0.0],[119.47405,-3.41357,0.0],[119.47399,-3.41383,0.0],[119.47413,-3.41521,0.0],[119.47539,-3.41542,0.0],[119.47633,-3.4153,0.0],[119.47692,-3.41548,0.0],[119.47783,-3.4164,0.0],[119.47844,-3.41656,0.0],[119.47895,-3.41623,0.0],[119.48084,-3.41448,0.0],[119.4839,-3.41214,0.0],[119.48616,-3.41028,0.0],[119.48837,-3.40918,0.0],[119.48948,-3.40843,0.0],[119.49027,-3.40779,0.0],[119.49093,-3.40699,0.0],[119.49219,-3.40605,0.0],[119.49653,-3.40434,0.0],[119.49732,-3.40352,0.0],[119.49783,-3.39994,0.0],[119.49837,-3.39948,0.0],[119.4993,-3.39883,0.0],[119.50101,-3.39823,0.0],[119.50451,-3.39745,0.0],[119.50525,-3.39679,0.0],[119.50333,-3.39648,0.0],[119.50104,-3.39325,0.0],[119.49778,-3.38928,0.0],[119.49602,-3.38488,0.0],[119.49119,-3.37197,0.0],[119.48975,-3.36866,0.0],[119.48923,-3.36771,0.0],[119.4885,-3.36689,0.0],[119.48834,-3.36593,0.0],[119.48805,-3.36304,0.0],[119.4872,-3.35894,0.0],[119.48693,-3.35816,0.0],[119.48654,-3.35613,0.0],[119.48532,-3.35406,0.0],[119.48451,-3.35175,0.0],[119.48397,-3.35047,0.0],[119.48269,-3.3466,0.0],[119.48245,-3.34538,0.0],[119.48224,-3.34517,0.0],[119.4816,-3.34537,0.0],[119.48121,-3.34511,0.0],[119.4808,-3.3444,0.0],[119.47935,-3.34287,0.0],[119.47889,-3.34294,0.0],[119.47808,-3.34259,0.0],[119.47743,-3.34213,0.0],[119.47663,-3.34209,0.0],[119.47591,-3.34252,0.0],[119.47501,-3.3434,0.0],[119.474,-3.34382,0.0],[119.47307,-3.34377,0.0],[119.47208,-3.34362,0.0],[119.47096,-3.34329,0.0],[119.47058,-3.34373,0.0],[119.47016,-3.34384,0.0],[119.46927,-3.34311,0.0],[119.46914,-3.34273,0.0],[119.46868,-3.34273,0.0],[119.46824,-3.34292,0.0],[119.46804,-3.34232,0.0],[119.46728,-3.3423,0.0],[119.46671,-3.34218,0.0],[119.46631,-3.34161,0.0],[119.4662,-3.34075,0.0],[119.46626,-3.34021,0.0],[119.46597,-3.33981,0.0],[119.46567,-3.33977,0.0],[119.46544,-3.34006,0.0],[119.46455,-3.33923,0.0],[119.46436,-3.33856,0.0],[119.46415,-3.33828,0.0],[119.46343,-3.33843,0.0],[119.46313,-3.33795,0.0],[119.46307,-3.33755,0.0],[119.46272,-3.33681,0.0],[119.46074,-3.33522,0.0],[119.45858,-3.33403,0.0],[119.4558,-3.33352,0.0],[119.45095,-3.33283,0.0],[119.45003,-3.33238,0.0],[119.44984,-3.33116,0.0],[119.44894,-3.33051,0.0],[119.44679,-3.3278,0.0],[119.44589,-3.32653,0.0]]],[[[119.44301,-3.32172,0.0],[119.44334,-3.32139,0.0],[119.44374,-3.32075,0.0],[119.444,-3.32015,0.0],[119.44444,-3.31875,0.0],[119.44488,-3.31807,0.0],[119.44493,-3.3178,0.0],[119.44462,-3.31632,0.0],[119.4446,-3.31592,0.0],[119.44432,-3.31653,0.0],[119.44393,-3.31701,0.0],[119.44328,-3.31723,0.0],[119.44148,-3.31757,0.0],[119.44113,-3.3179,0.0],[119.44097,-3.31832,0.0],[119.43979,-3.31891,0.0],[119.43905,-3.31953,0.0],[119.43856,-3.32009,0.0],[119.43879,-3.32031,0.0],[119.43888,-3.32064,0.0],[119.43913,-3.321,0.0],[119.43899,-3.32143,0.0],[119.43911,-3.32181,0.0],[119.43943,-3.32194,0.0],[119.43976,-3.32178,0.0],[119.44046,-3.32189,0.0],[119.44061,-3.32207,0.0],[119.44054,-3.3224,0.0],[119.44068,-3.32268,0.0],[119.44095,-3.32298,0.0],[119.44143,-3.32318,0.0],[119.4415,-3.32328,0.0],[119.44165,-3.32305,0.0],[119.44232,-3.32259,0.0],[119.44268,-3.32201,0.0],[119.44301,-3.32172,0.0]]]]},"properties":{"OBJECTID":88062,"NAMOBJ":"Sali Sali","WADMKD":"Sali Sali","WADMKC":"Lembang","KDEPUM":"73.15.07.2013","KDCPUM":"73.15.07","WADMKK":"Pinrang","WADMPR":"Sulawesi Selatan","LUASWH":31.373084762096035,"TIPADM":1,"Status":"Batas Indikatif"}},{"type":"Feature","id":88081,"geometry":{"type":"Polygon","coordinates":[[[119.48126,-3.49863,0.0],[119.48067,-3.49852,0.0],[119.48003,-3.4979,0.0],[119.47958,-3.4978,0.0],[119.47849,-3.49855,0.0],[119.47789,-3.49919,0.0],[119.4778,-3.4995,0.0],[119.4779,-3.50007,0.0],[119.47812,-3.5004,0.0],[119.47888,-3.50121,0.0],[119.47908,-3.50193,0.0],[119.47904,-3.50241,0.0],[119.47873,-3.50272,0.0],[119.47842,-3.50278,0.0],[119.47794,-3.50262,0.0],[119.47762,-3.50232,0.0],[119.477,-3.50134,0.0],[119.47649,-3.50097,0.0],[119.47607,-3.50083,0.0],[119.47519,-3.5009,0.0],[119.47526,-3.50116,0.0],[119.47497,-3.50135,0.0],[119.475,-3.50146,0.0],[119.47489,-3.50149,0.0],[119.47485,-3.50142,0.0],[119.4745,-3.50153,0.0],[119.47426,-3.50215,0.0],[119.47565,-3.50348,0.0],[119.47584,-3.5038,0.0],[119.47679,-3.50451,0.0],[119.47746,-3.50517,0.0],[119.47825,-3.50614,0.0],[119.47995,-3.50795,0.0],[119.4819,-3.50972,0.0],[119.48286,-3.51078,0.0],[119.48892,-3.51677,0.0],[119.49195,-3.52029,0.0],[119.4928,-3.52138,0.0],[119.49406,-3.52324,0.0],[119.49606,-3.52546,0.0],[119.49695,-3.52698,0.0],[119.49806,-3.52863,0.0],[119.49964,-3.53063,0.0],[119.4998,-3.53113,0.0],[119.5009,-3.53238,0.0],[119.50119,-3.53267,0.0],[119.50185,-3.53308,0.0],[119.50209,-3.53283,0.0],[119.50414,-3.53406,0.0],[119.50428,-3.53405,0.0],[119.50448,-3.5338,0.0],[119.50444,-3.53354,0.0],[119.50421,-3.53312,0.0],[119.50376,-3.5326,0.0],[119.50338,-3.53245,0.0],[119.50165,-3.53103,0.0],[119.50127,-3.53082,0.0],[119.50122,-3.53062,0.0],[119.50127,-3.53024,0.0],[119.50156,-3.53027,0.0],[119.50178,-3.53005,0.0],[119.5019,-3.52978,0.0],[119.50175,-3.52944,0.0],[119.5015,-3.52933,0.0],[119.50122,-3.5294,0.0],[119.50078,-3.52886,0.0],[119.49998,-3.52754,0.0],[119.49963,-3.52623,0.0],[119.49939,-3.5258,0.0],[119.49927,-3.52493,0.0],[119.49861,-3.52358,0.0],[119.49807,-3.52288,0.0],[119.49862,-3.52237,0.0],[119.49879,-3.522,0.0],[119.49919,-3.52154,0.0],[119.49955,-3.52224,0.0],[119.49968,-3.52204,0.0],[119.49973,-3.5214,0.0],[119.49959,-3.52074,0.0],[119.49978,-3.52022,0.0],[119.49968,-3.51993,0.0],[119.49909,-3.51954,0.0],[119.49853,-3.51879,0.0],[119.49798,-3.51854,0.0],[119.49791,-3.5182,0.0],[119.49722,-3.5173,0.0],[119.49685,-3.51544,0.0],[119.49629,-3.51458,0.0],[119.49612,-3.51409,0.0],[119.49538,-3.51271,0.0],[119.49472,-3.51191,0.0],[119.49447,-3.51072,0.0],[119.4942,-3.50869,0.0],[119.49332,-3.50884,0.0],[119.49263,-3.50692,0.0],[119.49146,-3.50502,0.0],[119.49057,-3.5039,0.0],[119.49068,-3.50383,0.0],[119.4889,-3.5019,0.0],[119.48802,-3.50268,0.0],[119.48797,-3.50291,0.0],[119.48753,-3.50355,0.0],[119.48676,-3.50439,0.0],[119.48629,-3.50384,0.0],[119.48607,-3.5033,0.0],[119.48253,-3.5003,0.0],[119.48202,-3.49935,0.0],[119.48166,-3.49909,0.0],[119.48126,-3.49863,0.0]]]},"properties":{"OBJECTID":88081,"NAMOBJ":"Binanga Karaeng","WADMKD":"Binanga Karaeng","WADMKC":"Lembang","KDEPUM":"73.15.07.2003","KDCPUM":"73.15.07","WADMKK":"Pinrang","WADMPR":"Sulawesi Selatan","LUASWH":3.2828252315620143,"TIPADM":1,"Status":"Batas Indikatif"}},{"type":"Feature","id":88089,"geometry":{"type":"Polygon","coordinates":[[[119.59557,-3.87537,0.0],[119.59432,-3.87487,0.0],[119.59427,-3.87493,0.0],[119.59254,-3.87414,0.0],[119.59265,-3.87399,0.0],[119.59185,-3.87367,0.0],[119.59145,-3.8733,0.0],[119.59002,-3.87229,0.0],[119.58972,-3.87286,0.0],[119.58932,-3.87278,0.0],[119.58909,-3.87264,0.0],[119.58887,-3.87285,0.0],[119.58802,-3.87424,0.0],[119.58689,-3.87356,0.0],[119.58626,-3.87451,0.0],[119.58652,-3.87469,0.0],[119.58489,-3.87703,0.0],[119.58402,-3.87797,0.0],[119.58349,-3.87753,0.0],[119.5825,-3.87872,0.0],[119.58208,-3.87834,0.0],[119.58188,-3.87857,0.0],[119.58169,-3.87842,0.0],[119.58084,-3.87946,0.0],[119.58143,-3.87997,0.0],[119.58112,-3.88027,0.0],[119.58188,-3.88101,0.0],[119.58196,-3.88096,0.0],[119.58212,-3.88118,0.0],[119.57979,-3.88269,0.0],[119.57949,-3.8828,0.0],[119.57901,-3.88254,0.0],[119.57888,-3.88309,0.0],[119.57808,-3.88297,0.0],[119.57778,-3.88374,0.0],[119.57716,-3.88378,0.0],[119.57692,-3.88473,0.0],[119.57648,-3.88473,0.0],[119.57665,-3.88389,0.0],[119.57629,-3.8839,0.0],[119.57576,-3.88378,0.0],[119.57574,-3.88405,0.0],[119.57481,-3.88389,0.0],[119.57479,-3.88432,0.0],[119.57436,-3.88425,0.0],[119.57432,-3.88453,0.0],[119.57379,-3.88446,0.0],[119.57373,-3.88509,0.0],[119.57294,-3.88499,0.0],[119.57288,-3.88538,0.0],[119.57091,-3.88476,0.0],[119.57075,-3.88513,0.0],[119.56804,-3.88428,0.0],[119.5674,-3.88491,0.0],[119.56671,-3.88543,0.0],[119.56561,-3.88661,0.0],[119.56524,-3.88636,0.0],[119.56538,-3.88612,0.0],[119.56535,-3.88602,0.0],[119.56503,-3.88582,0.0],[119.56507,-3.88567,0.0],[119.56497,-3.88527,0.0],[119.56457,-3.88503,0.0],[119.56396,-3.88606,0.0],[119.56408,-3.88618,0.0],[119.56351,-3.88695,0.0],[119.56447,-3.88766,0.0],[119.56402,-3.88833,0.0],[119.56347,-3.88975,0.0],[119.56464,-3.89058,0.0],[119.56452,-3.89081,0.0],[119.56511,-3.89118,0.0],[119.56488,-3.89157,0.0],[119.56555,-3.89199,0.0],[119.56544,-3.8923,0.0],[119.56679,-3.89319,0.0],[119.56715,-3.89253,0.0],[119.56771,-3.89288,0.0],[119.56753,-3.89319,0.0],[119.56799,-3.89357,0.0],[119.56819,-3.89354,0.0],[119.5694,-3.8943,0.0],[119.56917,-3.89469,0.0],[119.56963,-3.89495,0.0],[119.56952,-3.89507,0.0],[119.57024,-3.89561,0.0],[119.57034,-3.89557,0.0],[119.57058,-3.89573,0.0],[119.5708,-3.89537,0.0],[119.57181,-3.89598,0.0],[119.57196,-3.89591,0.0],[119.57261,-3.89601,0.0],[119.57329,-3.89589,0.0],[119.57379,-3.89589,0.0],[119.57437,-3.89567,0.0],[119.57593,-3.89597,0.0],[119.57648,-3.8958,0.0],[119.57723,-3.89585,0.0],[119.5775,-3.8955,0.0],[119.57762,-3.895,0.0],[119.57865,-3.8953,0.0],[119.57878,-3.89511,0.0],[119.5796,-3.89509,0.0],[119.58017,-3.89485,0.0],[119.58078,-3.89497,0.0],[119.58151,-3.89522,0.0],[119.58119,-3.89575,0.0],[119.58219,-3.89675,0.0],[119.58216,-3.89685,0.0],[119.58296,-3.89718,0.0],[119.58286,-3.89741,0.0],[119.58381,-3.89802,0.0],[119.58378,-3.8981,0.0],[119.58459,-3.89863,0.0],[119.58462,-3.89874,0.0],[119.58519,-3.89906,0.0],[119.58663,-3.89956,0.0],[119.58659,-3.89982,0.0],[119.58733,-3.9,0.0],[119.58756,-3.89998,0.0],[119.58862,-3.90041,0.0],[119.59009,-3.89716,0.0],[119.59228,-3.89808,0.0],[119.59276,-3.89698,0.0],[119.59288,-3.897,0.0],[119.59512,-3.89191,0.0],[119.59627,-3.8926,0.0],[119.59735,-3.89301,0.0],[119.59744,-3.89287,0.0],[119.59797,-3.89304,0.0],[119.59832,-3.89205,0.0],[119.59921,-3.89231,0.0],[119.59884,-3.89363,0.0],[119.60085,-3.89415,0.0],[119.60137,-3.89296,0.0],[119.60226,-3.89313,0.0],[119.60307,-3.89057,0.0],[119.60252,-3.89044,0.0],[119.60285,-3.88947,0.0],[119.60137,-3.88907,0.0],[119.60188,-3.88722,0.0],[119.59934,-3.88659,0.0],[119.59942,-3.88627,0.0],[119.59904,-3.88614,0.0],[119.59902,-3.88595,0.0],[119.59989,-3.88388,0.0],[119.59811,-3.88338,0.0],[119.59879,-3.88105,0.0],[119.59835,-3.88086,0.0],[119.59807,-3.88057,0.0],[119.59769,-3.88055,0.0],[119.59759,-3.88037,0.0],[119.59823,-3.87883,0.0],[119.59777,-3.87863,0.0],[119.59791,-3.87829,0.0],[119.59693,-3.8778,0.0],[119.59715,-3.87735,0.0],[119.59609,-3.87686,0.0],[119.59633,-3.8762,0.0],[119.59662,-3.8758,0.0],[119.59557,-3.87537,0.0]]]},"properties":{"OBJECTID":88089,"NAMOBJ":"Samaulue","WADMKD":"Samaulue","WADMKC":"Lanrisang","KDEPUM":"73.15.10.2002","KDCPUM":"73.15.10","WADMKK":"Pinrang","WADMPR":"Sulawesi Selatan","LUASWH":6.9865160173838676,"TIPADM":1,"Status":"Batas Indikatif"}},{"type":"Feature","id":88097,"geometry":{"type":"Polygon","coordinates":[[[119.67937,-3.77926,0.0],[119.67792,-3.77885,0.0],[119.67774,-3.77931,0.0],[119.67667,-3.77904,0.0],[119.67643,-3.77885,0.0],[119.67651,-3.77861,0.0],[119.67628,-3.7784,0.0],[119.67632,-3.77823,0.0],[119.67659,-3.7781,0.0],[119.67696,-3.77765,0.0],[119.67724,-3.77766,0.0],[119.67752,-3.77751,0.0],[119.67756,-3.77738,0.0],[119.67724,-3.777,0.0],[119.67734,-3.77678,0.0],[119.67727,-3.77634,0.0],[119.67715,-3.77616,0.0],[119.67724,-3.77576,0.0],[119.67712,-3.77557,0.0],[119.67712,-3.77536,0.0],[119.67722,-3.77523,0.0],[119.67769,-3.77498,0.0],[119.67781,-3.77458,0.0],[119.67764,-3.77443,0.0],[119.67766,-3.77417,0.0],[119.67702,-3.7739,0.0],[119.67706,-3.77376,0.0],[119.67635,-3.77352,0.0],[119.67674,-3.77262,0.0],[119.67667,-3.77256,0.0],[119.67672,-3.77228,0.0],[119.67723,-3.77128,0.0],[119.67626,-3.77093,0.0],[119.67578,-3.7706,0.0],[119.67408,-3.76975,0.0],[119.67252,-3.76987,0.0],[119.66872,-3.77821,0.0],[119.66795,-3.77801,0.0],[119.66788,-3.77817,0.0],[119.66777,-3.77817,0.0],[119.66646,-3.77801,0.0],[119.66613,-3.77913,0.0],[119.666,-3.77998,0.0],[119.66533,-3.7826,0.0],[119.66473,-3.78373,0.0],[119.66472,-3.7842,0.0],[119.66379,-3.78402,0.0],[119.66364,-3.78458,0.0],[119.65877,-3.78291,0.0],[119.65848,-3.78274,0.0],[119.65861,-3.78233,0.0],[119.65821,-3.78227,0.0],[119.65819,-3.78178,0.0],[119.6581,-3.78172,0.0],[119.65622,-3.78115,0.0],[119.65526,-3.78075,0.0],[119.65402,-3.78046,0.0],[119.65413,-3.78119,0.0],[119.65458,-3.78195,0.0],[119.65403,-3.78225,0.0],[119.65317,-3.78195,0.0],[119.653,-3.78241,0.0],[119.65231,-3.78265,0.0],[119.65329,-3.78429,0.0],[119.65488,-3.78634,0.0],[119.65521,-3.78695,0.0],[119.65539,-3.78773,0.0],[119.65518,-3.79001,0.0],[119.65533,-3.79132,0.0],[119.6557,-3.79126,0.0],[119.65704,-3.79132,0.0],[119.65829,-3.79153,0.0],[119.66016,-3.79218,0.0],[119.66247,-3.79329,0.0],[119.67481,-3.7973,0.0],[119.67607,-3.79768,0.0],[119.67698,-3.79772,0.0],[119.68145,-3.79707,0.0],[119.68137,-3.79645,0.0],[119.68103,-3.79623,0.0],[119.68122,-3.79515,0.0],[119.68004,-3.79466,0.0],[119.67988,-3.79443,0.0],[119.67904,-3.7943,0.0],[119.6789,-3.79415,0.0],[119.67924,-3.7917,0.0],[119.67906,-3.79154,0.0],[119.67828,-3.79135,0.0],[119.67805,-3.79119,0.0],[119.67817,-3.79018,0.0],[119.67849,-3.78919,0.0],[119.6784,-3.78886,0.0],[119.67851,-3.78813,0.0],[119.67776,-3.78792,0.0],[119.67768,-3.78783,0.0],[119.6781,-3.78601,0.0],[119.6784,-3.78527,0.0],[119.67826,-3.78505,0.0],[119.67828,-3.78482,0.0],[119.67924,-3.78199,0.0],[119.67925,-3.78183,0.0],[119.67911,-3.78175,0.0],[119.67908,-3.78165,0.0],[119.67931,-3.78088,0.0],[119.67926,-3.78061,0.0],[119.67942,-3.77975,0.0],[119.67954,-3.77948,0.0],[119.67937,-3.77926,0.0]]]},"properties":{"OBJECTID":88097,"NAMOBJ":"Laleng Bata","WADMKD":"Laleng Bata","WADMKC":"Paleteang","KDEPUM":"73.15.11.1005","KDCPUM":"73.15.11","WADMKK":"Pinrang","WADMPR":"Sulawesi Selatan","LUASWH":4.9204622899092811,"TIPADM":2,"Status":"Batas Indikatif"}},{"type":"Feature","id":88110,"geometry":{"type":"Polygon","coordinates":[[[119.57803,-3.81484,0.0],[119.57671,-3.81422,0.0],[119.57661,-3.81444,0.0],[119.57536,-3.81386,0.0],[119.57513,-3.81427,0.0],[119.57401,-3.81361,0.0],[119.57364,-3.81365,0.0],[119.57312,-3.81345,0.0],[119.57294,-3.81345,0.0],[119.57264,-3.81361,0.0],[119.57213,-3.81364,0.0],[119.57149,-3.81405,0.0],[119.57144,-3.81394,0.0],[119.56957,-3.81306,0.0],[119.56939,-3.81305,0.0],[119.56913,-3.81309,0.0],[119.56901,-3.81343,0.0],[119.56884,-3.81346,0.0],[119.56837,-3.814,0.0],[119.56796,-3.81378,0.0],[119.56769,-3.81375,0.0],[119.56574,-3.81477,0.0],[119.56448,-3.81513,0.0],[119.56414,-3.8153,0.0],[119.56392,-3.8151,0.0],[119.56364,-3.81462,0.0],[119.56371,-3.81335,0.0],[119.56389,-3.81277,0.0],[119.56339,-3.81231,0.0],[119.56289,-3.8122,0.0],[119.56262,-3.81202,0.0],[119.56258,-3.81186,0.0],[119.56285,-3.80955,0.0],[119.56307,-3.80876,0.0],[119.56293,-3.80798,0.0],[119.56202,-3.80769,0.0],[119.55963,-3.80656,0.0],[119.55956,-3.80665,0.0],[119.55932,-3.8066,0.0],[119.55921,-3.80666,0.0],[119.55789,-3.80511,0.0],[119.55758,-3.80462,0.0],[119.55735,-3.80402,0.0],[119.55724,-3.80411,0.0],[119.55686,-3.80391,0.0],[119.55638,-3.80484,0.0],[119.55603,-3.80466,0.0],[119.5557,-3.80523,0.0],[119.55434,-3.80448,0.0],[119.55408,-3.80501,0.0],[119.55346,-3.80469,0.0],[119.55268,-3.80642,0.0],[119.54973,-3.80529,0.0],[119.54978,-3.80515,0.0],[119.54543,-3.80273,0.0],[119.54531,-3.80301,0.0],[119.54375,-3.8026,0.0],[119.54346,-3.8026,0.0],[119.54306,-3.80239,0.0],[119.54294,-3.80271,0.0],[119.5417,-3.80236,0.0],[119.54091,-3.80409,0.0],[119.5407,-3.80411,0.0],[119.53954,-3.80356,0.0],[119.53897,-3.80456,0.0],[119.53599,-3.80304,0.0],[119.53456,-3.80213,0.0],[119.53334,-3.80411,0.0],[119.53318,-3.80397,0.0],[119.53261,-3.80457,0.0],[119.53244,-3.80465,0.0],[119.53189,-3.80438,0.0],[119.53182,-3.80442,0.0],[119.53077,-3.80647,0.0],[119.53571,-3.80846,0.0],[119.53565,-3.80864,0.0],[119.53677,-3.80921,0.0],[119.53653,-3.80972,0.0],[119.53667,-3.8098,0.0],[119.53621,-3.81085,0.0],[119.53982,-3.81277,0.0],[119.53948,-3.8135,0.0],[119.5405,-3.8139,0.0],[119.54097,-3.81422,0.0],[119.54068,-3.81482,0.0],[119.54137,-3.8151,0.0],[119.54113,-3.81575,0.0],[119.54154,-3.81593,0.0],[119.54126,-3.81659,0.0],[119.5417,-3.81684,0.0],[119.54185,-3.81669,0.0],[119.5439,-3.81774,0.0],[119.54413,-3.81741,0.0],[119.54545,-3.81805,0.0],[119.54546,-3.81817,0.0],[119.54645,-3.81877,0.0],[119.54632,-3.81904,0.0],[119.54863,-3.82041,0.0],[119.55208,-3.82202,0.0],[119.55216,-3.82191,0.0],[119.55248,-3.82206,0.0],[119.55259,-3.82202,0.0],[119.55558,-3.82294,0.0],[119.55593,-3.8231,0.0],[119.55656,-3.8228,0.0],[119.55665,-3.82299,0.0],[119.55953,-3.82147,0.0],[119.5605,-3.82191,0.0],[119.56044,-3.82215,0.0],[119.56065,-3.82224,0.0],[119.56057,-3.82243,0.0],[119.56214,-3.8231,0.0],[119.56208,-3.82352,0.0],[119.5615,-3.82425,0.0],[119.56056,-3.82506,0.0],[119.5617,-3.82592,0.0],[119.5615,-3.82629,0.0],[119.56194,-3.82647,0.0],[119.56185,-3.82667,0.0],[119.56219,-3.82687,0.0],[119.56208,-3.82711,0.0],[119.56169,-3.82693,0.0],[119.56153,-3.82715,0.0],[119.56084,-3.82677,0.0],[119.55977,-3.82886,0.0],[119.56002,-3.82912,0.0],[119.55976,-3.82974,0.0],[119.55999,-3.82985,0.0],[119.55992,-3.8301,0.0],[119.56069,-3.83046,0.0],[119.56068,-3.83061,0.0],[119.5632,-3.83222,0.0],[119.56382,-3.83124,0.0],[119.56416,-3.83052,0.0],[119.56444,-3.83066,0.0],[119.56507,-3.82963,0.0],[119.56549,-3.82908,0.0],[119.5656,-3.82914,0.0],[119.56593,-3.82837,0.0],[119.56471,-3.82774,0.0],[119.56515,-3.82686,0.0],[119.5655,-3.82573,0.0],[119.56566,-3.82578,0.0],[119.56584,-3.8255,0.0],[119.56606,-3.82494,0.0],[119.56597,-3.8249,0.0],[119.56612,-3.82459,0.0],[119.56899,-3.82556,0.0],[119.56941,-3.82577,0.0],[119.56921,-3.82611,0.0],[119.56962,-3.82641,0.0],[119.57134,-3.82729,0.0],[119.57128,-3.82742,0.0],[119.57188,-3.82768,0.0],[119.57135,-3.82863,0.0],[119.57369,-3.82968,0.0],[119.57619,-3.83094,0.0],[119.57847,-3.83177,0.0],[119.57904,-3.83066,0.0],[119.58178,-3.83207,0.0],[119.58264,-3.83026,0.0],[119.58343,-3.82889,0.0],[119.58316,-3.8288,0.0],[119.58357,-3.828,0.0],[119.58383,-3.82811,0.0],[119.5841,-3.8276,0.0],[119.58477,-3.82796,0.0],[119.58547,-3.82645,0.0],[119.58527,-3.82642,0.0],[119.58547,-3.82587,0.0],[119.5858,-3.82531,0.0],[119.58618,-3.82548,0.0],[119.5868,-3.82402,0.0],[119.58718,-3.82333,0.0],[119.58707,-3.82329,0.0],[119.58748,-3.82232,0.0],[119.58942,-3.82136,0.0],[119.58552,-3.81951,0.0],[119.58593,-3.81858,0.0],[119.5837,-3.81767,0.0],[119.5836,-3.81782,0.0],[119.58348,-3.81778,0.0],[119.58335,-3.81798,0.0],[119.58108,-3.81692,0.0],[119.5812,-3.81662,0.0],[119.57936,-3.8159,0.0],[119.57953,-3.81548,0.0],[119.57803,-3.81484,0.0]]]},"properties":{"OBJECTID":88110,"NAMOBJ":"Samaenre","WADMKD":"Samaenre","WADMKC":"Mattiro Sompe","KDEPUM":"73.15.01.2007","KDCPUM":"73.15.01","WADMKK":"Pinrang","WADMPR":"Sulawesi Selatan","LUASWH":9.2763194733435661,"TIPADM":1,"Status":"Batas Indikatif"}},{"type":"Feature","id":88120,"geometry":{"type":"Polygon","coordinates":[[[119.63893,-3.61522,0.0],[119.63687,-3.61178,0.0],[119.63348,-3.60889,0.0],[119.63116,-3.60764,0.0],[119.62881,-3.60672,0.0],[119.62646,-3.60595,0.0],[119.62539,-3.60523,0.0],[119.62371,-3.60679,0.0],[119.62189,-3.60789,0.0],[119.6191,-3.60917,0.0],[119.61674,-3.60985,0.0],[119.61399,-3.61036,0.0],[119.61,-3.6113,0.0],[119.60693,-3.61141,0.0],[119.60677,-3.61857,0.0],[119.60746,-3.62267,0.0],[119.60724,-3.62317,0.0],[119.60676,-3.62358,0.0],[119.60619,-3.62436,0.0],[119.60558,-3.62493,0.0],[119.60423,-3.62534,0.0],[119.60155,-3.62547,0.0],[119.60065,-3.62537,0.0],[119.60019,-3.62558,0.0],[119.59931,-3.62577,0.0],[119.59877,-3.62613,0.0],[119.59724,-3.62672,0.0],[119.59463,-3.62813,0.0],[119.59329,-3.62852,0.0],[119.59254,-3.62864,0.0],[119.59104,-3.62861,0.0],[119.59091,-3.62947,0.0],[119.59059,-3.63002,0.0],[119.58979,-3.63017,0.0],[119.58916,-3.63002,0.0],[119.58901,-3.63029,0.0],[119.58892,-3.63096,0.0],[119.58874,-3.63119,0.0],[119.58844,-3.63118,0.0],[119.58816,-3.63095,0.0],[119.58781,-3.63101,0.0],[119.58758,-3.63058,0.0],[119.58751,-3.6307,0.0],[119.58758,-3.63113,0.0],[119.58749,-3.63123,0.0],[119.58729,-3.63124,0.0],[119.58675,-3.63095,0.0],[119.58657,-3.63075,0.0],[119.58665,-3.63043,0.0],[119.58638,-3.63031,0.0],[119.5861,-3.63029,0.0],[119.5857,-3.63041,0.0],[119.58535,-3.63035,0.0],[119.58494,-3.62986,0.0],[119.58442,-3.6297,0.0],[119.58384,-3.62979,0.0],[119.58302,-3.62973,0.0],[119.5828,-3.62932,0.0],[119.58213,-3.62893,0.0],[119.58154,-3.62915,0.0],[119.58057,-3.62887,0.0],[119.58013,-3.62891,0.0],[119.57978,-3.62905,0.0],[119.57947,-3.62932,0.0],[119.5794,-3.62982,0.0],[119.57945,-3.63036,0.0],[119.57972,-3.63054,0.0],[119.5801,-3.63054,0.0],[119.5803,-3.63037,0.0],[119.58036,-3.62997,0.0],[119.58056,-3.62984,0.0],[119.58074,-3.62994,0.0],[119.58086,-3.63032,0.0],[119.58095,-3.63111,0.0],[119.58081,-3.6314,0.0],[119.58064,-3.63156,0.0],[119.58035,-3.63161,0.0],[119.58008,-3.632,0.0],[119.5795,-3.63205,0.0],[119.57944,-3.63226,0.0],[119.57951,-3.6325,0.0],[119.57934,-3.63258,0.0],[119.57839,-3.63242,0.0],[119.57815,-3.63227,0.0],[119.5779,-3.63178,0.0],[119.57768,-3.63163,0.0],[119.57615,-3.63138,0.0],[119.57558,-3.63093,0.0],[119.57533,-3.63108,0.0],[119.5753,-3.63172,0.0],[119.5759,-3.63247,0.0],[119.57566,-3.63253,0.0],[119.57553,-3.63266,0.0],[119.57559,-3.63304,0.0],[119.57546,-3.63315,0.0],[119.5748,-3.63284,0.0],[119.57434,-3.63289,0.0],[119.57395,-3.63303,0.0],[119.57356,-3.63329,0.0],[119.57334,-3.63363,0.0],[119.57332,-3.63408,0.0],[119.57398,-3.63526,0.0],[119.57407,-3.6356,0.0],[119.574,-3.63571,0.0],[119.57381,-3.6357,0.0],[119.5736,-3.63538,0.0],[119.57345,-3.63623,0.0],[119.57326,-3.63647,0.0],[119.57313,-3.63652,0.0],[119.57294,-3.63637,0.0],[119.57269,-3.63597,0.0],[119.57252,-3.63594,0.0],[119.57229,-3.63607,0.0],[119.57219,-3.63628,0.0],[119.5723,-3.6367,0.0],[119.57275,-3.637,0.0],[119.57286,-3.63776,0.0],[119.5728,-3.63805,0.0],[119.57265,-3.63821,0.0],[119.57187,-3.63798,0.0],[119.57166,-3.63805,0.0],[119.57159,-3.63863,0.0],[119.57137,-3.63878,0.0],[119.57112,-3.63876,0.0],[119.57092,-3.63776,0.0],[119.57073,-3.63773,0.0],[119.57038,-3.63814,0.0],[119.56984,-3.63851,0.0],[119.56975,-3.63881,0.0],[119.56954,-3.63898,0.0],[119.56928,-3.63896,0.0],[119.569,-3.63907,0.0],[119.56886,-3.63903,0.0],[119.56869,-3.63877,0.0],[119.56849,-3.63866,0.0],[119.5683,-3.6387,0.0],[119.56457,-3.64091,0.0],[119.56416,-3.6408,0.0],[119.56348,-3.63993,0.0],[119.56244,-3.63776,0.0],[119.56168,-3.63771,0.0],[119.56119,-3.63804,0.0],[119.56092,-3.63838,0.0],[119.56032,-3.63947,0.0],[119.55993,-3.63996,0.0],[119.55973,-3.64001,0.0],[119.55935,-3.63985,0.0],[119.55888,-3.63995,0.0],[119.55848,-3.64041,0.0],[119.55818,-3.64061,0.0],[119.5575,-3.64061,0.0],[119.55703,-3.64033,0.0],[119.55688,-3.64037,0.0],[119.55668,-3.64059,0.0],[119.5562,-3.64064,0.0],[119.55581,-3.64142,0.0],[119.55568,-3.64195,0.0],[119.55526,-3.64212,0.0],[119.5548,-3.642,0.0],[119.55472,-3.64181,0.0],[119.55419,-3.6414,0.0],[119.55337,-3.64105,0.0],[119.55303,-3.64117,0.0],[119.55296,-3.6416,0.0],[119.55274,-3.64171,0.0],[119.55186,-3.64138,0.0],[119.55138,-3.64144,0.0],[119.55114,-3.64159,0.0],[119.55038,-3.64157,0.0],[119.55006,-3.64187,0.0],[119.54982,-3.64193,0.0],[119.54922,-3.64171,0.0],[119.54897,-3.6417,0.0],[119.54868,-3.64145,0.0],[119.54859,-3.64155,0.0],[119.54857,-3.64178,0.0],[119.5481,-3.6418,0.0],[119.54707,-3.64224,0.0],[119.54532,-3.6417,0.0],[119.54509,-3.64238,0.0],[119.54451,-3.64361,0.0],[119.54458,-3.64375,0.0],[119.54448,-3.64424,0.0],[119.54451,-3.64567,0.0],[119.54446,-3.64603,0.0],[119.54408,-3.64671,0.0],[119.54407,-3.64768,0.0],[119.54343,-3.64873,0.0],[119.54269,-3.64953,0.0],[119.54174,-3.6503,0.0],[119.54078,-3.6496,0.0],[119.53988,-3.65113,0.0],[119.53851,-3.65299,0.0],[119.53716,-3.65507,0.0],[119.53654,-3.65501,0.0],[119.53652,-3.65549,0.0],[119.53597,-3.65534,0.0],[119.53581,-3.65567,0.0],[119.53532,-3.65551,0.0],[119.53541,-3.65517,0.0],[119.53502,-3.65462,0.0],[119.53458,-3.65303,0.0],[119.53428,-3.65251,0.0],[119.53287,-3.65238,0.0],[119.53272,-3.65317,0.0],[119.53279,-3.65459,0.0],[119.53234,-3.65459,0.0],[119.53106,-3.65425,0.0],[119.53089,-3.65456,0.0],[119.52832,-3.65324,0.0],[119.52682,-3.6524,0.0],[119.52581,-3.65172,0.0],[119.52463,-3.65107,0.0],[119.5242,-3.65091,0.0],[119.52395,-3.65146,0.0],[119.52381,-3.65141,0.0],[119.52363,-3.65183,0.0],[119.52267,-3.65144,0.0],[119.52221,-3.65236,0.0],[119.52282,-3.65477,0.0],[119.52283,-3.65509,0.0],[119.52259,-3.65572,0.0],[119.52272,-3.65587,0.0],[119.5236,-3.65608,0.0],[119.52426,-3.65634,0.0],[119.52617,-3.65814,0.0],[119.52633,-3.65822,0.0],[119.52701,-3.65814,0.0],[119.52766,-3.65837,0.0],[119.52799,-3.65885,0.0],[119.52825,-3.65885,0.0],[119.52833,-3.65866,0.0],[119.529,-3.65898,0.0],[119.52914,-3.65919,0.0],[119.5294,-3.65997,0.0],[119.53016,-3.66108,0.0],[119.53209,-3.66202,0.0],[119.53317,-3.66326,0.0],[119.53332,-3.66309,0.0],[119.53351,-3.66321,0.0],[119.53537,-3.66322,0.0],[119.53576,-3.66347,0.0],[119.53752,-3.66527,0.0],[119.5377,-3.66547,0.0],[119.54052,-3.67518,0.0],[119.54072,-3.67553,0.0],[119.54185,-3.67629,0.0],[119.54467,-3.67791,0.0],[119.54982,-3.67998,0.0],[119.55043,-3.68013,0.0],[119.55042,-3.67899,0.0],[119.55063,-3.67738,0.0],[119.55088,-3.67637,0.0],[119.55103,-3.67524,0.0],[119.55155,-3.67431,0.0],[119.55206,-3.67374,0.0],[119.55284,-3.67318,0.0],[119.55284,-3.67273,0.0],[119.55307,-3.67241,0.0],[119.55323,-3.67235,0.0],[119.554,-3.6725,0.0],[119.55486,-3.67245,0.0],[119.55598,-3.67231,0.0],[119.55646,-3.67218,0.0],[119.55659,-3.67202,0.0],[119.55653,-3.67191,0.0],[119.55546,-3.67153,0.0],[119.55491,-3.67118,0.0],[119.55484,-3.67099,0.0],[119.55497,-3.67055,0.0],[119.55537,-3.66994,0.0],[119.55577,-3.66961,0.0],[119.5565,-3.6693,0.0],[119.55697,-3.66927,0.0],[119.55698,-3.66909,0.0],[119.55682,-3.66895,0.0],[119.55684,-3.66864,0.0],[119.55759,-3.66792,0.0],[119.55758,-3.66737,0.0],[119.55712,-3.66668,0.0],[119.55702,-3.66644,0.0],[119.55713,-3.66632,0.0],[119.5573,-3.66629,0.0],[119.55762,-3.66638,0.0],[119.55834,-3.66601,0.0],[119.55858,-3.66619,0.0],[119.55904,-3.66632,0.0],[119.55953,-3.66638,0.0],[119.56012,-3.6663,0.0],[119.5606,-3.66603,0.0],[119.56107,-3.66562,0.0],[119.5617,-3.66602,0.0],[119.56224,-3.66605,0.0],[119.5634,-3.66586,0.0],[119.56385,-3.66543,0.0],[119.56383,-3.66512,0.0],[119.56474,-3.66498,0.0],[119.56561,-3.66442,0.0],[119.56723,-3.66301,0.0],[119.56748,-3.66266,0.0],[119.56842,-3.66182,0.0],[119.57038,-3.66082,0.0],[119.57066,-3.66051,0.0],[119.57077,-3.66026,0.0],[119.57037,-3.65923,0.0],[119.57084,-3.65897,0.0],[119.57078,-3.65875,0.0],[119.57103,-3.65852,0.0],[119.571,-3.65807,0.0],[119.57086,-3.65764,0.0],[119.5709,-3.65741,0.0],[119.57106,-3.65724,0.0],[119.57176,-3.65728,0.0],[119.57188,-3.65745,0.0],[119.57221,-3.6576,0.0],[119.57268,-3.6576,0.0],[119.57383,-3.65735,0.0],[119.57549,-3.65651,0.0],[119.58229,-3.65166,0.0],[119.58569,-3.64973,0.0],[119.58822,-3.64804,0.0],[119.58929,-3.64694,0.0],[119.58967,-3.64621,0.0],[119.59019,-3.64547,0.0],[119.59176,-3.64418,0.0],[119.59331,-3.64352,0.0],[119.59436,-3.64276,0.0],[119.59593,-3.64021,0.0],[119.5975,-3.63728,0.0],[119.59978,-3.63579,0.0],[119.60193,-3.63501,0.0],[119.60306,-3.63447,0.0],[119.60443,-3.63337,0.0],[119.60803,-3.6311,0.0],[119.6095,-3.63006,0.0],[119.61078,-3.62902,0.0],[119.61197,-3.6278,0.0],[119.61673,-3.62618,0.0],[119.61996,-3.62547,0.0],[119.62991,-3.62256,0.0],[119.63386,-3.6209,0.0],[119.63419,-3.61957,0.0],[119.63519,-3.61804,0.0],[119.63643,-3.617,0.0],[119.63709,-3.61628,0.0],[119.63893,-3.61522,0.0]]]},"properties":{"OBJECTID":88120,"NAMOBJ":"Lampa","WADMKD":"Lampa","WADMKC":"Duampanua","KDEPUM":"73.15.06.1003","KDCPUM":"73.15.06","WADMKK":"Pinrang","WADMPR":"Sulawesi Selatan","LUASWH":26.022805473171953,"TIPADM":2,"Status":"Batas Indikatif"}},{"type":"Feature","id":88145,"geometry":{"type":"Polygon","coordinates":[[[119.52327,-3.82399,0.0],[119.52035,-3.82197,0.0],[119.52068,-3.82139,0.0],[119.52048,-3.82115,0.0],[119.52043,-3.82074,0.0],[119.52154,-3.81892,0.0],[119.52215,-3.81759,0.0],[119.52395,-3.81415,0.0],[119.52404,-3.81383,0.0],[119.5235,-3.81358,0.0],[119.52237,-3.81313,0.0],[119.52065,-3.81314,0.0],[119.51724,-3.81183,0.0],[119.51639,-3.8124,0.0],[119.51503,-3.81393,0.0],[119.51464,-3.81419,0.0],[119.51296,-3.8145,0.0],[119.5127,-3.81447,0.0],[119.51205,-3.81411,0.0],[119.51272,-3.8161,0.0],[119.51274,-3.81639,0.0],[119.51173,-3.81736,0.0],[119.51039,-3.81614,0.0],[119.50899,-3.81739,0.0],[119.50868,-3.81753,0.0],[119.50895,-3.8175,0.0],[119.50909,-3.81772,0.0],[119.51114,-3.82396,0.0],[119.51182,-3.82624,0.0],[119.51175,-3.82641,0.0],[119.51151,-3.8266,0.0],[119.5119,-3.82648,0.0],[119.51194,-3.82661,0.0],[119.51156,-3.82673,0.0],[119.51196,-3.82676,0.0],[119.51291,-3.82999,0.0],[119.51331,-3.83063,0.0],[119.51344,-3.83111,0.0],[119.51379,-3.83172,0.0],[119.51397,-3.83259,0.0],[119.51419,-3.83311,0.0],[119.51431,-3.83385,0.0],[119.51476,-3.8352,0.0],[119.51473,-3.83531,0.0],[119.51454,-3.83542,0.0],[119.51431,-3.83532,0.0],[119.51431,-3.8355,0.0],[119.5144,-3.83568,0.0],[119.51467,-3.83546,0.0],[119.51489,-3.83555,0.0],[119.51556,-3.83767,0.0],[119.51565,-3.8382,0.0],[119.51541,-3.83837,0.0],[119.51527,-3.83827,0.0],[119.51522,-3.83834,0.0],[119.51537,-3.83858,0.0],[119.51544,-3.83842,0.0],[119.51573,-3.83835,0.0],[119.51625,-3.8394,0.0],[119.51647,-3.84027,0.0],[119.51711,-3.84187,0.0],[119.51742,-3.84326,0.0],[119.51765,-3.84396,0.0],[119.51881,-3.84185,0.0],[119.51927,-3.84257,0.0],[119.5199,-3.84403,0.0],[119.52155,-3.84159,0.0],[119.5226,-3.84059,0.0],[119.52263,-3.84039,0.0],[119.52211,-3.84006,0.0],[119.52216,-3.83989,0.0],[119.522,-3.83979,0.0],[119.52182,-3.84012,0.0],[119.52127,-3.8399,0.0],[119.52136,-3.83948,0.0],[119.52042,-3.83902,0.0],[119.52053,-3.83844,0.0],[119.52038,-3.83836,0.0],[119.5207,-3.83763,0.0],[119.52128,-3.83791,0.0],[119.52158,-3.83726,0.0],[119.52088,-3.83682,0.0],[119.52115,-3.83614,0.0],[119.52114,-3.83597,0.0],[119.52087,-3.8358,0.0],[119.5209,-3.83539,0.0],[119.52074,-3.83519,0.0],[119.52127,-3.83431,0.0],[119.52113,-3.83419,0.0],[119.52175,-3.83312,0.0],[119.52212,-3.83334,0.0],[119.52306,-3.83172,0.0],[119.523,-3.83166,0.0],[119.52356,-3.83077,0.0],[119.52345,-3.83067,0.0],[119.5238,-3.83006,0.0],[119.52355,-3.82991,0.0],[119.52371,-3.82966,0.0],[119.52291,-3.82915,0.0],[119.52279,-3.8293,0.0],[119.52208,-3.82884,0.0],[119.52229,-3.82823,0.0],[119.52194,-3.82802,0.0],[119.52195,-3.82785,0.0],[119.52267,-3.82652,0.0],[119.52187,-3.82599,0.0],[119.52327,-3.82399,0.0]]]},"properties":{"OBJECTID":88145,"NAMOBJ":"Pallameang","WADMKD":"Pallameang","WADMKC":"Mattiro Sompe","KDEPUM":"73.15.01.1002","KDCPUM":"73.15.01","WADMKK":"Pinrang","WADMPR":"Sulawesi Selatan","LUASWH":3.3063145378958341,"TIPADM":2,"Status":"Batas Indikatif"}},{"type":"Feature","id":88153,"geometry":{"type":"Polygon","coordinates":[[[119.52149,-3.75573,0.0],[119.52099,-3.75564,0.0],[119.51927,-3.75472,0.0],[119.51662,-3.76001,0.0],[119.51644,-3.7601,0.0],[119.51621,-3.76045,0.0],[119.51625,-3.7606,0.0],[119.51677,-3.76076,0.0],[119.51601,-3.76298,0.0],[119.51413,-3.76707,0.0],[119.51322,-3.76684,0.0],[119.5125,-3.76863,0.0],[119.51231,-3.76952,0.0],[119.51157,-3.77118,0.0],[119.51123,-3.77112,0.0],[119.51033,-3.77374,0.0],[119.51047,-3.77396,0.0],[119.51033,-3.77435,0.0],[119.51049,-3.77446,0.0],[119.51023,-3.77512,0.0],[119.51225,-3.77566,0.0],[119.51073,-3.77974,0.0],[119.51729,-3.78266,0.0],[119.51758,-3.78197,0.0],[119.51955,-3.78328,0.0],[119.51967,-3.78313,0.0],[119.52029,-3.78356,0.0],[119.52043,-3.78334,0.0],[119.52145,-3.78399,0.0],[119.52163,-3.78374,0.0],[119.52238,-3.78427,0.0],[119.5225,-3.78398,0.0],[119.52616,-3.7857,0.0],[119.52523,-3.7875,0.0],[119.52633,-3.7881,0.0],[119.52622,-3.78831,0.0],[119.52952,-3.7898,0.0],[119.52975,-3.78933,0.0],[119.5316,-3.79045,0.0],[119.53169,-3.79034,0.0],[119.53217,-3.79057,0.0],[119.53203,-3.79088,0.0],[119.53219,-3.791,0.0],[119.53174,-3.79236,0.0],[119.53189,-3.79243,0.0],[119.53204,-3.79207,0.0],[119.53233,-3.79221,0.0],[119.53212,-3.79272,0.0],[119.53284,-3.79314,0.0],[119.53252,-3.79388,0.0],[119.53277,-3.79399,0.0],[119.53286,-3.79426,0.0],[119.53258,-3.79456,0.0],[119.53212,-3.79465,0.0],[119.53032,-3.79469,0.0],[119.53144,-3.79538,0.0],[119.52988,-3.7981,0.0],[119.52979,-3.79806,0.0],[119.52916,-3.7991,0.0],[119.53183,-3.80044,0.0],[119.53151,-3.80103,0.0],[119.53273,-3.80168,0.0],[119.53374,-3.80236,0.0],[119.53397,-3.80196,0.0],[119.53451,-3.80226,0.0],[119.53456,-3.80213,0.0],[119.53599,-3.80304,0.0],[119.53897,-3.80456,0.0],[119.53954,-3.80356,0.0],[119.5407,-3.80411,0.0],[119.54091,-3.80409,0.0],[119.5417,-3.80236,0.0],[119.54294,-3.80271,0.0],[119.54306,-3.80239,0.0],[119.54346,-3.8026,0.0],[119.54375,-3.8026,0.0],[119.54531,-3.80301,0.0],[119.54543,-3.80273,0.0],[119.54978,-3.80515,0.0],[119.54973,-3.80529,0.0],[119.55268,-3.80642,0.0],[119.55346,-3.80469,0.0],[119.55408,-3.80501,0.0],[119.55434,-3.80448,0.0],[119.5557,-3.80523,0.0],[119.55603,-3.80466,0.0],[119.55638,-3.80484,0.0],[119.55686,-3.80391,0.0],[119.55724,-3.80411,0.0],[119.55735,-3.80402,0.0],[119.55758,-3.80462,0.0],[119.55789,-3.80511,0.0],[119.55921,-3.80666,0.0],[119.55932,-3.8066,0.0],[119.55956,-3.80665,0.0],[119.55963,-3.80656,0.0],[119.56202,-3.80769,0.0],[119.56293,-3.80798,0.0],[119.56307,-3.80876,0.0],[119.56285,-3.80955,0.0],[119.56258,-3.81186,0.0],[119.56262,-3.81202,0.0],[119.56289,-3.8122,0.0],[119.56339,-3.81231,0.0],[119.56389,-3.81277,0.0],[119.56371,-3.81335,0.0],[119.56364,-3.81462,0.0],[119.56392,-3.8151,0.0],[119.56414,-3.8153,0.0],[119.56448,-3.81513,0.0],[119.56574,-3.81477,0.0],[119.56769,-3.81375,0.0],[119.56796,-3.81378,0.0],[119.56837,-3.814,0.0],[119.56884,-3.81346,0.0],[119.56901,-3.81343,0.0],[119.56913,-3.81309,0.0],[119.56939,-3.81305,0.0],[119.56957,-3.81306,0.0],[119.57144,-3.81394,0.0],[119.57149,-3.81405,0.0],[119.57213,-3.81364,0.0],[119.57264,-3.81361,0.0],[119.57294,-3.81345,0.0],[119.57312,-3.81345,0.0],[119.57364,-3.81365,0.0],[119.57401,-3.81361,0.0],[119.57513,-3.81427,0.0],[119.57536,-3.81386,0.0],[119.57661,-3.81444,0.0],[119.57671,-3.81422,0.0],[119.57803,-3.81484,0.0],[119.57839,-3.81401,0.0],[119.57854,-3.81408,0.0],[119.57935,-3.81271,0.0],[119.57951,-3.81276,0.0],[119.57985,-3.81211,0.0],[119.58005,-3.81218,0.0],[119.58116,-3.81018,0.0],[119.58136,-3.80996,0.0],[119.57966,-3.80902,0.0],[119.58006,-3.80837,0.0],[119.57941,-3.80775,0.0],[119.57954,-3.80755,0.0],[119.57909,-3.80718,0.0],[119.57677,-3.80592,0.0],[119.57748,-3.80438,0.0],[119.57781,-3.80438,0.0],[119.57816,-3.80421,0.0],[119.57907,-3.80195,0.0],[119.57865,-3.80176,0.0],[119.57905,-3.80073,0.0],[119.57763,-3.80008,0.0],[119.57751,-3.80037,0.0],[119.57649,-3.80028,0.0],[119.57638,-3.8005,0.0],[119.57416,-3.79981,0.0],[119.57473,-3.7982,0.0],[119.57229,-3.79697,0.0],[119.57204,-3.79717,0.0],[119.57185,-3.79753,0.0],[119.56879,-3.79625,0.0],[119.56853,-3.7967,0.0],[119.56807,-3.79649,0.0],[119.5679,-3.79687,0.0],[119.56757,-3.79673,0.0],[119.56737,-3.7972,0.0],[119.56606,-3.79661,0.0],[119.56514,-3.79604,0.0],[119.5649,-3.79635,0.0],[119.56422,-3.7961,0.0],[119.56416,-3.79614,0.0],[119.56366,-3.7972,0.0],[119.56283,-3.79673,0.0],[119.563,-3.79648,0.0],[119.56314,-3.79573,0.0],[119.56295,-3.79495,0.0],[119.5625,-3.7944,0.0],[119.56019,-3.79243,0.0],[119.56027,-3.79221,0.0],[119.55655,-3.79063,0.0],[119.55637,-3.79064,0.0],[119.55249,-3.78929,0.0],[119.55225,-3.78903,0.0],[119.55217,-3.78882,0.0],[119.55203,-3.7878,0.0],[119.552,-3.78734,0.0],[119.55214,-3.7867,0.0],[119.55211,-3.78634,0.0],[119.54124,-3.7818,0.0],[119.54155,-3.78106,0.0],[119.54097,-3.78079,0.0],[119.54143,-3.7797,0.0],[119.53719,-3.7777,0.0],[119.53959,-3.77263,0.0],[119.53878,-3.77222,0.0],[119.53973,-3.77019,0.0],[119.54047,-3.76823,0.0],[119.54138,-3.76647,0.0],[119.54213,-3.76678,0.0],[119.54223,-3.76669,0.0],[119.54295,-3.76565,0.0],[119.54355,-3.76455,0.0],[119.54124,-3.76333,0.0],[119.54164,-3.76241,0.0],[119.5393,-3.76135,0.0],[119.53944,-3.76094,0.0],[119.5385,-3.76095,0.0],[119.53702,-3.76058,0.0],[119.5355,-3.7595,0.0],[119.53346,-3.75843,0.0],[119.53317,-3.75842,0.0],[119.53275,-3.75881,0.0],[119.52905,-3.75835,0.0],[119.52746,-3.75766,0.0],[119.52397,-3.7559,0.0],[119.52149,-3.75573,0.0]]]},"properties":{"OBJECTID":88153,"NAMOBJ":"Mattongang Tongang","WADMKD":"Mattongang Tongang","WADMKC":"Mattiro Sompe","KDEPUM":"73.15.01.2005","KDCPUM":"73.15.01","WADMKK":"Pinrang","WADMPR":"Sulawesi Selatan","LUASWH":18.952696039912237,"TIPADM":1,"Status":"Batas Indikatif"}},{"type":"Feature","id":88182,"geometry":{"type":"Polygon","coordinates":[[[119.53483,-3.69663,0.0],[119.5323,-3.69542,0.0],[119.53173,-3.69656,0.0],[119.5306,-3.69593,0.0],[119.53086,-3.69532,0.0],[119.53033,-3.69501,0.0],[119.53004,-3.69563,0.0],[119.52954,-3.69533,0.0],[119.52881,-3.69661,0.0],[119.52731,-3.69579,0.0],[119.52706,-3.69693,0.0],[119.52596,-3.70018,0.0],[119.52514,-3.69992,0.0],[119.52584,-3.69779,0.0],[119.52495,-3.69741,0.0],[119.52476,-3.69778,0.0],[119.52374,-3.69743,0.0],[119.52349,-3.69721,0.0],[119.52371,-3.69691,0.0],[119.52242,-3.69599,0.0],[119.52167,-3.69746,0.0],[119.52038,-3.69659,0.0],[119.51784,-3.69437,0.0],[119.51589,-3.69724,0.0],[119.51298,-3.69596,0.0],[119.5074,-3.69141,0.0],[119.50253,-3.68552,0.0],[119.50189,-3.68674,0.0],[119.50186,-3.68708,0.0],[119.50236,-3.68735,0.0],[119.50249,-3.68712,0.0],[119.50274,-3.68722,0.0],[119.50148,-3.68951,0.0],[119.50084,-3.68918,0.0],[119.50131,-3.68855,0.0],[119.50106,-3.68845,0.0],[119.50082,-3.68882,0.0],[119.50016,-3.68848,0.0],[119.50044,-3.68795,0.0],[119.49957,-3.68762,0.0],[119.49889,-3.68868,0.0],[119.49788,-3.68833,0.0],[119.49809,-3.68778,0.0],[119.49822,-3.68782,0.0],[119.49844,-3.68714,0.0],[119.49773,-3.68683,0.0],[119.49706,-3.68684,0.0],[119.49716,-3.68723,0.0],[119.4972,-3.68872,0.0],[119.49717,-3.68928,0.0],[119.49709,-3.68952,0.0],[119.49629,-3.69014,0.0],[119.49556,-3.69054,0.0],[119.49507,-3.69069,0.0],[119.49353,-3.69145,0.0],[119.49303,-3.69195,0.0],[119.49279,-3.69252,0.0],[119.49258,-3.69366,0.0],[119.49248,-3.69475,0.0],[119.49278,-3.69576,0.0],[119.49342,-3.69661,0.0],[119.49489,-3.69789,0.0],[119.49677,-3.69937,0.0],[119.49903,-3.70077,0.0],[119.50062,-3.70332,0.0],[119.50395,-3.70521,0.0],[119.50657,-3.70628,0.0],[119.50886,-3.70685,0.0],[119.51108,-3.70777,0.0],[119.51278,-3.70903,0.0],[119.51403,-3.71021,0.0],[119.51562,-3.71192,0.0],[119.5175,-3.7136,0.0],[119.52025,-3.71554,0.0],[119.52222,-3.71706,0.0],[119.52447,-3.71927,0.0],[119.52638,-3.72136,0.0],[119.5286,-3.72446,0.0],[119.53108,-3.7267,0.0],[119.53246,-3.72771,0.0],[119.5337,-3.72822,0.0],[119.53488,-3.72841,0.0],[119.53622,-3.72836,0.0],[119.53723,-3.72802,0.0],[119.5385,-3.72732,0.0],[119.53994,-3.72587,0.0],[119.54043,-3.72508,0.0],[119.54064,-3.72426,0.0],[119.54065,-3.72308,0.0],[119.54037,-3.72025,0.0],[119.5404,-3.71717,0.0],[119.54119,-3.71419,0.0],[119.54209,-3.71259,0.0],[119.54377,-3.71026,0.0],[119.5451,-3.70929,0.0],[119.54676,-3.70857,0.0],[119.54767,-3.70802,0.0],[119.54877,-3.70691,0.0],[119.54961,-3.70553,0.0],[119.55029,-3.70368,0.0],[119.55062,-3.70171,0.0],[119.54952,-3.70161,0.0],[119.54847,-3.70231,0.0],[119.54737,-3.70339,0.0],[119.5447,-3.70271,0.0],[119.54448,-3.7032,0.0],[119.54087,-3.70226,0.0],[119.54151,-3.69981,0.0],[119.54046,-3.69912,0.0],[119.54009,-3.69958,0.0],[119.53844,-3.69867,0.0],[119.53807,-3.6992,0.0],[119.53732,-3.69882,0.0],[119.53641,-3.70013,0.0],[119.5358,-3.69972,0.0],[119.53694,-3.69745,0.0],[119.53483,-3.69663,0.0]]]},"properties":{"OBJECTID":88182,"NAMOBJ":"Kaliang","WADMKD":"Kaliang","WADMKC":"Duampanua","KDEPUM":"73.15.06.2008","KDCPUM":"73.15.06","WADMKK":"Pinrang","WADMPR":"Sulawesi Selatan","LUASWH":12.293696183916639,"TIPADM":1,"Status":"Batas Indikatif"}},{"type":"Feature","id":88188,"geometry":{"type":"Polygon","coordinates":[[[119.69916,-3.72972,0.0],[119.6965,-3.72696,0.0],[119.69608,-3.72621,0.0],[119.696,-3.72573,0.0],[119.69543,-3.71668,0.0],[119.6955,-3.71614,0.0],[119.69624,-3.71326,0.0],[119.6971,-3.71111,0.0],[119.6972,-3.71056,0.0],[119.69717,-3.70961,0.0],[119.69667,-3.70575,0.0],[119.6953,-3.70506,0.0],[119.69507,-3.70544,0.0],[119.69444,-3.70499,0.0],[119.69338,-3.70405,0.0],[119.69297,-3.70441,0.0],[119.69234,-3.70377,0.0],[119.69203,-3.70428,0.0],[119.69122,-3.70447,0.0],[119.69006,-3.70427,0.0],[119.68944,-3.70438,0.0],[119.68858,-3.70473,0.0],[119.68845,-3.70514,0.0],[119.68726,-3.70524,0.0],[119.68719,-3.70554,0.0],[119.6868,-3.7058,0.0],[119.68668,-3.7061,0.0],[119.68637,-3.70612,0.0],[119.6863,-3.70622,0.0],[119.68629,-3.70656,0.0],[119.68583,-3.70702,0.0],[119.6856,-3.70747,0.0],[119.68559,-3.70767,0.0],[119.68566,-3.70791,0.0],[119.68613,-3.70859,0.0],[119.68661,-3.7088,0.0],[119.68675,-3.70895,0.0],[119.6872,-3.70986,0.0],[119.68781,-3.71,0.0],[119.68808,-3.71065,0.0],[119.68811,-3.71137,0.0],[119.68748,-3.71289,0.0],[119.68751,-3.71369,0.0],[119.6873,-3.71441,0.0],[119.68742,-3.71491,0.0],[119.68788,-3.7158,0.0],[119.68813,-3.71614,0.0],[119.68884,-3.71667,0.0],[119.68898,-3.71698,0.0],[119.6891,-3.71773,0.0],[119.68907,-3.71847,0.0],[119.68962,-3.71923,0.0],[119.68983,-3.72054,0.0],[119.68941,-3.72201,0.0],[119.68946,-3.72278,0.0],[119.6893,-3.72342,0.0],[119.68839,-3.72433,0.0],[119.68819,-3.72472,0.0],[119.68764,-3.72506,0.0],[119.68716,-3.72599,0.0],[119.68708,-3.72681,0.0],[119.68682,-3.72721,0.0],[119.68682,-3.72791,0.0],[119.68671,-3.72809,0.0],[119.68622,-3.72862,0.0],[119.68604,-3.72862,0.0],[119.6856,-3.72884,0.0],[119.68523,-3.72945,0.0],[119.68531,-3.72986,0.0],[119.68579,-3.73051,0.0],[119.68583,-3.73151,0.0],[119.68554,-3.73171,0.0],[119.68544,-3.73188,0.0],[119.68544,-3.73217,0.0],[119.68512,-3.73263,0.0],[119.68514,-3.73289,0.0],[119.68506,-3.73317,0.0],[119.68462,-3.73356,0.0],[119.68457,-3.7348,0.0],[119.68469,-3.73577,0.0],[119.68508,-3.73622,0.0],[119.68517,-3.73684,0.0],[119.68532,-3.73727,0.0],[119.68527,-3.738,0.0],[119.68552,-3.73837,0.0],[119.68545,-3.73862,0.0],[119.68561,-3.7391,0.0],[119.68556,-3.73935,0.0],[119.68565,-3.73953,0.0],[119.686,-3.73979,0.0],[119.68609,-3.74001,0.0],[119.68613,-3.74028,0.0],[119.68599,-3.74075,0.0],[119.68625,-3.74138,0.0],[119.68613,-3.74183,0.0],[119.68626,-3.7421,0.0],[119.68644,-3.74193,0.0],[119.68708,-3.74207,0.0],[119.68717,-3.74191,0.0],[119.68744,-3.74201,0.0],[119.68762,-3.74175,0.0],[119.68808,-3.742,0.0],[119.68868,-3.74252,0.0],[119.68904,-3.74258,0.0],[119.6891,-3.7425,0.0],[119.68957,-3.74259,0.0],[119.69088,-3.74121,0.0],[119.69146,-3.74099,0.0],[119.69224,-3.7403,0.0],[119.69321,-3.74078,0.0],[119.69334,-3.74056,0.0],[119.69418,-3.74091,0.0],[119.69481,-3.7396,0.0],[119.69469,-3.73954,0.0],[119.69509,-3.73876,0.0],[119.69561,-3.73899,0.0],[119.69596,-3.73805,0.0],[119.69635,-3.73812,0.0],[119.69638,-3.738,0.0],[119.69687,-3.73817,0.0],[119.69732,-3.73744,0.0],[119.69872,-3.73789,0.0],[119.69902,-3.7381,0.0],[119.69991,-3.7385,0.0],[119.70016,-3.73813,0.0],[119.70033,-3.73764,0.0],[119.70065,-3.73778,0.0],[119.70121,-3.7381,0.0],[119.70091,-3.73867,0.0],[119.70121,-3.73885,0.0],[119.70055,-3.73983,0.0],[119.70204,-3.74016,0.0],[119.70278,-3.73866,0.0],[119.7028,-3.73812,0.0],[119.70423,-3.73852,0.0],[119.70464,-3.73725,0.0],[119.70489,-3.73692,0.0],[119.70524,-3.73563,0.0],[119.7059,-3.73383,0.0],[119.70629,-3.73222,0.0],[119.70891,-3.73205,0.0],[119.7093,-3.73089,0.0],[119.70698,-3.73108,0.0],[119.70091,-3.73095,0.0],[119.70051,-3.73088,0.0],[119.70006,-3.73062,0.0],[119.69916,-3.72972,0.0]]]},"properties":{"OBJECTID":88188,"NAMOBJ":"Maccirinna","WADMKD":"Maccirinna","WADMKC":"Patampanua","KDEPUM":"73.15.05.1004","KDCPUM":"73.15.05","WADMKK":"Pinrang","WADMPR":"Sulawesi Selatan","LUASWH":5.1010222462515671,"TIPADM":2,"Status":"Batas Indikatif"}},{"type":"Feature","id":88198,"geometry":{"type":"Polygon","coordinates":[[[119.63226,-3.81069,0.0],[119.63053,-3.80974,0.0],[119.63035,-3.81007,0.0],[119.62949,-3.80956,0.0],[119.62779,-3.80881,0.0],[119.62792,-3.80851,0.0],[119.6256,-3.80746,0.0],[119.62557,-3.80752,0.0],[119.62455,-3.80696,0.0],[119.62432,-3.80745,0.0],[119.62321,-3.80697,0.0],[119.62318,-3.80683,0.0],[119.62194,-3.80629,0.0],[119.62173,-3.80624,0.0],[119.62168,-3.80634,0.0],[119.61979,-3.80553,0.0],[119.61958,-3.80588,0.0],[119.61906,-3.80544,0.0],[119.60672,-3.81199,0.0],[119.60645,-3.81154,0.0],[119.60616,-3.81171,0.0],[119.60598,-3.81163,0.0],[119.60609,-3.81143,0.0],[119.60436,-3.81056,0.0],[119.6046,-3.8102,0.0],[119.60398,-3.80982,0.0],[119.60347,-3.80953,0.0],[119.60325,-3.80989,0.0],[119.60255,-3.8095,0.0],[119.6024,-3.8095,0.0],[119.60231,-3.80943,0.0],[119.60254,-3.80895,0.0],[119.60148,-3.80846,0.0],[119.60125,-3.80897,0.0],[119.60045,-3.80863,0.0],[119.60041,-3.80872,0.0],[119.5987,-3.80786,0.0],[119.59882,-3.80762,0.0],[119.59564,-3.80603,0.0],[119.59558,-3.80616,0.0],[119.59474,-3.80574,0.0],[119.59515,-3.80489,0.0],[119.59407,-3.80435,0.0],[119.59374,-3.80484,0.0],[119.59357,-3.80477,0.0],[119.59328,-3.80515,0.0],[119.59217,-3.80455,0.0],[119.59218,-3.80446,0.0],[119.59038,-3.80335,0.0],[119.58779,-3.80202,0.0],[119.58787,-3.80183,0.0],[119.58746,-3.80158,0.0],[119.58731,-3.80186,0.0],[119.5864,-3.80145,0.0],[119.58634,-3.80149,0.0],[119.5852,-3.80105,0.0],[119.5853,-3.80085,0.0],[119.58453,-3.80045,0.0],[119.58471,-3.80007,0.0],[119.58344,-3.79958,0.0],[119.58332,-3.79985,0.0],[119.58277,-3.79964,0.0],[119.58299,-3.79924,0.0],[119.58173,-3.79868,0.0],[119.58048,-3.80128,0.0],[119.57905,-3.80073,0.0],[119.57865,-3.80176,0.0],[119.57907,-3.80195,0.0],[119.57816,-3.80421,0.0],[119.57781,-3.80438,0.0],[119.57748,-3.80438,0.0],[119.57677,-3.80592,0.0],[119.57909,-3.80718,0.0],[119.57954,-3.80755,0.0],[119.57941,-3.80775,0.0],[119.58006,-3.80837,0.0],[119.57966,-3.80902,0.0],[119.58136,-3.80996,0.0],[119.58116,-3.81018,0.0],[119.58005,-3.81218,0.0],[119.57985,-3.81211,0.0],[119.57951,-3.81276,0.0],[119.57935,-3.81271,0.0],[119.57854,-3.81408,0.0],[119.57839,-3.81401,0.0],[119.57803,-3.81484,0.0],[119.57953,-3.81548,0.0],[119.57936,-3.8159,0.0],[119.5812,-3.81662,0.0],[119.58108,-3.81692,0.0],[119.58335,-3.81798,0.0],[119.58348,-3.81778,0.0],[119.5836,-3.81782,0.0],[119.5837,-3.81767,0.0],[119.58593,-3.81858,0.0],[119.58552,-3.81951,0.0],[119.58942,-3.82136,0.0],[119.58748,-3.82232,0.0],[119.58707,-3.82329,0.0],[119.58718,-3.82333,0.0],[119.5868,-3.82402,0.0],[119.58618,-3.82548,0.0],[119.5858,-3.82531,0.0],[119.58547,-3.82587,0.0],[119.58527,-3.82642,0.0],[119.58547,-3.82645,0.0],[119.58477,-3.82796,0.0],[119.5841,-3.8276,0.0],[119.58383,-3.82811,0.0],[119.5843,-3.82832,0.0],[119.58441,-3.82814,0.0],[119.58585,-3.82883,0.0],[119.58635,-3.82899,0.0],[119.58613,-3.82952,0.0],[119.58628,-3.82957,0.0],[119.58529,-3.83268,0.0],[119.58678,-3.83313,0.0],[119.58694,-3.83269,0.0],[119.58798,-3.83301,0.0],[119.58772,-3.83404,0.0],[119.59196,-3.8358,0.0],[119.59029,-3.8364,0.0],[119.58947,-3.83607,0.0],[119.58901,-3.83706,0.0],[119.58908,-3.83716,0.0],[119.58859,-3.83777,0.0],[119.58943,-3.83847,0.0],[119.58959,-3.83824,0.0],[119.59038,-3.83841,0.0],[119.59048,-3.83816,0.0],[119.59082,-3.83797,0.0],[119.59139,-3.83789,0.0],[119.5918,-3.83797,0.0],[119.5913,-3.83924,0.0],[119.59181,-3.83939,0.0],[119.59192,-3.83918,0.0],[119.59212,-3.83926,0.0],[119.59291,-3.83761,0.0],[119.59338,-3.83717,0.0],[119.5947,-3.83629,0.0],[119.59595,-3.83557,0.0],[119.59607,-3.83558,0.0],[119.59657,-3.83451,0.0],[119.59774,-3.83296,0.0],[119.5981,-3.83318,0.0],[119.5993,-3.83113,0.0],[119.59957,-3.83072,0.0],[119.59973,-3.83077,0.0],[119.60002,-3.83024,0.0],[119.60039,-3.83042,0.0],[119.60068,-3.82983,0.0],[119.60086,-3.82989,0.0],[119.6013,-3.82931,0.0],[119.60216,-3.82861,0.0],[119.60229,-3.82869,0.0],[119.60292,-3.82812,0.0],[119.60407,-3.82742,0.0],[119.60488,-3.82793,0.0],[119.60516,-3.82765,0.0],[119.60569,-3.82679,0.0],[119.60628,-3.82693,0.0],[119.6068,-3.82635,0.0],[119.60785,-3.82702,0.0],[119.6087,-3.82626,0.0],[119.60905,-3.82588,0.0],[119.6088,-3.82551,0.0],[119.60959,-3.82425,0.0],[119.60952,-3.82417,0.0],[119.61099,-3.82208,0.0],[119.6112,-3.82165,0.0],[119.6136,-3.82282,0.0],[119.61399,-3.82216,0.0],[119.61545,-3.82302,0.0],[119.61519,-3.82363,0.0],[119.61562,-3.82385,0.0],[119.61557,-3.82393,0.0],[119.61666,-3.82443,0.0],[119.61716,-3.82349,0.0],[119.61806,-3.82215,0.0],[119.61905,-3.81968,0.0],[119.62146,-3.82065,0.0],[119.62499,-3.821,0.0],[119.62539,-3.81947,0.0],[119.62525,-3.8194,0.0],[119.6254,-3.81881,0.0],[119.62611,-3.81897,0.0],[119.62687,-3.81888,0.0],[119.62727,-3.81867,0.0],[119.62811,-3.81712,0.0],[119.62976,-3.81265,0.0],[119.63001,-3.81231,0.0],[119.63113,-3.81132,0.0],[119.63135,-3.8113,0.0],[119.63226,-3.81069,0.0]]]},"properties":{"OBJECTID":88198,"NAMOBJ":"Bunga","WADMKD":"Bunga","WADMKC":"Mattiro Bulu","KDEPUM":"73.15.03.2008","KDCPUM":"73.15.03","WADMKK":"Pinrang","WADMPR":"Sulawesi Selatan","LUASWH":12.005860413312023,"TIPADM":1,"Status":"Batas Indikatif"}},{"type":"Feature","id":88215,"geometry":{"type":"Polygon","coordinates":[[[119.66354,-3.89647,0.0],[119.6625,-3.89574,0.0],[119.66215,-3.89564,0.0],[119.66174,-3.89564,0.0],[119.66087,-3.89607,0.0],[119.6594,-3.89647,0.0],[119.6587,-3.89611,0.0],[119.6585,-3.89608,0.0],[119.65785,-3.8962,0.0],[119.65628,-3.89619,0.0],[119.656,-3.89633,0.0],[119.65483,-3.89635,0.0],[119.65453,-3.8963,0.0],[119.65401,-3.89588,0.0],[119.65352,-3.89589,0.0],[119.65337,-3.89541,0.0],[119.6535,-3.89506,0.0],[119.65342,-3.89435,0.0],[119.653,-3.89382,0.0],[119.65305,-3.89327,0.0],[119.65257,-3.89269,0.0],[119.65201,-3.89244,0.0],[119.65187,-3.89263,0.0],[119.65176,-3.89264,0.0],[119.65136,-3.8925,0.0],[119.6512,-3.89286,0.0],[119.65064,-3.89266,0.0],[119.65061,-3.8925,0.0],[119.65046,-3.89251,0.0],[119.64996,-3.89279,0.0],[119.64959,-3.89284,0.0],[119.64926,-3.89185,0.0],[119.64893,-3.89145,0.0],[119.64823,-3.89133,0.0],[119.64823,-3.8901,0.0],[119.64798,-3.88968,0.0],[119.64758,-3.88984,0.0],[119.64669,-3.88932,0.0],[119.64626,-3.88943,0.0],[119.64557,-3.89016,0.0],[119.64432,-3.88993,0.0],[119.64444,-3.88947,0.0],[119.64409,-3.88926,0.0],[119.64339,-3.88916,0.0],[119.64347,-3.88859,0.0],[119.64285,-3.88831,0.0],[119.64279,-3.88841,0.0],[119.64219,-3.88802,0.0],[119.64209,-3.88783,0.0],[119.64208,-3.88746,0.0],[119.64186,-3.88703,0.0],[119.64141,-3.88681,0.0],[119.64111,-3.88646,0.0],[119.64091,-3.88656,0.0],[119.64075,-3.88644,0.0],[119.64076,-3.88625,0.0],[119.64033,-3.88593,0.0],[119.6398,-3.88607,0.0],[119.63931,-3.88577,0.0],[119.63888,-3.8859,0.0],[119.63833,-3.88614,0.0],[119.63811,-3.88639,0.0],[119.63721,-3.88703,0.0],[119.63675,-3.88746,0.0],[119.63659,-3.88749,0.0],[119.63639,-3.88731,0.0],[119.63601,-3.88738,0.0],[119.63587,-3.88733,0.0],[119.63577,-3.887,0.0],[119.6353,-3.88699,0.0],[119.63527,-3.88719,0.0],[119.63495,-3.88721,0.0],[119.63493,-3.88704,0.0],[119.63455,-3.88699,0.0],[119.63435,-3.88764,0.0],[119.63387,-3.88753,0.0],[119.63373,-3.888,0.0],[119.63335,-3.88784,0.0],[119.6332,-3.88827,0.0],[119.63299,-3.88827,0.0],[119.63299,-3.88853,0.0],[119.63316,-3.88859,0.0],[119.63303,-3.88926,0.0],[119.63317,-3.8901,0.0],[119.63305,-3.89037,0.0],[119.63253,-3.89068,0.0],[119.63237,-3.89084,0.0],[119.63235,-3.89099,0.0],[119.6324,-3.89128,0.0],[119.63268,-3.89159,0.0],[119.63267,-3.89172,0.0],[119.63245,-3.89193,0.0],[119.63248,-3.89213,0.0],[119.63287,-3.89249,0.0],[119.63298,-3.89277,0.0],[119.63308,-3.89347,0.0],[119.63286,-3.89471,0.0],[119.63296,-3.89494,0.0],[119.63328,-3.89507,0.0],[119.63343,-3.89505,0.0],[119.63366,-3.8945,0.0],[119.63389,-3.89449,0.0],[119.6341,-3.89452,0.0],[119.63418,-3.89463,0.0],[119.63422,-3.895,0.0],[119.63394,-3.89549,0.0],[119.63355,-3.89593,0.0],[119.63235,-3.89859,0.0],[119.63227,-3.89888,0.0],[119.6323,-3.89965,0.0],[119.63208,-3.90015,0.0],[119.63179,-3.89998,0.0],[119.63149,-3.90076,0.0],[119.63129,-3.9007,0.0],[119.6312,-3.90107,0.0],[119.63137,-3.90132,0.0],[119.63096,-3.9014,0.0],[119.63077,-3.90131,0.0],[119.6306,-3.90119,0.0],[119.63055,-3.90093,0.0],[119.6304,-3.90083,0.0],[119.62984,-3.90074,0.0],[119.62954,-3.90092,0.0],[119.62883,-3.90079,0.0],[119.62864,-3.90061,0.0],[119.62848,-3.90017,0.0],[119.62804,-3.90002,0.0],[119.62786,-3.89956,0.0],[119.62792,-3.89943,0.0],[119.62764,-3.89933,0.0],[119.62774,-3.89906,0.0],[119.62724,-3.89886,0.0],[119.62702,-3.8989,0.0],[119.62659,-3.89975,0.0],[119.62615,-3.89962,0.0],[119.62597,-3.90003,0.0],[119.62464,-3.89968,0.0],[119.62431,-3.89976,0.0],[119.62414,-3.89997,0.0],[119.62398,-3.90004,0.0],[119.62159,-3.9002,0.0],[119.62119,-3.90008,0.0],[119.62047,-3.89962,0.0],[119.61921,-3.90132,0.0],[119.61881,-3.90295,0.0],[119.61838,-3.90379,0.0],[119.61802,-3.90437,0.0],[119.61711,-3.90514,0.0],[119.61684,-3.90557,0.0],[119.61647,-3.90701,0.0],[119.61618,-3.90773,0.0],[119.61547,-3.90872,0.0],[119.61527,-3.91062,0.0],[119.61505,-3.91138,0.0],[119.61442,-3.9129,0.0],[119.61362,-3.91353,0.0],[119.61324,-3.91362,0.0],[119.61285,-3.91367,0.0],[119.612,-3.9135,0.0],[119.61063,-3.91344,0.0],[119.60973,-3.91389,0.0],[119.60922,-3.91441,0.0],[119.60902,-3.9148,0.0],[119.6088,-3.91547,0.0],[119.60872,-3.916,0.0],[119.60881,-3.91676,0.0],[119.60874,-3.91744,0.0],[119.60859,-3.91806,0.0],[119.60822,-3.91881,0.0],[119.60785,-3.91929,0.0],[119.6095,-3.92014,0.0],[119.61012,-3.92034,0.0],[119.61043,-3.92026,0.0],[119.61077,-3.92034,0.0],[119.61189,-3.91952,0.0],[119.61237,-3.91956,0.0],[119.61267,-3.91935,0.0],[119.61329,-3.91922,0.0],[119.61367,-3.91935,0.0],[119.61387,-3.91996,0.0],[119.6141,-3.92018,0.0],[119.61434,-3.92035,0.0],[119.61467,-3.92027,0.0],[119.61487,-3.92032,0.0],[119.61495,-3.92048,0.0],[119.61514,-3.92053,0.0],[119.6162,-3.92043,0.0],[119.61699,-3.92024,0.0],[119.61791,-3.92033,0.0],[119.61842,-3.92018,0.0],[119.61925,-3.92015,0.0],[119.61969,-3.92003,0.0],[119.62008,-3.91981,0.0],[119.62054,-3.92005,0.0],[119.62124,-3.92071,0.0],[119.62246,-3.92139,0.0],[119.62291,-3.92184,0.0],[119.62352,-3.92294,0.0],[119.6237,-3.92409,0.0],[119.62406,-3.9247,0.0],[119.62475,-3.92499,0.0],[119.62523,-3.92553,0.0],[119.62543,-3.92564,0.0],[119.62595,-3.92564,0.0],[119.62619,-3.92597,0.0],[119.62671,-3.92633,0.0],[119.62725,-3.92727,0.0],[119.62764,-3.92773,0.0],[119.62832,-3.92808,0.0],[119.62943,-3.92799,0.0],[119.62993,-3.92833,0.0],[119.63141,-3.92806,0.0],[119.63232,-3.92836,0.0],[119.63305,-3.93021,0.0],[119.63327,-3.93045,0.0],[119.63403,-3.9307,0.0],[119.63484,-3.93108,0.0],[119.63528,-3.93106,0.0],[119.63563,-3.93131,0.0],[119.63587,-3.93175,0.0],[119.63631,-3.93176,0.0],[119.6366,-3.9314,0.0],[119.63682,-3.93135,0.0],[119.63817,-3.9316,0.0],[119.6391,-3.932,0.0],[119.63934,-3.93211,0.0],[119.63946,-3.93349,0.0],[119.6418,-3.93489,0.0],[119.64271,-3.93451,0.0],[119.64282,-3.93467,0.0],[119.64282,-3.93508,0.0],[119.6426,-3.93565,0.0],[119.6423,-3.93689,0.0],[119.64212,-3.93843,0.0],[119.64309,-3.93929,0.0],[119.64437,-3.94012,0.0],[119.64614,-3.94109,0.0],[119.64681,-3.94138,0.0],[119.64823,-3.94136,0.0],[119.65077,-3.94012,0.0],[119.65285,-3.93868,0.0],[119.65497,-3.93801,0.0],[119.65819,-3.93648,0.0],[119.65993,-3.93411,0.0],[119.6615,-3.93253,0.0],[119.66258,-3.93231,0.0],[119.66345,-3.93228,0.0],[119.66477,-3.93158,0.0],[119.66566,-3.93077,0.0],[119.66949,-3.92851,0.0],[119.67284,-3.92694,0.0],[119.67574,-3.92514,0.0],[119.67727,-3.92567,0.0],[119.67856,-3.92589,0.0],[119.67879,-3.92608,0.0],[119.67971,-3.92631,0.0],[119.67983,-3.92592,0.0],[119.6836,-3.92678,0.0],[119.68384,-3.92611,0.0],[119.68391,-3.92566,0.0],[119.68402,-3.92541,0.0],[119.68443,-3.92492,0.0],[119.68445,-3.92477,0.0],[119.68417,-3.92454,0.0],[119.68365,-3.92381,0.0],[119.68362,-3.92355,0.0],[119.6831,-3.9229,0.0],[119.68279,-3.92232,0.0],[119.68278,-3.9221,0.0],[119.68308,-3.92135,0.0],[119.68301,-3.9204,0.0],[119.68375,-3.91825,0.0],[119.68375,-3.91792,0.0],[119.68337,-3.91721,0.0],[119.6819,-3.91612,0.0],[119.68168,-3.91515,0.0],[119.68119,-3.91515,0.0],[119.68105,-3.91527,0.0],[119.68086,-3.91568,0.0],[119.68053,-3.91593,0.0],[119.68039,-3.91631,0.0],[119.6802,-3.91634,0.0],[119.67991,-3.9161,0.0],[119.67983,-3.91574,0.0],[119.68017,-3.91468,0.0],[119.68015,-3.91452,0.0],[119.67956,-3.91408,0.0],[119.67938,-3.9138,0.0],[119.67932,-3.91352,0.0],[119.6795,-3.91322,0.0],[119.67948,-3.91299,0.0],[119.67932,-3.91283,0.0],[119.67937,-3.91225,0.0],[119.67929,-3.91205,0.0],[119.67904,-3.9119,0.0],[119.67895,-3.9117,0.0],[119.67899,-3.911,0.0],[119.67928,-3.91043,0.0],[119.67936,-3.91003,0.0],[119.6792,-3.90976,0.0],[119.67925,-3.90848,0.0],[119.67936,-3.90816,0.0],[119.6794,-3.90737,0.0],[119.67933,-3.90668,0.0],[119.67882,-3.90604,0.0],[119.67821,-3.9055,0.0],[119.6777,-3.90509,0.0],[119.67676,-3.90466,0.0],[119.67632,-3.90437,0.0],[119.67538,-3.90345,0.0],[119.67496,-3.9029,0.0],[119.67429,-3.90164,0.0],[119.67389,-3.9013,0.0],[119.67285,-3.9007,0.0],[119.67239,-3.9007,0.0],[119.67242,-3.90036,0.0],[119.67262,-3.90015,0.0],[119.67317,-3.90005,0.0],[119.67347,-3.90014,0.0],[119.67369,-3.90006,0.0],[119.67389,-3.89984,0.0],[119.674,-3.89959,0.0],[119.67381,-3.89886,0.0],[119.67397,-3.898,0.0],[119.67378,-3.89757,0.0],[119.67378,-3.89688,0.0],[119.67359,-3.89666,0.0],[119.67324,-3.89661,0.0],[119.67259,-3.89679,0.0],[119.67236,-3.89678,0.0],[119.6722,-3.89569,0.0],[119.67195,-3.89527,0.0],[119.67185,-3.89518,0.0],[119.67079,-3.89516,0.0],[119.67069,-3.89541,0.0],[119.66969,-3.89548,0.0],[119.66924,-3.89583,0.0],[119.66861,-3.89576,0.0],[119.66815,-3.89708,0.0],[119.66682,-3.89879,0.0],[119.66661,-3.89885,0.0],[119.6663,-3.89878,0.0],[119.66506,-3.8977,0.0],[119.66425,-3.89722,0.0],[119.66354,-3.89647,0.0]]]},"properties":{"OBJECTID":88215,"NAMOBJ":"Makkawaru","WADMKD":"Makkawaru","WADMKC":"Mattiro Bulu","KDEPUM":"73.15.03.2009","KDCPUM":"73.15.03","WADMKK":"Pinrang","WADMPR":"Sulawesi Selatan","LUASWH":28.351198539236002,"TIPADM":1,"Status":"Batas Indikatif"}},{"type":"Feature","id":88223,"geometry":{"type":"Polygon","coordinates":[[[119.61841,-3.87243,0.0],[119.61834,-3.87205,0.0],[119.61771,-3.87222,0.0],[119.61759,-3.87196,0.0],[119.61719,-3.87165,0.0],[119.6173,-3.87114,0.0],[119.61606,-3.87075,0.0],[119.61588,-3.87104,0.0],[119.61537,-3.8707,0.0],[119.61454,-3.87039,0.0],[119.61465,-3.87022,0.0],[119.61443,-3.87011,0.0],[119.61407,-3.8704,0.0],[119.61345,-3.8712,0.0],[119.61279,-3.87072,0.0],[119.61302,-3.87035,0.0],[119.61282,-3.87025,0.0],[119.61258,-3.87032,0.0],[119.61226,-3.8709,0.0],[119.61088,-3.87017,0.0],[119.61073,-3.87043,0.0],[119.60988,-3.87001,0.0],[119.60968,-3.87042,0.0],[119.60907,-3.87017,0.0],[119.60896,-3.87031,0.0],[119.60731,-3.86948,0.0],[119.60378,-3.86807,0.0],[119.60144,-3.86915,0.0],[119.60123,-3.86915,0.0],[119.60075,-3.86895,0.0],[119.60062,-3.86898,0.0],[119.60023,-3.8694,0.0],[119.60007,-3.8694,0.0],[119.59948,-3.8691,0.0],[119.5998,-3.86812,0.0],[119.59853,-3.86755,0.0],[119.59771,-3.86963,0.0],[119.59762,-3.86961,0.0],[119.5975,-3.86998,0.0],[119.59764,-3.87005,0.0],[119.59739,-3.87067,0.0],[119.59721,-3.87062,0.0],[119.59603,-3.873,0.0],[119.59658,-3.87334,0.0],[119.59556,-3.87537,0.0],[119.59662,-3.8758,0.0],[119.59633,-3.8762,0.0],[119.59609,-3.87686,0.0],[119.59715,-3.87735,0.0],[119.59693,-3.8778,0.0],[119.59791,-3.87829,0.0],[119.59777,-3.87863,0.0],[119.59823,-3.87883,0.0],[119.59759,-3.88037,0.0],[119.59769,-3.88055,0.0],[119.59807,-3.88057,0.0],[119.59835,-3.88086,0.0],[119.59879,-3.88105,0.0],[119.59811,-3.88338,0.0],[119.59989,-3.88388,0.0],[119.59901,-3.88607,0.0],[119.59942,-3.88627,0.0],[119.59934,-3.88659,0.0],[119.60188,-3.88722,0.0],[119.60137,-3.88907,0.0],[119.60285,-3.88947,0.0],[119.60252,-3.89044,0.0],[119.60307,-3.89057,0.0],[119.60286,-3.89126,0.0],[119.60407,-3.89175,0.0],[119.60475,-3.89187,0.0],[119.60927,-3.89344,0.0],[119.61085,-3.89391,0.0],[119.61058,-3.89459,0.0],[119.61068,-3.89464,0.0],[119.60985,-3.89626,0.0],[119.6095,-3.89614,0.0],[119.60928,-3.89667,0.0],[119.61005,-3.89701,0.0],[119.60984,-3.89746,0.0],[119.61014,-3.89755,0.0],[119.60997,-3.89797,0.0],[119.61038,-3.89814,0.0],[119.61046,-3.89796,0.0],[119.61081,-3.89806,0.0],[119.61566,-3.89998,0.0],[119.61474,-3.90274,0.0],[119.61339,-3.90576,0.0],[119.61236,-3.90756,0.0],[119.61249,-3.90764,0.0],[119.61249,-3.90785,0.0],[119.6134,-3.90829,0.0],[119.61372,-3.9081,0.0],[119.61547,-3.90876,0.0],[119.61618,-3.90773,0.0],[119.61647,-3.90701,0.0],[119.61684,-3.90557,0.0],[119.61711,-3.90514,0.0],[119.61802,-3.90437,0.0],[119.61881,-3.90295,0.0],[119.61921,-3.90132,0.0],[119.6205,-3.89958,0.0],[119.62137,-3.89823,0.0],[119.62148,-3.89788,0.0],[119.62145,-3.8975,0.0],[119.62114,-3.89701,0.0],[119.62106,-3.89674,0.0],[119.62123,-3.89582,0.0],[119.62123,-3.89472,0.0],[119.62106,-3.89355,0.0],[119.6211,-3.89323,0.0],[119.62148,-3.89254,0.0],[119.62264,-3.89154,0.0],[119.62345,-3.89055,0.0],[119.62376,-3.88977,0.0],[119.62383,-3.88919,0.0],[119.62383,-3.88823,0.0],[119.62368,-3.88755,0.0],[119.62289,-3.88607,0.0],[119.62273,-3.88489,0.0],[119.62226,-3.88419,0.0],[119.62203,-3.88399,0.0],[119.62019,-3.88384,0.0],[119.61982,-3.88364,0.0],[119.6195,-3.88324,0.0],[119.6184,-3.88242,0.0],[119.61825,-3.88249,0.0],[119.61802,-3.88292,0.0],[119.61784,-3.88296,0.0],[119.61748,-3.88284,0.0],[119.61684,-3.88229,0.0],[119.61617,-3.88202,0.0],[119.61568,-3.88169,0.0],[119.61492,-3.88096,0.0],[119.61447,-3.8803,0.0],[119.61444,-3.87987,0.0],[119.6146,-3.87897,0.0],[119.61457,-3.87865,0.0],[119.61442,-3.87833,0.0],[119.6139,-3.87765,0.0],[119.61402,-3.87658,0.0],[119.61425,-3.87601,0.0],[119.61425,-3.87568,0.0],[119.6144,-3.87569,0.0],[119.61505,-3.87478,0.0],[119.61526,-3.8743,0.0],[119.61588,-3.87358,0.0],[119.61605,-3.87348,0.0],[119.61697,-3.87343,0.0],[119.61712,-3.87334,0.0],[119.61732,-3.8729,0.0],[119.61802,-3.87267,0.0],[119.61841,-3.87243,0.0]]]},"properties":{"OBJECTID":88223,"NAMOBJ":"Amassangang","WADMKD":"Amassangang","WADMKC":"Lanrisang","KDEPUM":"73.15.10.2004","KDCPUM":"73.15.10","WADMKK":"Pinrang","WADMPR":"Sulawesi Selatan","LUASWH":6.920700456365724,"TIPADM":1,"Status":"Batas Indikatif"}}]}