{"type":"FeatureCollection","features":[{"type":"Feature","id":5898,"geometry":{"type":"Polygon","coordinates":[[[119.50113,-3.75059,0.0],[119.50064,-3.75057,0.0],[119.49911,-3.75096,0.0],[119.49867,-3.75115,0.0],[119.49729,-3.75226,0.0],[119.49698,-3.75266,0.0],[119.49617,-3.75252,0.0],[119.49539,-3.75188,0.0],[119.49432,-3.75188,0.0],[119.49375,-3.75148,0.0],[119.49346,-3.75145,0.0],[119.49325,-3.75218,0.0],[119.49279,-3.75262,0.0],[119.49212,-3.75389,0.0],[119.49184,-3.75397,0.0],[119.49134,-3.75391,0.0],[119.49112,-3.75411,0.0],[119.49092,-3.75446,0.0],[119.49076,-3.75453,0.0],[119.49043,-3.75453,0.0],[119.49026,-3.75444,0.0],[119.49006,-3.75412,0.0],[119.4898,-3.75392,0.0],[119.48884,-3.75356,0.0],[119.48871,-3.7536,0.0],[119.48864,-3.75448,0.0],[119.48815,-3.75511,0.0],[119.48781,-3.75544,0.0],[119.48626,-3.75622,0.0],[119.48577,-3.75655,0.0],[119.48525,-3.7573,0.0],[119.48436,-3.75832,0.0],[119.48447,-3.75852,0.0],[119.48439,-3.75861,0.0],[119.48449,-3.75867,0.0],[119.48462,-3.75903,0.0],[119.48484,-3.75911,0.0],[119.48499,-3.75961,0.0],[119.48532,-3.76023,0.0],[119.48534,-3.76047,0.0],[119.48574,-3.76122,0.0],[119.48576,-3.76145,0.0],[119.48624,-3.76239,0.0],[119.48632,-3.76299,0.0],[119.48673,-3.76374,0.0],[119.48696,-3.76462,0.0],[119.48743,-3.7656,0.0],[119.48898,-3.76999,0.0],[119.4899,-3.7723,0.0],[119.49141,-3.77705,0.0],[119.49163,-3.77813,0.0],[119.49138,-3.77836,0.0],[119.49179,-3.77826,0.0],[119.49183,-3.77841,0.0],[119.49143,-3.77855,0.0],[119.49188,-3.77849,0.0],[119.4921,-3.77878,0.0],[119.49241,-3.7798,0.0],[119.49316,-3.78158,0.0],[119.49331,-3.78231,0.0],[119.49346,-3.78247,0.0],[119.49504,-3.78639,0.0],[119.4966,-3.78949,0.0],[119.49667,-3.7899,0.0],[119.49689,-3.79012,0.0],[119.49939,-3.79439,0.0],[119.50078,-3.79702,0.0],[119.50096,-3.7976,0.0],[119.50074,-3.79786,0.0],[119.5011,-3.79773,0.0],[119.50125,-3.79806,0.0],[119.50091,-3.79828,0.0],[119.50116,-3.79819,0.0],[119.50128,-3.79827,0.0],[119.50274,-3.80129,0.0],[119.50523,-3.80709,0.0],[119.50568,-3.8083,0.0],[119.50586,-3.80883,0.0],[119.50557,-3.80905,0.0],[119.50589,-3.80895,0.0],[119.50597,-3.80913,0.0],[119.50565,-3.8093,0.0],[119.50596,-3.80923,0.0],[119.50614,-3.80952,0.0],[119.50758,-3.81322,0.0],[119.50882,-3.81685,0.0],[119.50879,-3.81716,0.0],[119.50858,-3.81734,0.0],[119.50892,-3.81721,0.0],[119.50899,-3.81739,0.0],[119.50868,-3.81754,0.0],[119.50894,-3.81749,0.0],[119.50909,-3.81772,0.0],[119.51088,-3.82312,0.0],[119.51181,-3.8262,0.0],[119.51175,-3.82641,0.0],[119.51151,-3.8266,0.0],[119.5119,-3.82648,0.0],[119.51194,-3.82661,0.0],[119.51156,-3.82673,0.0],[119.51196,-3.82676,0.0],[119.51291,-3.82999,0.0],[119.51331,-3.83063,0.0],[119.51344,-3.83111,0.0],[119.51377,-3.83167,0.0],[119.51391,-3.83212,0.0],[119.51392,-3.83239,0.0],[119.51418,-3.83308,0.0],[119.51431,-3.83385,0.0],[119.51476,-3.8352,0.0],[119.51473,-3.83531,0.0],[119.51454,-3.83542,0.0],[119.51431,-3.83532,0.0],[119.51431,-3.8355,0.0],[119.5144,-3.83568,0.0],[119.51467,-3.83546,0.0],[119.51489,-3.83555,0.0],[119.51556,-3.83767,0.0],[119.51565,-3.8382,0.0],[119.51541,-3.83837,0.0],[119.51527,-3.83827,0.0],[119.51522,-3.83834,0.0],[119.51537,-3.83858,0.0],[119.51544,-3.83842,0.0],[119.51573,-3.83835,0.0],[119.51625,-3.8394,0.0],[119.51647,-3.84027,0.0],[119.51711,-3.84187,0.0],[119.51751,-3.84359,0.0],[119.51835,-3.84585,0.0],[119.51841,-3.84639,0.0],[119.51866,-3.84714,0.0],[119.51862,-3.8473,0.0],[119.51885,-3.84784,0.0],[119.51895,-3.8484,0.0],[119.5198,-3.8512,0.0],[119.51984,-3.85178,0.0],[119.52009,-3.85179,0.0],[119.52008,-3.85191,0.0],[119.52071,-3.85335,0.0],[119.52077,-3.85409,0.0],[119.52108,-3.85502,0.0],[119.52114,-3.855,0.0],[119.52094,-3.85412,0.0],[119.52098,-3.85398,0.0],[119.52135,-3.85445,0.0],[119.52161,-3.85494,0.0],[119.52126,-3.85518,0.0],[119.5214,-3.85566,0.0],[119.52153,-3.85582,0.0],[119.52247,-3.85896,0.0],[119.52304,-3.86038,0.0],[119.52388,-3.86321,0.0],[119.5242,-3.86375,0.0],[119.52411,-3.86423,0.0],[119.52424,-3.86486,0.0],[119.52421,-3.86501,0.0],[119.52447,-3.86473,0.0],[119.52443,-3.86379,0.0],[119.5249,-3.86327,0.0],[119.52528,-3.86314,0.0],[119.5258,-3.86313,0.0],[119.52682,-3.86368,0.0],[119.527,-3.86364,0.0],[119.52714,-3.86314,0.0],[119.52728,-3.86295,0.0],[119.52809,-3.86272,0.0],[119.52824,-3.86232,0.0],[119.5283,-3.86178,0.0],[119.52855,-3.86168,0.0],[119.52874,-3.86175,0.0],[119.52912,-3.86235,0.0],[119.53023,-3.86286,0.0],[119.53044,-3.86345,0.0],[119.53059,-3.86354,0.0],[119.53135,-3.86328,0.0],[119.53203,-3.86334,0.0],[119.53216,-3.86342,0.0],[119.53336,-3.86347,0.0],[119.53363,-3.8636,0.0],[119.53396,-3.86402,0.0],[119.53398,-3.86453,0.0],[119.53411,-3.8649,0.0],[119.53429,-3.86498,0.0],[119.53462,-3.86496,0.0],[119.535,-3.86477,0.0],[119.53621,-3.86401,0.0],[119.53655,-3.86368,0.0],[119.53713,-3.86245,0.0],[119.53779,-3.86154,0.0],[119.53805,-3.86098,0.0],[119.53875,-3.86044,0.0],[119.53892,-3.85994,0.0],[119.53883,-3.85929,0.0],[119.53865,-3.85894,0.0],[119.53862,-3.85869,0.0],[119.53874,-3.85842,0.0],[119.53952,-3.85749,0.0],[119.54063,-3.85582,0.0],[119.54118,-3.85533,0.0],[119.54128,-3.85504,0.0],[119.54127,-3.85479,0.0],[119.54194,-3.85516,0.0],[119.54168,-3.85576,0.0],[119.54208,-3.85595,0.0],[119.54215,-3.85579,0.0],[119.54258,-3.856,0.0],[119.5425,-3.85619,0.0],[119.54259,-3.85621,0.0],[119.54243,-3.85658,0.0],[119.5445,-3.85752,0.0],[119.54444,-3.8577,0.0],[119.54634,-3.85859,0.0],[119.54623,-3.85909,0.0],[119.54658,-3.85924,0.0],[119.5469,-3.85858,0.0],[119.54779,-3.85897,0.0],[119.54776,-3.85915,0.0],[119.54861,-3.85961,0.0],[119.54878,-3.85955,0.0],[119.54884,-3.85937,0.0],[119.55033,-3.86007,0.0],[119.55038,-3.85998,0.0],[119.55093,-3.86021,0.0],[119.55103,-3.85996,0.0],[119.55156,-3.86022,0.0],[119.55177,-3.8597,0.0],[119.55239,-3.85993,0.0],[119.5532,-3.85842,0.0],[119.5536,-3.85834,0.0],[119.5549,-3.85908,0.0],[119.55619,-3.85954,0.0],[119.55913,-3.85954,0.0],[119.55981,-3.85949,0.0],[119.56016,-3.85938,0.0],[119.56113,-3.85817,0.0],[119.56129,-3.85631,0.0],[119.56192,-3.85629,0.0],[119.56195,-3.85619,0.0],[119.56311,-3.85648,0.0],[119.56319,-3.85632,0.0],[119.56821,-3.85822,0.0],[119.56937,-3.85576,0.0],[119.56882,-3.8555,0.0],[119.56967,-3.85373,0.0],[119.5707,-3.85112,0.0],[119.57082,-3.85111,0.0],[119.57149,-3.85008,0.0],[119.5721,-3.84874,0.0],[119.57347,-3.84698,0.0],[119.57391,-3.84657,0.0],[119.57429,-3.84673,0.0],[119.57655,-3.84231,0.0],[119.57624,-3.84214,0.0],[119.57763,-3.83859,0.0],[119.57831,-3.83888,0.0],[119.58264,-3.83026,0.0],[119.58343,-3.82889,0.0],[119.58316,-3.8288,0.0],[119.58357,-3.828,0.0],[119.58383,-3.82811,0.0],[119.5841,-3.8276,0.0],[119.58477,-3.82796,0.0],[119.58547,-3.82645,0.0],[119.58527,-3.82642,0.0],[119.58547,-3.82587,0.0],[119.5858,-3.82531,0.0],[119.58618,-3.82548,0.0],[119.5868,-3.82402,0.0],[119.58718,-3.82333,0.0],[119.58707,-3.82329,0.0],[119.58748,-3.82232,0.0],[119.58942,-3.82136,0.0],[119.58552,-3.81951,0.0],[119.58593,-3.81858,0.0],[119.5837,-3.81767,0.0],[119.5836,-3.81782,0.0],[119.58348,-3.81778,0.0],[119.58335,-3.81798,0.0],[119.58108,-3.81692,0.0],[119.5812,-3.81662,0.0],[119.57936,-3.8159,0.0],[119.57953,-3.81548,0.0],[119.57803,-3.81484,0.0],[119.57839,-3.81401,0.0],[119.57854,-3.81408,0.0],[119.57935,-3.81271,0.0],[119.57951,-3.81276,0.0],[119.57985,-3.81211,0.0],[119.58005,-3.81218,0.0],[119.58116,-3.81018,0.0],[119.58136,-3.80996,0.0],[119.57966,-3.80902,0.0],[119.58006,-3.80837,0.0],[119.57941,-3.80775,0.0],[119.57954,-3.80755,0.0],[119.57909,-3.80718,0.0],[119.57677,-3.80592,0.0],[119.57748,-3.80438,0.0],[119.57781,-3.80438,0.0],[119.57816,-3.80421,0.0],[119.57907,-3.80195,0.0],[119.57865,-3.80176,0.0],[119.57905,-3.80073,0.0],[119.57763,-3.80008,0.0],[119.57751,-3.80037,0.0],[119.57649,-3.80028,0.0],[119.57638,-3.8005,0.0],[119.57416,-3.79981,0.0],[119.57473,-3.7982,0.0],[119.57234,-3.79698,0.0],[119.57223,-3.79697,0.0],[119.57204,-3.79717,0.0],[119.57185,-3.79753,0.0],[119.57068,-3.79705,0.0],[119.57076,-3.79664,0.0],[119.57093,-3.79645,0.0],[119.57085,-3.79642,0.0],[119.57097,-3.79569,0.0],[119.57072,-3.79559,0.0],[119.57126,-3.79399,0.0],[119.57101,-3.79384,0.0],[119.57062,-3.79316,0.0],[119.57028,-3.79293,0.0],[119.57034,-3.79285,0.0],[119.56931,-3.79227,0.0],[119.56951,-3.79186,0.0],[119.56905,-3.79161,0.0],[119.56931,-3.79114,0.0],[119.56891,-3.79091,0.0],[119.5691,-3.79053,0.0],[119.56938,-3.79065,0.0],[119.56959,-3.79009,0.0],[119.56969,-3.79012,0.0],[119.56985,-3.78978,0.0],[119.56976,-3.78974,0.0],[119.56986,-3.78945,0.0],[119.57039,-3.78798,0.0],[119.5706,-3.7881,0.0],[119.57089,-3.7874,0.0],[119.57067,-3.78725,0.0],[119.57085,-3.78685,0.0],[119.57062,-3.78675,0.0],[119.57075,-3.78638,0.0],[119.57064,-3.78633,0.0],[119.57103,-3.78539,0.0],[119.57211,-3.78336,0.0],[119.57186,-3.78326,0.0],[119.5719,-3.78321,0.0],[119.57171,-3.7831,0.0],[119.57197,-3.78265,0.0],[119.57208,-3.7826,0.0],[119.57228,-3.78208,0.0],[119.57252,-3.78195,0.0],[119.57271,-3.78165,0.0],[119.5731,-3.78179,0.0],[119.57353,-3.78071,0.0],[119.57347,-3.78068,0.0],[119.57367,-3.77997,0.0],[119.57381,-3.77976,0.0],[119.57359,-3.77949,0.0],[119.5736,-3.77931,0.0],[119.57333,-3.77922,0.0],[119.57331,-3.77906,0.0],[119.57268,-3.77876,0.0],[119.57278,-3.77854,0.0],[119.5715,-3.77791,0.0],[119.57165,-3.77733,0.0],[119.57242,-3.77551,0.0],[119.57233,-3.77528,0.0],[119.57197,-3.77507,0.0],[119.57401,-3.77006,0.0],[119.57414,-3.76964,0.0],[119.57421,-3.76849,0.0],[119.57462,-3.76752,0.0],[119.57311,-3.76688,0.0],[119.57315,-3.76674,0.0],[119.57288,-3.76664,0.0],[119.571,-3.76616,0.0],[119.57095,-3.76635,0.0],[119.57103,-3.76648,0.0],[119.57096,-3.76661,0.0],[119.57029,-3.76634,0.0],[119.57043,-3.76602,0.0],[119.56894,-3.76554,0.0],[119.56898,-3.76536,0.0],[119.56845,-3.7652,0.0],[119.56841,-3.76535,0.0],[119.56671,-3.76474,0.0],[119.56656,-3.76502,0.0],[119.56531,-3.76444,0.0],[119.56569,-3.76376,0.0],[119.56526,-3.76355,0.0],[119.56438,-3.7649,0.0],[119.56306,-3.7643,0.0],[119.56282,-3.76473,0.0],[119.56268,-3.76466,0.0],[119.56253,-3.76497,0.0],[119.5618,-3.76457,0.0],[119.5616,-3.76494,0.0],[119.55935,-3.76406,0.0],[119.55926,-3.76426,0.0],[119.55875,-3.764,0.0],[119.55866,-3.76416,0.0],[119.5582,-3.76395,0.0],[119.55776,-3.76493,0.0],[119.55671,-3.7645,0.0],[119.55459,-3.76703,0.0],[119.55379,-3.76783,0.0],[119.5533,-3.76763,0.0],[119.55309,-3.76814,0.0],[119.55232,-3.76782,0.0],[119.55212,-3.76826,0.0],[119.54984,-3.76719,0.0],[119.54992,-3.76699,0.0],[119.54905,-3.76659,0.0],[119.54897,-3.76678,0.0],[119.5472,-3.76597,0.0],[119.54529,-3.76525,0.0],[119.54424,-3.76475,0.0],[119.54355,-3.76455,0.0],[119.54124,-3.76333,0.0],[119.54164,-3.76241,0.0],[119.5393,-3.76135,0.0],[119.53944,-3.76094,0.0],[119.5385,-3.76095,0.0],[119.53702,-3.76058,0.0],[119.5355,-3.7595,0.0],[119.53346,-3.75843,0.0],[119.53317,-3.75842,0.0],[119.53275,-3.75881,0.0],[119.52905,-3.75835,0.0],[119.52746,-3.75766,0.0],[119.52397,-3.7559,0.0],[119.52099,-3.75564,0.0],[119.51927,-3.75472,0.0],[119.51663,-3.75406,0.0],[119.51326,-3.75399,0.0],[119.51248,-3.75411,0.0],[119.51156,-3.75402,0.0],[119.51112,-3.75411,0.0],[119.51087,-3.75431,0.0],[119.51056,-3.75436,0.0],[119.51037,-3.75421,0.0],[119.51026,-3.75342,0.0],[119.50986,-3.75327,0.0],[119.50949,-3.75289,0.0],[119.50817,-3.75209,0.0],[119.5079,-3.75212,0.0],[119.50769,-3.75262,0.0],[119.50734,-3.7528,0.0],[119.50725,-3.7534,0.0],[119.50696,-3.75357,0.0],[119.5068,-3.75356,0.0],[119.50667,-3.75343,0.0],[119.50643,-3.75301,0.0],[119.50584,-3.75318,0.0],[119.50544,-3.75289,0.0],[119.5046,-3.75298,0.0],[119.50405,-3.7534,0.0],[119.50386,-3.7534,0.0],[119.50362,-3.75321,0.0],[119.50353,-3.75301,0.0],[119.50378,-3.75245,0.0],[119.50379,-3.75214,0.0],[119.50369,-3.75192,0.0],[119.50298,-3.75132,0.0],[119.50261,-3.75065,0.0],[119.50243,-3.75058,0.0],[119.50113,-3.75059,0.0]]]},"properties":{"OBJECTID":5898,"NAMOBJ":"Mattiro Sompe","WADMKC":"Mattiro Sompe","KDCPUM":"73.15.01","WADMKK":"Pinrang","WADMPR":"Sulawesi Selatan","LUASWH":88.222157622708281,"TIPADM":3}},{"type":"Feature","id":5899,"geometry":{"type":"MultiPolygon","coordinates":[[[[119.59695,-3.99889,0.0],[119.59728,-3.99851,0.0],[119.59736,-3.99813,0.0],[119.59726,-3.99803,0.0],[119.59702,-3.99814,0.0],[119.59689,-3.99836,0.0],[119.59682,-3.99878,0.0],[119.59695,-3.99889,0.0]]],[[[119.60088,-3.99493,0.0],[119.60098,-3.99483,0.0],[119.60084,-3.99479,0.0],[119.60088,-3.99493,0.0]]],[[[119.60279,-3.99393,0.0],[119.60249,-3.99389,0.0],[119.6024,-3.99408,0.0],[119.60224,-3.99411,0.0],[119.60212,-3.9943,0.0],[119.60199,-3.99432,0.0],[119.60198,-3.9945,0.0],[119.60182,-3.99464,0.0],[119.60154,-3.99465,0.0],[119.60154,-3.99472,0.0],[119.60137,-3.99481,0.0],[119.60124,-3.99478,0.0],[119.60103,-3.99495,0.0],[119.6011,-3.99513,0.0],[119.60099,-3.99546,0.0],[119.60105,-3.99578,0.0],[119.6009,-3.99592,0.0],[119.60103,-3.996,0.0],[119.60088,-3.99615,0.0],[119.60085,-3.99633,0.0],[119.6009,-3.99659,0.0],[119.60099,-3.99663,0.0],[119.60095,-3.9968,0.0],[119.60109,-3.99721,0.0],[119.60104,-3.99732,0.0],[119.60113,-3.99738,0.0],[119.60107,-3.99767,0.0],[119.60116,-3.99764,0.0],[119.6012,-3.99775,0.0],[119.60135,-3.99775,0.0],[119.60133,-3.99787,0.0],[119.60164,-3.99831,0.0],[119.60184,-3.99832,0.0],[119.60194,-3.99848,0.0],[119.60227,-3.99867,0.0],[119.60253,-3.99865,0.0],[119.6027,-3.99883,0.0],[119.60272,-3.99898,0.0],[119.60337,-3.99904,0.0],[119.60367,-3.99875,0.0],[119.604,-3.99887,0.0],[119.6041,-3.99908,0.0],[119.6043,-3.99907,0.0],[119.60486,-3.99881,0.0],[119.60512,-3.99878,0.0],[119.60525,-3.99893,0.0],[119.60579,-3.999,0.0],[119.60586,-3.9989,0.0],[119.6059,-3.99852,0.0],[119.60628,-3.9984,0.0],[119.60634,-3.99815,0.0],[119.60641,-3.99815,0.0],[119.60645,-3.99735,0.0],[119.60638,-3.99736,0.0],[119.60619,-3.99715,0.0],[119.60585,-3.99728,0.0],[119.60559,-3.99722,0.0],[119.6055,-3.99686,0.0],[119.60504,-3.99666,0.0],[119.60479,-3.99642,0.0],[119.60459,-3.99642,0.0],[119.6047,-3.99619,0.0],[119.60461,-3.99561,0.0],[119.60429,-3.99542,0.0],[119.60406,-3.99498,0.0],[119.60356,-3.99452,0.0],[119.60341,-3.99446,0.0],[119.60315,-3.99414,0.0],[119.60296,-3.99409,0.0],[119.60279,-3.99393,0.0]]],[[[119.60286,-3.9924,0.0],[119.6028,-3.99232,0.0],[119.60271,-3.9924,0.0],[119.60244,-3.99235,0.0],[119.60247,-3.99249,0.0],[119.60235,-3.99279,0.0],[119.6025,-3.99309,0.0],[119.60252,-3.99355,0.0],[119.60274,-3.99364,0.0],[119.60315,-3.99348,0.0],[119.60328,-3.9932,0.0],[119.60328,-3.99291,0.0],[119.60336,-3.99284,0.0],[119.60319,-3.99256,0.0],[119.60286,-3.9924,0.0]]],[[[119.63328,-3.97993,0.0],[119.63317,-3.97985,0.0],[119.63312,-3.97993,0.0],[119.63304,-3.97988,0.0],[119.63295,-3.97996,0.0],[119.633,-3.98031,0.0],[119.63303,-3.98017,0.0],[119.63317,-3.98019,0.0],[119.63331,-3.98001,0.0],[119.63328,-3.97993,0.0]]],[[[119.58695,-3.97514,0.0],[119.58683,-3.97513,0.0],[119.58679,-3.97521,0.0],[119.58708,-3.9752,0.0],[119.58695,-3.97514,0.0]]],[[[119.5867,-3.97526,0.0],[119.58672,-3.97512,0.0],[119.58657,-3.97507,0.0],[119.58651,-3.97519,0.0],[119.5867,-3.97526,0.0]]],[[[119.58672,-3.97497,0.0],[119.58667,-3.97492,0.0],[119.58667,-3.97497,0.0],[119.58672,-3.97497,0.0]]],[[[119.57227,-3.91227,0.0],[119.5719,-3.91287,0.0],[119.57141,-3.91277,0.0],[119.57119,-3.91311,0.0],[119.57048,-3.91304,0.0],[119.56966,-3.91312,0.0],[119.56969,-3.91285,0.0],[119.56951,-3.91281,0.0],[119.5683,-3.91286,0.0],[119.56717,-3.91313,0.0],[119.56715,-3.91303,0.0],[119.56649,-3.91298,0.0],[119.56634,-3.91318,0.0],[119.56628,-3.91341,0.0],[119.56384,-3.91386,0.0],[119.56382,-3.91363,0.0],[119.56189,-3.91406,0.0],[119.56162,-3.91321,0.0],[119.56058,-3.91453,0.0],[119.55905,-3.91724,0.0],[119.55812,-3.91869,0.0],[119.55749,-3.9195,0.0],[119.55692,-3.91997,0.0],[119.55489,-3.92125,0.0],[119.55406,-3.92201,0.0],[119.55425,-3.9222,0.0],[119.55424,-3.92287,0.0],[119.55466,-3.92445,0.0],[119.55534,-3.92585,0.0],[119.55599,-3.92687,0.0],[119.55646,-3.92781,0.0],[119.55671,-3.92811,0.0],[119.55732,-3.92996,0.0],[119.55793,-3.93089,0.0],[119.55817,-3.93146,0.0],[119.55838,-3.93152,0.0],[119.55875,-3.93213,0.0],[119.55876,-3.93228,0.0],[119.55997,-3.93386,0.0],[119.56098,-3.93501,0.0],[119.56183,-3.93563,0.0],[119.56216,-3.93601,0.0],[119.56217,-3.9362,0.0],[119.56252,-3.93666,0.0],[119.56283,-3.93682,0.0],[119.56338,-3.93767,0.0],[119.56377,-3.93862,0.0],[119.56412,-3.93902,0.0],[119.56417,-3.93926,0.0],[119.56459,-3.94,0.0],[119.56521,-3.94073,0.0],[119.56785,-3.94509,0.0],[119.56851,-3.94571,0.0],[119.56865,-3.94597,0.0],[119.57056,-3.94799,0.0],[119.57113,-3.94928,0.0],[119.57127,-3.94944,0.0],[119.57122,-3.94954,0.0],[119.57159,-3.95062,0.0],[119.57257,-3.95521,0.0],[119.57275,-3.95657,0.0],[119.57301,-3.95766,0.0],[119.57304,-3.95815,0.0],[119.57315,-3.95833,0.0],[119.57335,-3.9597,0.0],[119.5739,-3.96204,0.0],[119.57448,-3.96588,0.0],[119.57542,-3.97111,0.0],[119.57599,-3.97324,0.0],[119.57646,-3.97571,0.0],[119.57791,-3.98102,0.0],[119.57822,-3.98233,0.0],[119.57832,-3.98325,0.0],[119.57856,-3.98416,0.0],[119.57866,-3.98581,0.0],[119.57884,-3.98683,0.0],[119.57903,-3.9942,0.0],[119.57875,-3.99589,0.0],[119.57885,-3.99762,0.0],[119.57876,-3.99873,0.0],[119.57879,-3.99951,0.0],[119.5796,-4.00369,0.0],[119.57977,-4.00382,0.0],[119.57993,-4.0049,0.0],[119.58033,-4.00655,0.0],[119.58059,-4.00721,0.0],[119.58135,-4.00844,0.0],[119.58158,-4.00901,0.0],[119.58165,-4.0103,0.0],[119.58123,-4.01121,0.0],[119.58091,-4.01167,0.0],[119.58079,-4.01215,0.0],[119.58073,-4.01587,0.0],[119.58114,-4.01737,0.0],[119.58127,-4.0187,0.0],[119.58141,-4.01937,0.0],[119.58148,-4.02075,0.0],[119.58185,-4.02279,0.0],[119.582,-4.02416,0.0],[119.5821,-4.02425,0.0],[119.58228,-4.02557,0.0],[119.58263,-4.02689,0.0],[119.58276,-4.02808,0.0],[119.58285,-4.02813,0.0],[119.58292,-4.02876,0.0],[119.58306,-4.02907,0.0],[119.58324,-4.02909,0.0],[119.58343,-4.0295,0.0],[119.58355,-4.03001,0.0],[119.58347,-4.03061,0.0],[119.58357,-4.03093,0.0],[119.58367,-4.03199,0.0],[119.5841,-4.03319,0.0],[119.58439,-4.03479,0.0],[119.58452,-4.0348,0.0],[119.58479,-4.03576,0.0],[119.58494,-4.03583,0.0],[119.58538,-4.03754,0.0],[119.58677,-4.03933,0.0],[119.58718,-4.03951,0.0],[119.58825,-4.04039,0.0],[119.58863,-4.04041,0.0],[119.58912,-4.04055,0.0],[119.58975,-4.04089,0.0],[119.58983,-4.04079,0.0],[119.5903,-4.04098,0.0],[119.59073,-4.04098,0.0],[119.59197,-4.04152,0.0],[119.59298,-4.04239,0.0],[119.59406,-4.04312,0.0],[119.59495,-4.0439,0.0],[119.59526,-4.0441,0.0],[119.59589,-4.0441,0.0],[119.5959,-4.04362,0.0],[119.59637,-4.04351,0.0],[119.59732,-4.04307,0.0],[119.59807,-4.04285,0.0],[119.59836,-4.04263,0.0],[119.59863,-4.04212,0.0],[119.59873,-4.04149,0.0],[119.5986,-4.04064,0.0],[119.59859,-4.03998,0.0],[119.5985,-4.03999,0.0],[119.5984,-4.03942,0.0],[119.5985,-4.03942,0.0],[119.59846,-4.03898,0.0],[119.59839,-4.03889,0.0],[119.59846,-4.03864,0.0],[119.59837,-4.03863,0.0],[119.59851,-4.03822,0.0],[119.59838,-4.03809,0.0],[119.59823,-4.03753,0.0],[119.59809,-4.03739,0.0],[119.59806,-4.03711,0.0],[119.59786,-4.03681,0.0],[119.59708,-4.03644,0.0],[119.59676,-4.0364,0.0],[119.5961,-4.03613,0.0],[119.59605,-4.03621,0.0],[119.59572,-4.03617,0.0],[119.59521,-4.03599,0.0],[119.59496,-4.03599,0.0],[119.59398,-4.03552,0.0],[119.59346,-4.035,0.0],[119.59354,-4.03491,0.0],[119.59328,-4.03468,0.0],[119.59279,-4.03348,0.0],[119.59249,-4.03207,0.0],[119.59245,-4.03066,0.0],[119.59258,-4.02902,0.0],[119.59246,-4.0283,0.0],[119.59251,-4.02799,0.0],[119.59344,-4.02809,0.0],[119.59345,-4.02705,0.0],[119.59338,-4.02649,0.0],[119.59243,-4.0264,0.0],[119.59244,-4.02595,0.0],[119.59261,-4.02586,0.0],[119.59262,-4.02571,0.0],[119.59283,-4.02542,0.0],[119.59271,-4.02527,0.0],[119.59286,-4.02475,0.0],[119.59278,-4.02446,0.0],[119.59307,-4.02377,0.0],[119.59294,-4.02365,0.0],[119.593,-4.02285,0.0],[119.5932,-4.02271,0.0],[119.59341,-4.0222,0.0],[119.59363,-4.02211,0.0],[119.59375,-4.0218,0.0],[119.5943,-4.02163,0.0],[119.59436,-4.02144,0.0],[119.5946,-4.02161,0.0],[119.5948,-4.02147,0.0],[119.59573,-4.02135,0.0],[119.59594,-4.0212,0.0],[119.59613,-4.02125,0.0],[119.59641,-4.0211,0.0],[119.59643,-4.02101,0.0],[119.59651,-4.02113,0.0],[119.59659,-4.0211,0.0],[119.59663,-4.02094,0.0],[119.59694,-4.02073,0.0],[119.59708,-4.02051,0.0],[119.59721,-4.02052,0.0],[119.59739,-4.02027,0.0],[119.59763,-4.02024,0.0],[119.59801,-4.01988,0.0],[119.59836,-4.01989,0.0],[119.5984,-4.0198,0.0],[119.59831,-4.0197,0.0],[119.59818,-4.01966,0.0],[119.59824,-4.01952,0.0],[119.59835,-4.01947,0.0],[119.59852,-4.01955,0.0],[119.59873,-4.01948,0.0],[119.59886,-4.01935,0.0],[119.59885,-4.01912,0.0],[119.59891,-4.01906,0.0],[119.59949,-4.01908,0.0],[119.59974,-4.01887,0.0],[119.5998,-4.01863,0.0],[119.60005,-4.01892,0.0],[119.60025,-4.01888,0.0],[119.60037,-4.01877,0.0],[119.60057,-4.01881,0.0],[119.60072,-4.01907,0.0],[119.60122,-4.0193,0.0],[119.6017,-4.01969,0.0],[119.60179,-4.01994,0.0],[119.602,-4.01999,0.0],[119.60209,-4.01978,0.0],[119.60192,-4.01962,0.0],[119.60191,-4.01949,0.0],[119.60204,-4.01939,0.0],[119.60206,-4.01921,0.0],[119.60223,-4.01898,0.0],[119.60212,-4.01875,0.0],[119.60214,-4.01861,0.0],[119.60194,-4.01853,0.0],[119.6016,-4.01802,0.0],[119.60165,-4.01759,0.0],[119.60138,-4.01743,0.0],[119.60144,-4.01706,0.0],[119.60157,-4.01683,0.0],[119.60136,-4.01661,0.0],[119.60135,-4.01646,0.0],[119.60146,-4.01661,0.0],[119.60153,-4.01642,0.0],[119.60151,-4.01621,0.0],[119.60135,-4.01592,0.0],[119.60141,-4.01588,0.0],[119.60166,-4.01602,0.0],[119.60187,-4.01581,0.0],[119.60181,-4.01569,0.0],[119.60157,-4.01567,0.0],[119.6015,-4.01559,0.0],[119.60188,-4.01524,0.0],[119.60192,-4.01495,0.0],[119.60185,-4.01457,0.0],[119.60206,-4.01424,0.0],[119.60197,-4.01394,0.0],[119.6021,-4.01362,0.0],[119.60243,-4.0133,0.0],[119.60288,-4.01326,0.0],[119.60294,-4.01317,0.0],[119.60342,-4.01302,0.0],[119.60358,-4.01304,0.0],[119.60374,-4.01294,0.0],[119.60407,-4.01263,0.0],[119.60422,-4.01233,0.0],[119.60478,-4.01191,0.0],[119.60492,-4.0115,0.0],[119.60533,-4.01112,0.0],[119.60537,-4.01098,0.0],[119.60595,-4.01031,0.0],[119.60675,-4.0102,0.0],[119.60677,-4.01011,0.0],[119.60682,-4.01018,0.0],[119.60695,-4.01017,0.0],[119.607,-4.00991,0.0],[119.60728,-4.00986,0.0],[119.60751,-4.00963,0.0],[119.60774,-4.00922,0.0],[119.60816,-4.00898,0.0],[119.60844,-4.00905,0.0],[119.60861,-4.00898,0.0],[119.60881,-4.00877,0.0],[119.60896,-4.00843,0.0],[119.61006,-4.00794,0.0],[119.61013,-4.00761,0.0],[119.61032,-4.00742,0.0],[119.61037,-4.00715,0.0],[119.61075,-4.00687,0.0],[119.61088,-4.00655,0.0],[119.61131,-4.00633,0.0],[119.61208,-4.00615,0.0],[119.61253,-4.00594,0.0],[119.61307,-4.00511,0.0],[119.61328,-4.00502,0.0],[119.61353,-4.00469,0.0],[119.61365,-4.00465,0.0],[119.61373,-4.00434,0.0],[119.61335,-4.00414,0.0],[119.61305,-4.00411,0.0],[119.61236,-4.0042,0.0],[119.61208,-4.00403,0.0],[119.61188,-4.00411,0.0],[119.61129,-4.00395,0.0],[119.61074,-4.00429,0.0],[119.61027,-4.0043,0.0],[119.61,-4.0042,0.0],[119.60998,-4.0043,0.0],[119.60966,-4.0042,0.0],[119.60964,-4.0043,0.0],[119.6091,-4.00406,0.0],[119.60888,-4.00425,0.0],[119.6088,-4.00421,0.0],[119.60882,-4.00411,0.0],[119.60842,-4.00401,0.0],[119.60795,-4.00405,0.0],[119.60786,-4.00397,0.0],[119.60778,-4.00398,0.0],[119.60772,-4.00414,0.0],[119.60742,-4.00403,0.0],[119.60705,-4.00411,0.0],[119.60682,-4.00386,0.0],[119.60664,-4.00386,0.0],[119.60624,-4.00393,0.0],[119.60621,-4.00421,0.0],[119.60598,-4.00443,0.0],[119.60606,-4.00476,0.0],[119.60589,-4.00489,0.0],[119.60596,-4.00511,0.0],[119.60509,-4.00552,0.0],[119.60514,-4.00569,0.0],[119.60492,-4.00576,0.0],[119.60486,-4.00556,0.0],[119.60475,-4.00558,0.0],[119.60473,-4.00549,0.0],[119.60427,-4.00556,0.0],[119.6043,-4.00579,0.0],[119.60398,-4.00579,0.0],[119.60391,-4.00576,0.0],[119.60399,-4.00546,0.0],[119.60377,-4.00556,0.0],[119.60367,-4.00545,0.0],[119.60359,-4.00553,0.0],[119.60333,-4.00551,0.0],[119.60297,-4.00565,0.0],[119.60264,-4.00597,0.0],[119.60213,-4.0058,0.0],[119.602,-4.00568,0.0],[119.60174,-4.00579,0.0],[119.60152,-4.00565,0.0],[119.60137,-4.00564,0.0],[119.60103,-4.00578,0.0],[119.60089,-4.00564,0.0],[119.60017,-4.00593,0.0],[119.60006,-4.00582,0.0],[119.59984,-4.00583,0.0],[119.59984,-4.00599,0.0],[119.60004,-4.00601,0.0],[119.59994,-4.00606,0.0],[119.59994,-4.00622,0.0],[119.5998,-4.00627,0.0],[119.5997,-4.00624,0.0],[119.59964,-4.00574,0.0],[119.59938,-4.00576,0.0],[119.59934,-4.00592,0.0],[119.59926,-4.00594,0.0],[119.59923,-4.00579,0.0],[119.5991,-4.00568,0.0],[119.59862,-4.00557,0.0],[119.59816,-4.00568,0.0],[119.59814,-4.00581,0.0],[119.59793,-4.00566,0.0],[119.59761,-4.00573,0.0],[119.59747,-4.0059,0.0],[119.59737,-4.00569,0.0],[119.59718,-4.0057,0.0],[119.59698,-4.00557,0.0],[119.59678,-4.00568,0.0],[119.59653,-4.00556,0.0],[119.59587,-4.00582,0.0],[119.59556,-4.00578,0.0],[119.59558,-4.00603,0.0],[119.59549,-4.00604,0.0],[119.59345,-4.00518,0.0],[119.59337,-4.00518,0.0],[119.59302,-4.00548,0.0],[119.59293,-4.00542,0.0],[119.59312,-4.00528,0.0],[119.59297,-4.00527,0.0],[119.59302,-4.00518,0.0],[119.59293,-4.005,0.0],[119.59255,-4.00467,0.0],[119.59251,-4.00447,0.0],[119.59266,-4.00441,0.0],[119.59316,-4.00507,0.0],[119.59314,-4.00526,0.0],[119.5933,-4.00506,0.0],[119.59231,-4.0037,0.0],[119.5922,-4.00377,0.0],[119.59261,-4.0043,0.0],[119.59259,-4.00439,0.0],[119.59245,-4.00442,0.0],[119.59216,-4.00399,0.0],[119.59187,-4.0039,0.0],[119.59155,-4.0029,0.0],[119.5914,-4.00266,0.0],[119.591,-4.00242,0.0],[119.59005,-4.00049,0.0],[119.58976,-3.99964,0.0],[119.58956,-3.99851,0.0],[119.5891,-3.99676,0.0],[119.58883,-3.99602,0.0],[119.58889,-3.99558,0.0],[119.58942,-3.99536,0.0],[119.58934,-3.99521,0.0],[119.58877,-3.9952,0.0],[119.58865,-3.99468,0.0],[119.58868,-3.99448,0.0],[119.58855,-3.99437,0.0],[119.5886,-3.99426,0.0],[119.58853,-3.9941,0.0],[119.58856,-3.99372,0.0],[119.58829,-3.99345,0.0],[119.58845,-3.99321,0.0],[119.58835,-3.99303,0.0],[119.58843,-3.99256,0.0],[119.58834,-3.99238,0.0],[119.58835,-3.99212,0.0],[119.5882,-3.99208,0.0],[119.58812,-3.99181,0.0],[119.58781,-3.99174,0.0],[119.58783,-3.99147,0.0],[119.58806,-3.99135,0.0],[119.58811,-3.99124,0.0],[119.58793,-3.99083,0.0],[119.58777,-3.98987,0.0],[119.58763,-3.98979,0.0],[119.58747,-3.98982,0.0],[119.58766,-3.98936,0.0],[119.58764,-3.98924,0.0],[119.58743,-3.98912,0.0],[119.58755,-3.98872,0.0],[119.58735,-3.98841,0.0],[119.58725,-3.98785,0.0],[119.58704,-3.98755,0.0],[119.58724,-3.98655,0.0],[119.58709,-3.98616,0.0],[119.58718,-3.98612,0.0],[119.58731,-3.98579,0.0],[119.58736,-3.9849,0.0],[119.58748,-3.98433,0.0],[119.58734,-3.98416,0.0],[119.58727,-3.98431,0.0],[119.5872,-3.98426,0.0],[119.58727,-3.98391,0.0],[119.58749,-3.98375,0.0],[119.58741,-3.98325,0.0],[119.58756,-3.98267,0.0],[119.58749,-3.98241,0.0],[119.5876,-3.98212,0.0],[119.58756,-3.98187,0.0],[119.58742,-3.98176,0.0],[119.58732,-3.98179,0.0],[119.58729,-3.98167,0.0],[119.5873,-3.98154,0.0],[119.58749,-3.98135,0.0],[119.58749,-3.98117,0.0],[119.58732,-3.98104,0.0],[119.58736,-3.98096,0.0],[119.58727,-3.98077,0.0],[119.58706,-3.98064,0.0],[119.58704,-3.98017,0.0],[119.58668,-3.97989,0.0],[119.58664,-3.97965,0.0],[119.58636,-3.97964,0.0],[119.58606,-3.97933,0.0],[119.58552,-3.97905,0.0],[119.58568,-3.97889,0.0],[119.58582,-3.97896,0.0],[119.58601,-3.97886,0.0],[119.58623,-3.97538,0.0],[119.58615,-3.97533,0.0],[119.58614,-3.97521,0.0],[119.5863,-3.97523,0.0],[119.58637,-3.97501,0.0],[119.58651,-3.97507,0.0],[119.58652,-3.97489,0.0],[119.58674,-3.97463,0.0],[119.58667,-3.97434,0.0],[119.58649,-3.97411,0.0],[119.5865,-3.97391,0.0],[119.587,-3.97374,0.0],[119.58705,-3.97354,0.0],[119.58692,-3.97351,0.0],[119.58692,-3.97344,0.0],[119.58726,-3.97348,0.0],[119.58756,-3.97366,0.0],[119.58786,-3.97364,0.0],[119.58807,-3.9736,0.0],[119.58834,-3.97334,0.0],[119.58877,-3.97328,0.0],[119.58918,-3.9729,0.0],[119.58956,-3.97274,0.0],[119.59018,-3.97231,0.0],[119.5907,-3.97188,0.0],[119.59079,-3.9717,0.0],[119.59162,-3.9714,0.0],[119.59209,-3.9716,0.0],[119.59226,-3.97156,0.0],[119.59249,-3.97191,0.0],[119.59257,-3.97189,0.0],[119.59255,-3.97177,0.0],[119.59268,-3.9719,0.0],[119.59281,-3.97181,0.0],[119.59309,-3.97194,0.0],[119.59322,-3.9718,0.0],[119.59381,-3.97213,0.0],[119.59418,-3.97216,0.0],[119.59456,-3.97241,0.0],[119.59471,-3.97242,0.0],[119.59479,-3.97234,0.0],[119.59509,-3.97258,0.0],[119.59536,-3.97253,0.0],[119.59552,-3.9727,0.0],[119.5958,-3.97276,0.0],[119.59603,-3.97266,0.0],[119.59656,-3.97264,0.0],[119.59757,-3.97346,0.0],[119.59805,-3.97357,0.0],[119.59827,-3.97389,0.0],[119.59862,-3.97402,0.0],[119.59879,-3.97421,0.0],[119.59895,-3.97418,0.0],[119.59915,-3.97429,0.0],[119.59945,-3.97462,0.0],[119.59964,-3.97498,0.0],[119.60025,-3.97558,0.0],[119.60045,-3.97559,0.0],[119.60059,-3.97585,0.0],[119.60077,-3.97576,0.0],[119.60095,-3.9755,0.0],[119.60103,-3.97553,0.0],[119.60114,-3.97581,0.0],[119.6013,-3.97595,0.0],[119.60145,-3.97595,0.0],[119.60163,-3.97578,0.0],[119.60182,-3.9754,0.0],[119.60206,-3.97531,0.0],[119.60228,-3.97508,0.0],[119.60282,-3.9749,0.0],[119.60304,-3.97461,0.0],[119.60376,-3.97443,0.0],[119.60379,-3.97429,0.0],[119.60372,-3.97412,0.0],[119.60403,-3.97436,0.0],[119.6042,-3.97436,0.0],[119.60438,-3.97424,0.0],[119.6045,-3.9745,0.0],[119.60487,-3.97444,0.0],[119.60496,-3.97473,0.0],[119.60557,-3.97496,0.0],[119.60552,-3.97517,0.0],[119.60583,-3.9754,0.0],[119.60642,-3.9761,0.0],[119.60662,-3.97613,0.0],[119.60652,-3.97644,0.0],[119.60668,-3.97642,0.0],[119.60694,-3.97688,0.0],[119.60715,-3.97699,0.0],[119.6071,-3.97716,0.0],[119.60718,-3.97742,0.0],[119.60745,-3.97789,0.0],[119.60744,-3.9783,0.0],[119.6077,-3.9787,0.0],[119.60764,-3.97904,0.0],[119.60792,-3.97959,0.0],[119.60791,-3.97975,0.0],[119.60804,-3.98006,0.0],[119.60796,-3.98014,0.0],[119.60812,-3.98024,0.0],[119.60816,-3.98044,0.0],[119.60824,-3.98045,0.0],[119.60835,-3.98071,0.0],[119.60843,-3.98071,0.0],[119.60852,-3.98093,0.0],[119.6084,-3.98108,0.0],[119.60834,-3.98141,0.0],[119.60847,-3.98183,0.0],[119.60836,-3.98196,0.0],[119.60833,-3.98238,0.0],[119.60852,-3.98247,0.0],[119.60888,-3.98244,0.0],[119.60939,-3.98277,0.0],[119.60964,-3.98275,0.0],[119.61016,-3.98313,0.0],[119.61051,-3.9835,0.0],[119.61055,-3.98365,0.0],[119.61114,-3.98399,0.0],[119.612,-3.98407,0.0],[119.61212,-3.98394,0.0],[119.61208,-3.98373,0.0],[119.61216,-3.98366,0.0],[119.61227,-3.9837,0.0],[119.61237,-3.98354,0.0],[119.61228,-3.98346,0.0],[119.61231,-3.98338,0.0],[119.61269,-3.98315,0.0],[119.61295,-3.9825,0.0],[119.61285,-3.98242,0.0],[119.61288,-3.98229,0.0],[119.61303,-3.98214,0.0],[119.61352,-3.98289,0.0],[119.61403,-3.98329,0.0],[119.61461,-3.98358,0.0],[119.61422,-3.98529,0.0],[119.61452,-3.98545,0.0],[119.61501,-3.98366,0.0],[119.61576,-3.98357,0.0],[119.61623,-3.9834,0.0],[119.61636,-3.98327,0.0],[119.61629,-3.98318,0.0],[119.61573,-3.98339,0.0],[119.61512,-3.98345,0.0],[119.61445,-3.98329,0.0],[119.61387,-3.98296,0.0],[119.61326,-3.98216,0.0],[119.61327,-3.98186,0.0],[119.61354,-3.98191,0.0],[119.61356,-3.98183,0.0],[119.61325,-3.98174,0.0],[119.61328,-3.98155,0.0],[119.61316,-3.9815,0.0],[119.6131,-3.98127,0.0],[119.61311,-3.98115,0.0],[119.61323,-3.9811,0.0],[119.61339,-3.98061,0.0],[119.61377,-3.98,0.0],[119.61479,-3.97897,0.0],[119.61502,-3.97894,0.0],[119.61574,-3.97913,0.0],[119.61597,-3.97912,0.0],[119.61604,-3.97921,0.0],[119.6161,-3.97917,0.0],[119.61605,-3.97907,0.0],[119.61616,-3.97899,0.0],[119.61613,-3.97891,0.0],[119.61621,-3.97894,0.0],[119.61635,-3.97884,0.0],[119.61628,-3.97867,0.0],[119.61655,-3.97832,0.0],[119.61726,-3.97825,0.0],[119.61746,-3.97816,0.0],[119.61908,-3.97673,0.0],[119.62044,-3.97615,0.0],[119.62068,-3.97588,0.0],[119.621,-3.97521,0.0],[119.62233,-3.97444,0.0],[119.62287,-3.97348,0.0],[119.62284,-3.97334,0.0],[119.62244,-3.97294,0.0],[119.62168,-3.97263,0.0],[119.62174,-3.97251,0.0],[119.62169,-3.9723,0.0],[119.62206,-3.9715,0.0],[119.62258,-3.97127,0.0],[119.62289,-3.9713,0.0],[119.62308,-3.97143,0.0],[119.62345,-3.97142,0.0],[119.62389,-3.97184,0.0],[119.62388,-3.97223,0.0],[119.62396,-3.97255,0.0],[119.62428,-3.97286,0.0],[119.62462,-3.97289,0.0],[119.62503,-3.97261,0.0],[119.62533,-3.97264,0.0],[119.62549,-3.97287,0.0],[119.62578,-3.97282,0.0],[119.62627,-3.97233,0.0],[119.62646,-3.97197,0.0],[119.62641,-3.97139,0.0],[119.62651,-3.97117,0.0],[119.62744,-3.97052,0.0],[119.62777,-3.97064,0.0],[119.62823,-3.97064,0.0],[119.62834,-3.97055,0.0],[119.62833,-3.97011,0.0],[119.6281,-3.96983,0.0],[119.62811,-3.96928,0.0],[119.62824,-3.9689,0.0],[119.62846,-3.96885,0.0],[119.629,-3.96902,0.0],[119.62916,-3.96923,0.0],[119.62945,-3.96915,0.0],[119.6299,-3.96859,0.0],[119.62999,-3.96797,0.0],[119.6302,-3.96775,0.0],[119.63103,-3.96799,0.0],[119.63095,-3.96854,0.0],[119.63105,-3.96863,0.0],[119.63134,-3.96856,0.0],[119.63177,-3.96825,0.0],[119.63193,-3.96778,0.0],[119.63209,-3.96759,0.0],[119.63275,-3.96709,0.0],[119.63333,-3.96719,0.0],[119.6337,-3.96736,0.0],[119.63373,-3.96753,0.0],[119.63347,-3.96813,0.0],[119.63409,-3.96848,0.0],[119.63429,-3.96847,0.0],[119.63453,-3.96819,0.0],[119.63465,-3.96763,0.0],[119.63503,-3.96787,0.0],[119.63512,-3.96807,0.0],[119.63487,-3.96891,0.0],[119.63465,-3.9689,0.0],[119.63452,-3.96907,0.0],[119.63395,-3.96939,0.0],[119.63377,-3.96961,0.0],[119.63322,-3.96951,0.0],[119.63248,-3.96897,0.0],[119.63224,-3.96904,0.0],[119.63207,-3.96933,0.0],[119.63131,-3.96988,0.0],[119.63121,-3.97033,0.0],[119.63087,-3.97067,0.0],[119.63058,-3.97114,0.0],[119.63064,-3.97156,0.0],[119.63057,-3.97181,0.0],[119.63091,-3.97187,0.0],[119.63109,-3.97173,0.0],[119.6317,-3.97173,0.0],[119.63202,-3.97182,0.0],[119.63218,-3.97194,0.0],[119.63233,-3.97181,0.0],[119.63245,-3.97183,0.0],[119.63273,-3.97212,0.0],[119.6327,-3.97238,0.0],[119.63283,-3.97252,0.0],[119.63279,-3.97293,0.0],[119.6326,-3.97326,0.0],[119.63261,-3.97348,0.0],[119.63273,-3.97358,0.0],[119.6329,-3.97349,0.0],[119.63316,-3.97351,0.0],[119.6334,-3.97371,0.0],[119.63368,-3.97375,0.0],[119.63383,-3.97386,0.0],[119.63378,-3.97403,0.0],[119.63384,-3.97432,0.0],[119.63372,-3.97456,0.0],[119.63347,-3.97473,0.0],[119.63306,-3.97476,0.0],[119.63279,-3.97509,0.0],[119.63301,-3.97523,0.0],[119.6331,-3.97544,0.0],[119.63308,-3.97554,0.0],[119.633,-3.97554,0.0],[119.63281,-3.97634,0.0],[119.63313,-3.97652,0.0],[119.63301,-3.97736,0.0],[119.63319,-3.97775,0.0],[119.63313,-3.97813,0.0],[119.6332,-3.97865,0.0],[119.63309,-3.9793,0.0],[119.63313,-3.97975,0.0],[119.63338,-3.97982,0.0],[119.63354,-3.97969,0.0],[119.63371,-3.9798,0.0],[119.63353,-3.97986,0.0],[119.63337,-3.9802,0.0],[119.63328,-3.98021,0.0],[119.63329,-3.98029,0.0],[119.63309,-3.9804,0.0],[119.63304,-3.9807,0.0],[119.63313,-3.98066,0.0],[119.63324,-3.98097,0.0],[119.63351,-3.98113,0.0],[119.63369,-3.98151,0.0],[119.63377,-3.98154,0.0],[119.63407,-3.98198,0.0],[119.63417,-3.98198,0.0],[119.63429,-3.98212,0.0],[119.63444,-3.98206,0.0],[119.63451,-3.9822,0.0],[119.63444,-3.9823,0.0],[119.6346,-3.98255,0.0],[119.63522,-3.98235,0.0],[119.63605,-3.98225,0.0],[119.63606,-3.98152,0.0],[119.63616,-3.98109,0.0],[119.63658,-3.98082,0.0],[119.63684,-3.98029,0.0],[119.63725,-3.97996,0.0],[119.63756,-3.97994,0.0],[119.63794,-3.97977,0.0],[119.63817,-3.9798,0.0],[119.63864,-3.98019,0.0],[119.63869,-3.98054,0.0],[119.63925,-3.98087,0.0],[119.63939,-3.98075,0.0],[119.64022,-3.98047,0.0],[119.64071,-3.98064,0.0],[119.64101,-3.98008,0.0],[119.64114,-3.98002,0.0],[119.64176,-3.98007,0.0],[119.64232,-3.97997,0.0],[119.64257,-3.98022,0.0],[119.64276,-3.98004,0.0],[119.64261,-3.97974,0.0],[119.64212,-3.97927,0.0],[119.64223,-3.97882,0.0],[119.64209,-3.97834,0.0],[119.64231,-3.97765,0.0],[119.6421,-3.97736,0.0],[119.64291,-3.97639,0.0],[119.64392,-3.97567,0.0],[119.64469,-3.97527,0.0],[119.64563,-3.97509,0.0],[119.64821,-3.97299,0.0],[119.64846,-3.97251,0.0],[119.64971,-3.9724,0.0],[119.64977,-3.9717,0.0],[119.64895,-3.97087,0.0],[119.64952,-3.96955,0.0],[119.65101,-3.96985,0.0],[119.65175,-3.96956,0.0],[119.6528,-3.96884,0.0],[119.65315,-3.9684,0.0],[119.65352,-3.96759,0.0],[119.65433,-3.96667,0.0],[119.65482,-3.96593,0.0],[119.6551,-3.96567,0.0],[119.65563,-3.96535,0.0],[119.65576,-3.96373,0.0],[119.65608,-3.96367,0.0],[119.65673,-3.96264,0.0],[119.65699,-3.96238,0.0],[119.65744,-3.96223,0.0],[119.65838,-3.96222,0.0],[119.65864,-3.96215,0.0],[119.65877,-3.96203,0.0],[119.659,-3.96149,0.0],[119.65924,-3.96134,0.0],[119.66028,-3.96136,0.0],[119.66168,-3.96072,0.0],[119.66268,-3.96053,0.0],[119.66317,-3.9605,0.0],[119.66389,-3.96059,0.0],[119.66412,-3.95946,0.0],[119.6645,-3.95876,0.0],[119.66548,-3.95751,0.0],[119.66612,-3.95697,0.0],[119.66761,-3.95622,0.0],[119.66836,-3.95557,0.0],[119.67012,-3.95355,0.0],[119.67171,-3.95215,0.0],[119.6721,-3.95191,0.0],[119.67346,-3.95067,0.0],[119.67536,-3.94756,0.0],[119.67682,-3.94644,0.0],[119.67746,-3.94464,0.0],[119.6777,-3.94332,0.0],[119.67802,-3.94274,0.0],[119.6783,-3.94245,0.0],[119.67955,-3.94168,0.0],[119.68092,-3.94008,0.0],[119.68128,-3.93922,0.0],[119.68139,-3.93832,0.0],[119.68185,-3.93694,0.0],[119.68269,-3.93623,0.0],[119.68281,-3.93517,0.0],[119.68275,-3.93262,0.0],[119.68327,-3.93034,0.0],[119.68337,-3.92958,0.0],[119.68325,-3.92927,0.0],[119.68307,-3.92914,0.0],[119.68302,-3.92868,0.0],[119.68313,-3.92793,0.0],[119.6833,-3.92779,0.0],[119.6836,-3.92678,0.0],[119.67983,-3.92592,0.0],[119.67971,-3.92631,0.0],[119.67879,-3.92608,0.0],[119.67856,-3.92589,0.0],[119.67727,-3.92567,0.0],[119.67574,-3.92514,0.0],[119.67284,-3.92694,0.0],[119.66949,-3.92851,0.0],[119.66566,-3.93077,0.0],[119.66477,-3.93158,0.0],[119.66345,-3.93228,0.0],[119.66258,-3.93231,0.0],[119.6615,-3.93253,0.0],[119.65993,-3.93411,0.0],[119.65819,-3.93648,0.0],[119.65497,-3.93801,0.0],[119.65285,-3.93868,0.0],[119.65077,-3.94012,0.0],[119.64823,-3.94136,0.0],[119.64681,-3.94138,0.0],[119.64614,-3.94109,0.0],[119.64437,-3.94012,0.0],[119.64309,-3.93929,0.0],[119.64212,-3.93843,0.0],[119.6423,-3.93689,0.0],[119.6426,-3.93565,0.0],[119.64282,-3.93508,0.0],[119.64282,-3.93467,0.0],[119.64271,-3.93451,0.0],[119.6418,-3.93489,0.0],[119.63946,-3.93349,0.0],[119.63934,-3.93211,0.0],[119.6391,-3.932,0.0],[119.63817,-3.9316,0.0],[119.63682,-3.93135,0.0],[119.6366,-3.9314,0.0],[119.63631,-3.93176,0.0],[119.63587,-3.93175,0.0],[119.63563,-3.93131,0.0],[119.63528,-3.93106,0.0],[119.63484,-3.93108,0.0],[119.63403,-3.9307,0.0],[119.63327,-3.93045,0.0],[119.63305,-3.93021,0.0],[119.63232,-3.92836,0.0],[119.63141,-3.92806,0.0],[119.62993,-3.92833,0.0],[119.62943,-3.92799,0.0],[119.62832,-3.92808,0.0],[119.62764,-3.92773,0.0],[119.62725,-3.92727,0.0],[119.62671,-3.92633,0.0],[119.62619,-3.92597,0.0],[119.62595,-3.92564,0.0],[119.62543,-3.92564,0.0],[119.62523,-3.92553,0.0],[119.62475,-3.92499,0.0],[119.62406,-3.9247,0.0],[119.6237,-3.92409,0.0],[119.62352,-3.92294,0.0],[119.62291,-3.92184,0.0],[119.62246,-3.92139,0.0],[119.62124,-3.92071,0.0],[119.62054,-3.92005,0.0],[119.62008,-3.91981,0.0],[119.61969,-3.92003,0.0],[119.61925,-3.92015,0.0],[119.61842,-3.92018,0.0],[119.61791,-3.92033,0.0],[119.61699,-3.92024,0.0],[119.6162,-3.92043,0.0],[119.61514,-3.92053,0.0],[119.61495,-3.92048,0.0],[119.61487,-3.92032,0.0],[119.61467,-3.92027,0.0],[119.61434,-3.92035,0.0],[119.6141,-3.92018,0.0],[119.61387,-3.91996,0.0],[119.61367,-3.91935,0.0],[119.61329,-3.91922,0.0],[119.61267,-3.91935,0.0],[119.61237,-3.91956,0.0],[119.61189,-3.91952,0.0],[119.61077,-3.92034,0.0],[119.61043,-3.92026,0.0],[119.61012,-3.92034,0.0],[119.6095,-3.92014,0.0],[119.60785,-3.91929,0.0],[119.60643,-3.9211,0.0],[119.60565,-3.92186,0.0],[119.60445,-3.92268,0.0],[119.60309,-3.92333,0.0],[119.60225,-3.92343,0.0],[119.60122,-3.92337,0.0],[119.59975,-3.92376,0.0],[119.59761,-3.92498,0.0],[119.59497,-3.92662,0.0],[119.59413,-3.927,0.0],[119.59353,-3.92714,0.0],[119.59282,-3.92713,0.0],[119.59241,-3.92701,0.0],[119.59078,-3.92552,0.0],[119.59043,-3.92472,0.0],[119.59008,-3.92369,0.0],[119.5899,-3.92223,0.0],[119.5898,-3.91996,0.0],[119.5896,-3.91908,0.0],[119.58929,-3.91856,0.0],[119.58899,-3.91819,0.0],[119.58838,-3.91771,0.0],[119.58763,-3.91734,0.0],[119.58614,-3.91687,0.0],[119.58508,-3.91682,0.0],[119.58444,-3.91699,0.0],[119.58335,-3.91754,0.0],[119.58272,-3.91803,0.0],[119.58225,-3.9186,0.0],[119.58199,-3.91906,0.0],[119.58186,-3.91953,0.0],[119.58177,-3.92055,0.0],[119.58184,-3.92213,0.0],[119.5822,-3.9251,0.0],[119.5822,-3.92575,0.0],[119.58201,-3.92649,0.0],[119.58177,-3.92704,0.0],[119.58136,-3.92762,0.0],[119.58065,-3.92845,0.0],[119.57995,-3.92906,0.0],[119.5786,-3.92982,0.0],[119.577,-3.93017,0.0],[119.57544,-3.93004,0.0],[119.57481,-3.92984,0.0],[119.57418,-3.92946,0.0],[119.57302,-3.92801,0.0],[119.5726,-3.9272,0.0],[119.57234,-3.9264,0.0],[119.57226,-3.92561,0.0],[119.57222,-3.92492,0.0],[119.57238,-3.92367,0.0],[119.57281,-3.92278,0.0],[119.57319,-3.92245,0.0],[119.57367,-3.92224,0.0],[119.57419,-3.92213,0.0],[119.57546,-3.92161,0.0],[119.57638,-3.92102,0.0],[119.57688,-3.9206,0.0],[119.57737,-3.92001,0.0],[119.57767,-3.91946,0.0],[119.57788,-3.91816,0.0],[119.57779,-3.91744,0.0],[119.57758,-3.9169,0.0],[119.57719,-3.91626,0.0],[119.57591,-3.91468,0.0],[119.57539,-3.91423,0.0],[119.57309,-3.91295,0.0],[119.57227,-3.91227,0.0]]]]},"properties":{"OBJECTID":5899,"NAMOBJ":"Suppa","WADMKC":"Suppa","KDCPUM":"73.15.02","WADMKK":"Pinrang","WADMPR":"Sulawesi Selatan","LUASWH":73.036284334021033,"TIPADM":3}},{"type":"Feature","id":5900,"geometry":{"type":"Polygon","coordinates":[[[119.5833,-3.79984,0.0],[119.58277,-3.79964,0.0],[119.58299,-3.79924,0.0],[119.58173,-3.79868,0.0],[119.58048,-3.80128,0.0],[119.57905,-3.80073,0.0],[119.57865,-3.80176,0.0],[119.57907,-3.80195,0.0],[119.57816,-3.80421,0.0],[119.57781,-3.80438,0.0],[119.57748,-3.80438,0.0],[119.57677,-3.80592,0.0],[119.57909,-3.80718,0.0],[119.57954,-3.80755,0.0],[119.57941,-3.80775,0.0],[119.58006,-3.80837,0.0],[119.57966,-3.80902,0.0],[119.58136,-3.80996,0.0],[119.58116,-3.81018,0.0],[119.58005,-3.81218,0.0],[119.57985,-3.81211,0.0],[119.57951,-3.81276,0.0],[119.57935,-3.81271,0.0],[119.57854,-3.81408,0.0],[119.57839,-3.81401,0.0],[119.57803,-3.81484,0.0],[119.57953,-3.81548,0.0],[119.57936,-3.8159,0.0],[119.5812,-3.81662,0.0],[119.58108,-3.81692,0.0],[119.58335,-3.81798,0.0],[119.58348,-3.81778,0.0],[119.5836,-3.81782,0.0],[119.5837,-3.81767,0.0],[119.58593,-3.81858,0.0],[119.58552,-3.81951,0.0],[119.58942,-3.82136,0.0],[119.58748,-3.82232,0.0],[119.58707,-3.82329,0.0],[119.58718,-3.82333,0.0],[119.5868,-3.82402,0.0],[119.58618,-3.82548,0.0],[119.5858,-3.82531,0.0],[119.58547,-3.82587,0.0],[119.58527,-3.82642,0.0],[119.58547,-3.82645,0.0],[119.58477,-3.82796,0.0],[119.5841,-3.8276,0.0],[119.58383,-3.82811,0.0],[119.58357,-3.828,0.0],[119.58316,-3.8288,0.0],[119.58343,-3.82889,0.0],[119.58264,-3.83026,0.0],[119.57831,-3.83888,0.0],[119.58004,-3.8396,0.0],[119.5805,-3.84002,0.0],[119.58141,-3.84047,0.0],[119.58139,-3.84065,0.0],[119.58224,-3.84086,0.0],[119.58253,-3.84089,0.0],[119.58257,-3.84075,0.0],[119.58318,-3.84086,0.0],[119.58529,-3.84162,0.0],[119.58574,-3.84335,0.0],[119.58584,-3.84393,0.0],[119.58582,-3.84441,0.0],[119.58486,-3.84678,0.0],[119.58522,-3.84675,0.0],[119.58639,-3.84641,0.0],[119.58683,-3.8464,0.0],[119.58811,-3.84687,0.0],[119.58846,-3.84707,0.0],[119.58869,-3.84748,0.0],[119.58902,-3.84783,0.0],[119.59191,-3.84883,0.0],[119.59252,-3.84848,0.0],[119.5931,-3.84836,0.0],[119.59409,-3.84822,0.0],[119.59686,-3.8481,0.0],[119.59752,-3.84801,0.0],[119.59837,-3.84977,0.0],[119.59849,-3.85052,0.0],[119.59858,-3.85193,0.0],[119.59857,-3.85309,0.0],[119.59846,-3.85352,0.0],[119.59851,-3.85534,0.0],[119.5981,-3.8569,0.0],[119.59923,-3.85709,0.0],[119.60151,-3.85637,0.0],[119.60308,-3.85711,0.0],[119.60232,-3.8585,0.0],[119.59702,-3.86688,0.0],[119.5998,-3.86812,0.0],[119.59948,-3.8691,0.0],[119.60007,-3.8694,0.0],[119.60023,-3.8694,0.0],[119.60062,-3.86898,0.0],[119.60075,-3.86895,0.0],[119.60123,-3.86915,0.0],[119.60144,-3.86915,0.0],[119.60378,-3.86807,0.0],[119.60731,-3.86948,0.0],[119.60896,-3.87031,0.0],[119.60907,-3.87017,0.0],[119.60968,-3.87042,0.0],[119.60988,-3.87001,0.0],[119.61073,-3.87043,0.0],[119.61088,-3.87017,0.0],[119.61226,-3.8709,0.0],[119.61258,-3.87032,0.0],[119.61282,-3.87025,0.0],[119.61302,-3.87035,0.0],[119.61279,-3.87072,0.0],[119.61345,-3.8712,0.0],[119.61407,-3.8704,0.0],[119.61443,-3.87011,0.0],[119.61465,-3.87022,0.0],[119.61454,-3.87039,0.0],[119.61537,-3.8707,0.0],[119.61588,-3.87104,0.0],[119.61606,-3.87075,0.0],[119.6173,-3.87114,0.0],[119.61719,-3.87165,0.0],[119.61759,-3.87196,0.0],[119.61771,-3.87222,0.0],[119.61834,-3.87205,0.0],[119.61841,-3.87243,0.0],[119.61802,-3.87267,0.0],[119.61732,-3.8729,0.0],[119.61712,-3.87334,0.0],[119.61697,-3.87343,0.0],[119.61605,-3.87348,0.0],[119.61588,-3.87358,0.0],[119.61526,-3.8743,0.0],[119.61505,-3.87478,0.0],[119.6144,-3.87569,0.0],[119.61425,-3.87568,0.0],[119.61425,-3.87601,0.0],[119.61402,-3.87658,0.0],[119.6139,-3.87765,0.0],[119.61442,-3.87833,0.0],[119.61457,-3.87865,0.0],[119.6146,-3.87897,0.0],[119.61444,-3.87987,0.0],[119.61447,-3.8803,0.0],[119.61492,-3.88096,0.0],[119.61568,-3.88169,0.0],[119.61617,-3.88202,0.0],[119.61684,-3.88229,0.0],[119.61748,-3.88284,0.0],[119.61784,-3.88296,0.0],[119.61802,-3.88292,0.0],[119.61825,-3.88249,0.0],[119.6184,-3.88242,0.0],[119.6195,-3.88324,0.0],[119.61982,-3.88364,0.0],[119.62019,-3.88384,0.0],[119.62203,-3.88399,0.0],[119.62226,-3.88419,0.0],[119.62273,-3.88489,0.0],[119.62289,-3.88607,0.0],[119.6235,-3.88713,0.0],[119.62368,-3.88755,0.0],[119.62383,-3.88823,0.0],[119.62376,-3.88977,0.0],[119.62345,-3.89055,0.0],[119.62264,-3.89154,0.0],[119.62148,-3.89254,0.0],[119.6211,-3.89323,0.0],[119.62106,-3.89355,0.0],[119.62123,-3.89472,0.0],[119.62123,-3.89582,0.0],[119.62106,-3.89674,0.0],[119.62114,-3.89701,0.0],[119.62145,-3.8975,0.0],[119.62148,-3.89788,0.0],[119.62137,-3.89823,0.0],[119.6205,-3.89958,0.0],[119.61921,-3.90132,0.0],[119.61881,-3.90295,0.0],[119.61838,-3.90379,0.0],[119.61802,-3.90437,0.0],[119.61711,-3.90514,0.0],[119.61684,-3.90557,0.0],[119.61647,-3.90701,0.0],[119.61618,-3.90773,0.0],[119.61547,-3.90872,0.0],[119.61527,-3.91062,0.0],[119.61505,-3.91138,0.0],[119.61442,-3.9129,0.0],[119.61362,-3.91353,0.0],[119.61324,-3.91362,0.0],[119.61285,-3.91367,0.0],[119.612,-3.9135,0.0],[119.61063,-3.91344,0.0],[119.60973,-3.91389,0.0],[119.60922,-3.91441,0.0],[119.60902,-3.9148,0.0],[119.6088,-3.91547,0.0],[119.60872,-3.916,0.0],[119.60881,-3.91676,0.0],[119.60874,-3.91744,0.0],[119.60859,-3.91806,0.0],[119.60822,-3.91881,0.0],[119.60785,-3.91929,0.0],[119.6095,-3.92014,0.0],[119.61012,-3.92034,0.0],[119.61043,-3.92026,0.0],[119.61077,-3.92034,0.0],[119.61189,-3.91952,0.0],[119.61237,-3.91956,0.0],[119.61267,-3.91935,0.0],[119.61329,-3.91922,0.0],[119.61367,-3.91935,0.0],[119.61387,-3.91996,0.0],[119.6141,-3.92018,0.0],[119.61434,-3.92035,0.0],[119.61467,-3.92027,0.0],[119.61487,-3.92032,0.0],[119.61495,-3.92048,0.0],[119.61514,-3.92053,0.0],[119.6162,-3.92043,0.0],[119.61699,-3.92024,0.0],[119.61791,-3.92033,0.0],[119.61842,-3.92018,0.0],[119.61925,-3.92015,0.0],[119.61969,-3.92003,0.0],[119.62008,-3.91981,0.0],[119.62054,-3.92005,0.0],[119.62124,-3.92071,0.0],[119.62246,-3.92139,0.0],[119.62291,-3.92184,0.0],[119.62352,-3.92294,0.0],[119.6237,-3.92409,0.0],[119.62406,-3.9247,0.0],[119.62475,-3.92499,0.0],[119.62523,-3.92553,0.0],[119.62543,-3.92564,0.0],[119.62595,-3.92564,0.0],[119.62619,-3.92597,0.0],[119.62671,-3.92633,0.0],[119.62725,-3.92727,0.0],[119.62764,-3.92773,0.0],[119.62832,-3.92808,0.0],[119.62943,-3.92799,0.0],[119.62993,-3.92833,0.0],[119.63141,-3.92806,0.0],[119.63232,-3.92836,0.0],[119.63305,-3.93021,0.0],[119.63327,-3.93045,0.0],[119.63403,-3.9307,0.0],[119.63484,-3.93108,0.0],[119.63528,-3.93106,0.0],[119.63563,-3.93131,0.0],[119.63587,-3.93175,0.0],[119.63631,-3.93176,0.0],[119.6366,-3.9314,0.0],[119.63682,-3.93135,0.0],[119.63817,-3.9316,0.0],[119.6391,-3.932,0.0],[119.63934,-3.93211,0.0],[119.63946,-3.93349,0.0],[119.6418,-3.93489,0.0],[119.64271,-3.93451,0.0],[119.64282,-3.93467,0.0],[119.64282,-3.93508,0.0],[119.6426,-3.93565,0.0],[119.6423,-3.93689,0.0],[119.64212,-3.93843,0.0],[119.64309,-3.93929,0.0],[119.64437,-3.94012,0.0],[119.64614,-3.94109,0.0],[119.64681,-3.94138,0.0],[119.64823,-3.94136,0.0],[119.65077,-3.94012,0.0],[119.65285,-3.93868,0.0],[119.65497,-3.93801,0.0],[119.65819,-3.93648,0.0],[119.65993,-3.93411,0.0],[119.6615,-3.93253,0.0],[119.66258,-3.93231,0.0],[119.66345,-3.93228,0.0],[119.66477,-3.93158,0.0],[119.66566,-3.93077,0.0],[119.66949,-3.92851,0.0],[119.67284,-3.92694,0.0],[119.67574,-3.92514,0.0],[119.67727,-3.92567,0.0],[119.67856,-3.92589,0.0],[119.67879,-3.92608,0.0],[119.67971,-3.92631,0.0],[119.67983,-3.92592,0.0],[119.6836,-3.92678,0.0],[119.6833,-3.92779,0.0],[119.68313,-3.92793,0.0],[119.68302,-3.92868,0.0],[119.68307,-3.92914,0.0],[119.68325,-3.92927,0.0],[119.68337,-3.92958,0.0],[119.68327,-3.93034,0.0],[119.68275,-3.93262,0.0],[119.68281,-3.93517,0.0],[119.68269,-3.93623,0.0],[119.68304,-3.93585,0.0],[119.68314,-3.93561,0.0],[119.68508,-3.93358,0.0],[119.68718,-3.92986,0.0],[119.6878,-3.92895,0.0],[119.6887,-3.92799,0.0],[119.6896,-3.92762,0.0],[119.69011,-3.92759,0.0],[119.691,-3.92812,0.0],[119.69166,-3.92823,0.0],[119.69228,-3.92791,0.0],[119.69297,-3.92645,0.0],[119.69307,-3.92539,0.0],[119.69347,-3.92351,0.0],[119.69447,-3.92263,0.0],[119.69475,-3.92219,0.0],[119.69517,-3.92035,0.0],[119.6955,-3.91949,0.0],[119.69553,-3.91841,0.0],[119.69596,-3.91713,0.0],[119.69653,-3.91665,0.0],[119.69725,-3.91673,0.0],[119.69817,-3.91643,0.0],[119.69847,-3.9155,0.0],[119.69887,-3.91475,0.0],[119.69999,-3.91364,0.0],[119.70155,-3.91281,0.0],[119.70314,-3.91209,0.0],[119.70333,-3.91192,0.0],[119.70336,-3.9118,0.0],[119.70384,-3.91149,0.0],[119.70417,-3.91115,0.0],[119.70425,-3.91096,0.0],[119.70425,-3.91046,0.0],[119.70388,-3.90992,0.0],[119.70384,-3.90958,0.0],[119.70395,-3.90938,0.0],[119.70419,-3.90924,0.0],[119.70439,-3.90899,0.0],[119.70453,-3.90834,0.0],[119.7045,-3.90816,0.0],[119.70416,-3.90774,0.0],[119.70378,-3.90748,0.0],[119.70343,-3.90735,0.0],[119.70341,-3.90708,0.0],[119.70354,-3.90668,0.0],[119.70385,-3.90628,0.0],[119.70444,-3.906,0.0],[119.70497,-3.90612,0.0],[119.70528,-3.90631,0.0],[119.70542,-3.90651,0.0],[119.70555,-3.90703,0.0],[119.70641,-3.90791,0.0],[119.7074,-3.90838,0.0],[119.70791,-3.90881,0.0],[119.70827,-3.9096,0.0],[119.70923,-3.91085,0.0],[119.70977,-3.91099,0.0],[119.7114,-3.9107,0.0],[119.71218,-3.91091,0.0],[119.71268,-3.91079,0.0],[119.71314,-3.91048,0.0],[119.7139,-3.90958,0.0],[119.71487,-3.90891,0.0],[119.71531,-3.90871,0.0],[119.71691,-3.90824,0.0],[119.71703,-3.90809,0.0],[119.71705,-3.90767,0.0],[119.71789,-3.90717,0.0],[119.71813,-3.90665,0.0],[119.71834,-3.90568,0.0],[119.71851,-3.90533,0.0],[119.71929,-3.90519,0.0],[119.71966,-3.90494,0.0],[119.7198,-3.90386,0.0],[119.72069,-3.9021,0.0],[119.72127,-3.90014,0.0],[119.72149,-3.89986,0.0],[119.72206,-3.8996,0.0],[119.72205,-3.89901,0.0],[119.72218,-3.89869,0.0],[119.72232,-3.89847,0.0],[119.7228,-3.8981,0.0],[119.72281,-3.89768,0.0],[119.72308,-3.89741,0.0],[119.72315,-3.89696,0.0],[119.72359,-3.89626,0.0],[119.72359,-3.89605,0.0],[119.72338,-3.89572,0.0],[119.72338,-3.89551,0.0],[119.72363,-3.89529,0.0],[119.72426,-3.89516,0.0],[119.72436,-3.89468,0.0],[119.72475,-3.89457,0.0],[119.72467,-3.89429,0.0],[119.72471,-3.8938,0.0],[119.72439,-3.89307,0.0],[119.72406,-3.89267,0.0],[119.7242,-3.89182,0.0],[119.72399,-3.89136,0.0],[119.72415,-3.89102,0.0],[119.72407,-3.89062,0.0],[119.72413,-3.89034,0.0],[119.72376,-3.88964,0.0],[119.72343,-3.88921,0.0],[119.7235,-3.88868,0.0],[119.72373,-3.8881,0.0],[119.72415,-3.88797,0.0],[119.7241,-3.8865,0.0],[119.72416,-3.88618,0.0],[119.72436,-3.8859,0.0],[119.72483,-3.88567,0.0],[119.72519,-3.88522,0.0],[119.72648,-3.88492,0.0],[119.72661,-3.88401,0.0],[119.72695,-3.88366,0.0],[119.72674,-3.88341,0.0],[119.72633,-3.8834,0.0],[119.72605,-3.88231,0.0],[119.72582,-3.8821,0.0],[119.72571,-3.88184,0.0],[119.7257,-3.88083,0.0],[119.72526,-3.88044,0.0],[119.72514,-3.88004,0.0],[119.72515,-3.87977,0.0],[119.72531,-3.87948,0.0],[119.72529,-3.87925,0.0],[119.72441,-3.87874,0.0],[119.72368,-3.87855,0.0],[119.72335,-3.87812,0.0],[119.7234,-3.87769,0.0],[119.72312,-3.87727,0.0],[119.72335,-3.8767,0.0],[119.72319,-3.87641,0.0],[119.72321,-3.87625,0.0],[119.72345,-3.87604,0.0],[119.72432,-3.87578,0.0],[119.72469,-3.87546,0.0],[119.72479,-3.87524,0.0],[119.72481,-3.87484,0.0],[119.72499,-3.87453,0.0],[119.72496,-3.87416,0.0],[119.72553,-3.87375,0.0],[119.72562,-3.8736,0.0],[119.72563,-3.87329,0.0],[119.72603,-3.87303,0.0],[119.72597,-3.87283,0.0],[119.72602,-3.87264,0.0],[119.72586,-3.87249,0.0],[119.72573,-3.87206,0.0],[119.72522,-3.87186,0.0],[119.72521,-3.87172,0.0],[119.72553,-3.87099,0.0],[119.72604,-3.87028,0.0],[119.72608,-3.8698,0.0],[119.72661,-3.86924,0.0],[119.72711,-3.86802,0.0],[119.72714,-3.8677,0.0],[119.72684,-3.86736,0.0],[119.72682,-3.86713,0.0],[119.72696,-3.8668,0.0],[119.72696,-3.86631,0.0],[119.72738,-3.86489,0.0],[119.72739,-3.86447,0.0],[119.72755,-3.86393,0.0],[119.72754,-3.86369,0.0],[119.72718,-3.86317,0.0],[119.72672,-3.86323,0.0],[119.72544,-3.86293,0.0],[119.72497,-3.86293,0.0],[119.72447,-3.86274,0.0],[119.72427,-3.86274,0.0],[119.7233,-3.86316,0.0],[119.7229,-3.86299,0.0],[119.72263,-3.86305,0.0],[119.72211,-3.86365,0.0],[119.72173,-3.86356,0.0],[119.72134,-3.86362,0.0],[119.72018,-3.8634,0.0],[119.71979,-3.86312,0.0],[119.71927,-3.86246,0.0],[119.71844,-3.86229,0.0],[119.71815,-3.8624,0.0],[119.71754,-3.86299,0.0],[119.71716,-3.86322,0.0],[119.71618,-3.86326,0.0],[119.7147,-3.86363,0.0],[119.71399,-3.86359,0.0],[119.71317,-3.86506,0.0],[119.71284,-3.86526,0.0],[119.71248,-3.86518,0.0],[119.71223,-3.86477,0.0],[119.71139,-3.86478,0.0],[119.71089,-3.86466,0.0],[119.71017,-3.8643,0.0],[119.70886,-3.86393,0.0],[119.7081,-3.86397,0.0],[119.7072,-3.86413,0.0],[119.70593,-3.86397,0.0],[119.70472,-3.86394,0.0],[119.70351,-3.86436,0.0],[119.70285,-3.86487,0.0],[119.70221,-3.86481,0.0],[119.70184,-3.86489,0.0],[119.70141,-3.86468,0.0],[119.70058,-3.86408,0.0],[119.69976,-3.86401,0.0],[119.69937,-3.86409,0.0],[119.69867,-3.86441,0.0],[119.69689,-3.86572,0.0],[119.69645,-3.86588,0.0],[119.69521,-3.86602,0.0],[119.6937,-3.86594,0.0],[119.69213,-3.86557,0.0],[119.69006,-3.86473,0.0],[119.68553,-3.86331,0.0],[119.68322,-3.86238,0.0],[119.68242,-3.86227,0.0],[119.68174,-3.86235,0.0],[119.68039,-3.86316,0.0],[119.67961,-3.86267,0.0],[119.67939,-3.86232,0.0],[119.67915,-3.86157,0.0],[119.67922,-3.86008,0.0],[119.67966,-3.85908,0.0],[119.67986,-3.8581,0.0],[119.67952,-3.85403,0.0],[119.67966,-3.85195,0.0],[119.67993,-3.85066,0.0],[119.67809,-3.85016,0.0],[119.67804,-3.85029,0.0],[119.67736,-3.85016,0.0],[119.6774,-3.84997,0.0],[119.67664,-3.84973,0.0],[119.6767,-3.84949,0.0],[119.67458,-3.84873,0.0],[119.67424,-3.84954,0.0],[119.67177,-3.84852,0.0],[119.66929,-3.84769,0.0],[119.6684,-3.84747,0.0],[119.66849,-3.84718,0.0],[119.66655,-3.8463,0.0],[119.66705,-3.84507,0.0],[119.66725,-3.84485,0.0],[119.66722,-3.84471,0.0],[119.66582,-3.84424,0.0],[119.66565,-3.84469,0.0],[119.6651,-3.84449,0.0],[119.66491,-3.84489,0.0],[119.6642,-3.84461,0.0],[119.665,-3.8431,0.0],[119.66479,-3.84304,0.0],[119.66495,-3.84265,0.0],[119.66431,-3.84239,0.0],[119.66474,-3.84142,0.0],[119.66424,-3.84121,0.0],[119.66512,-3.83954,0.0],[119.66413,-3.83905,0.0],[119.66422,-3.83871,0.0],[119.66355,-3.83847,0.0],[119.66361,-3.83819,0.0],[119.66104,-3.83724,0.0],[119.66128,-3.83656,0.0],[119.66081,-3.83641,0.0],[119.66086,-3.83596,0.0],[119.65794,-3.83559,0.0],[119.65644,-3.83515,0.0],[119.65652,-3.8348,0.0],[119.65541,-3.83431,0.0],[119.65492,-3.8342,0.0],[119.65395,-3.83371,0.0],[119.6534,-3.83356,0.0],[119.65068,-3.83229,0.0],[119.6481,-3.8312,0.0],[119.6479,-3.8315,0.0],[119.64729,-3.83124,0.0],[119.64724,-3.83137,0.0],[119.64711,-3.83137,0.0],[119.64483,-3.83061,0.0],[119.64393,-3.83022,0.0],[119.64447,-3.82923,0.0],[119.64451,-3.82901,0.0],[119.64375,-3.8287,0.0],[119.64359,-3.82894,0.0],[119.64317,-3.82908,0.0],[119.64279,-3.82936,0.0],[119.64194,-3.8295,0.0],[119.64184,-3.83016,0.0],[119.64145,-3.83062,0.0],[119.64142,-3.83104,0.0],[119.64111,-3.83143,0.0],[119.64036,-3.83187,0.0],[119.63852,-3.83033,0.0],[119.63895,-3.82949,0.0],[119.63852,-3.82927,0.0],[119.63861,-3.82901,0.0],[119.6382,-3.82885,0.0],[119.63837,-3.82837,0.0],[119.63851,-3.82694,0.0],[119.63876,-3.82601,0.0],[119.63866,-3.82556,0.0],[119.63871,-3.82514,0.0],[119.63902,-3.82457,0.0],[119.63911,-3.82443,0.0],[119.6394,-3.82438,0.0],[119.63981,-3.82385,0.0],[119.6405,-3.82346,0.0],[119.64209,-3.82291,0.0],[119.64302,-3.8224,0.0],[119.64332,-3.82204,0.0],[119.64405,-3.82147,0.0],[119.64416,-3.82072,0.0],[119.64326,-3.81992,0.0],[119.64313,-3.82006,0.0],[119.64221,-3.81949,0.0],[119.64212,-3.81961,0.0],[119.64158,-3.81923,0.0],[119.64048,-3.8204,0.0],[119.63963,-3.81998,0.0],[119.63959,-3.81984,0.0],[119.63838,-3.8191,0.0],[119.63695,-3.81839,0.0],[119.63667,-3.81875,0.0],[119.63635,-3.81853,0.0],[119.63604,-3.81895,0.0],[119.63505,-3.81842,0.0],[119.63525,-3.81809,0.0],[119.63382,-3.81738,0.0],[119.63428,-3.81646,0.0],[119.6329,-3.81582,0.0],[119.63303,-3.81556,0.0],[119.63202,-3.81513,0.0],[119.63185,-3.81546,0.0],[119.63081,-3.81497,0.0],[119.63093,-3.81466,0.0],[119.63044,-3.81468,0.0],[119.63051,-3.81456,0.0],[119.63003,-3.81438,0.0],[119.63032,-3.81318,0.0],[119.63054,-3.81284,0.0],[119.63083,-3.81275,0.0],[119.63187,-3.81179,0.0],[119.6325,-3.81156,0.0],[119.63302,-3.81116,0.0],[119.63179,-3.81038,0.0],[119.63053,-3.80974,0.0],[119.63035,-3.81007,0.0],[119.62949,-3.80956,0.0],[119.62779,-3.80881,0.0],[119.62792,-3.80851,0.0],[119.6256,-3.80746,0.0],[119.62557,-3.80752,0.0],[119.62455,-3.80696,0.0],[119.62432,-3.80745,0.0],[119.62321,-3.80697,0.0],[119.62318,-3.80683,0.0],[119.62194,-3.80629,0.0],[119.62173,-3.80624,0.0],[119.62168,-3.80634,0.0],[119.61979,-3.80553,0.0],[119.61958,-3.80588,0.0],[119.61906,-3.80544,0.0],[119.60672,-3.81199,0.0],[119.60645,-3.81154,0.0],[119.60616,-3.81171,0.0],[119.60598,-3.81163,0.0],[119.60609,-3.81143,0.0],[119.60436,-3.81056,0.0],[119.6046,-3.8102,0.0],[119.60398,-3.80982,0.0],[119.60347,-3.80953,0.0],[119.60325,-3.80989,0.0],[119.60255,-3.8095,0.0],[119.6024,-3.8095,0.0],[119.60231,-3.80943,0.0],[119.60254,-3.80895,0.0],[119.60148,-3.80846,0.0],[119.60125,-3.80897,0.0],[119.60045,-3.80863,0.0],[119.60041,-3.80872,0.0],[119.5987,-3.80786,0.0],[119.59882,-3.80762,0.0],[119.59564,-3.80603,0.0],[119.59558,-3.80616,0.0],[119.59474,-3.80574,0.0],[119.59515,-3.80489,0.0],[119.59407,-3.80435,0.0],[119.59374,-3.80484,0.0],[119.59357,-3.80477,0.0],[119.59328,-3.80515,0.0],[119.59217,-3.80455,0.0],[119.59218,-3.80446,0.0],[119.59038,-3.80335,0.0],[119.58779,-3.80202,0.0],[119.58787,-3.80183,0.0],[119.58746,-3.80158,0.0],[119.58731,-3.80186,0.0],[119.5864,-3.80145,0.0],[119.58634,-3.80149,0.0],[119.5852,-3.80105,0.0],[119.5853,-3.80085,0.0],[119.58453,-3.80045,0.0],[119.58471,-3.80007,0.0],[119.58344,-3.79958,0.0],[119.5833,-3.79984,0.0]]]},"properties":{"OBJECTID":5900,"NAMOBJ":"Mattiro Bulu","WADMKC":"Mattiro Bulu","KDCPUM":"73.15.03","WADMKK":"Pinrang","WADMPR":"Sulawesi Selatan","LUASWH":129.67235547778864,"TIPADM":3}},{"type":"Feature","id":5901,"geometry":{"type":"Polygon","coordinates":[[[119.60335,-3.74995,0.0],[119.60341,-3.74973,0.0],[119.6026,-3.74939,0.0],[119.60181,-3.74899,0.0],[119.60183,-3.74893,0.0],[119.60121,-3.74867,0.0],[119.60024,-3.7506,0.0],[119.59905,-3.75007,0.0],[119.5986,-3.75096,0.0],[119.59619,-3.74978,0.0],[119.59601,-3.75013,0.0],[119.5958,-3.75,0.0],[119.59557,-3.75049,0.0],[119.59503,-3.75022,0.0],[119.59435,-3.7514,0.0],[119.59299,-3.75069,0.0],[119.59211,-3.7525,0.0],[119.59122,-3.75213,0.0],[119.591,-3.75274,0.0],[119.58871,-3.75165,0.0],[119.58886,-3.75124,0.0],[119.58845,-3.75102,0.0],[119.58855,-3.75073,0.0],[119.58663,-3.74983,0.0],[119.58605,-3.75085,0.0],[119.58548,-3.7507,0.0],[119.58494,-3.75165,0.0],[119.58469,-3.75156,0.0],[119.58449,-3.75183,0.0],[119.58405,-3.7517,0.0],[119.58364,-3.75233,0.0],[119.58355,-3.75229,0.0],[119.58271,-3.7542,0.0],[119.58167,-3.75386,0.0],[119.58113,-3.75492,0.0],[119.58065,-3.75461,0.0],[119.5804,-3.75496,0.0],[119.5798,-3.75452,0.0],[119.57943,-3.755,0.0],[119.57936,-3.75497,0.0],[119.57922,-3.75509,0.0],[119.5787,-3.755,0.0],[119.57819,-3.75602,0.0],[119.57833,-3.75607,0.0],[119.57824,-3.75668,0.0],[119.57795,-3.7566,0.0],[119.57778,-3.7571,0.0],[119.5772,-3.75694,0.0],[119.57387,-3.76721,0.0],[119.57463,-3.76755,0.0],[119.57421,-3.76849,0.0],[119.57414,-3.76964,0.0],[119.57401,-3.77006,0.0],[119.57197,-3.77507,0.0],[119.57233,-3.77528,0.0],[119.57242,-3.77551,0.0],[119.57165,-3.77733,0.0],[119.5715,-3.77791,0.0],[119.57278,-3.77854,0.0],[119.57268,-3.77876,0.0],[119.57331,-3.77906,0.0],[119.57333,-3.77922,0.0],[119.5736,-3.77931,0.0],[119.57359,-3.77949,0.0],[119.57381,-3.77976,0.0],[119.57367,-3.77997,0.0],[119.57347,-3.78068,0.0],[119.57353,-3.78071,0.0],[119.5731,-3.78179,0.0],[119.57271,-3.78165,0.0],[119.57252,-3.78195,0.0],[119.57228,-3.78208,0.0],[119.57208,-3.7826,0.0],[119.57197,-3.78265,0.0],[119.57171,-3.7831,0.0],[119.5719,-3.78321,0.0],[119.57186,-3.78326,0.0],[119.57211,-3.78336,0.0],[119.57103,-3.78539,0.0],[119.57064,-3.78633,0.0],[119.57075,-3.78638,0.0],[119.57062,-3.78675,0.0],[119.57085,-3.78685,0.0],[119.57067,-3.78725,0.0],[119.57089,-3.7874,0.0],[119.5706,-3.7881,0.0],[119.57039,-3.78798,0.0],[119.56986,-3.78945,0.0],[119.56976,-3.78974,0.0],[119.56985,-3.78978,0.0],[119.56969,-3.79012,0.0],[119.56959,-3.79009,0.0],[119.56938,-3.79065,0.0],[119.5691,-3.79053,0.0],[119.56891,-3.79092,0.0],[119.56931,-3.79114,0.0],[119.56905,-3.79161,0.0],[119.56951,-3.79186,0.0],[119.56931,-3.79227,0.0],[119.57034,-3.79285,0.0],[119.57028,-3.79293,0.0],[119.57062,-3.79316,0.0],[119.57101,-3.79384,0.0],[119.57126,-3.79399,0.0],[119.57072,-3.79559,0.0],[119.57097,-3.79569,0.0],[119.57085,-3.79642,0.0],[119.57093,-3.79645,0.0],[119.57076,-3.79664,0.0],[119.57068,-3.79705,0.0],[119.57185,-3.79753,0.0],[119.57204,-3.79717,0.0],[119.57223,-3.79697,0.0],[119.57234,-3.79698,0.0],[119.57473,-3.7982,0.0],[119.57416,-3.79981,0.0],[119.57638,-3.8005,0.0],[119.57649,-3.80028,0.0],[119.57751,-3.80037,0.0],[119.57763,-3.80008,0.0],[119.57925,-3.80083,0.0],[119.58048,-3.80128,0.0],[119.58173,-3.79868,0.0],[119.58299,-3.79924,0.0],[119.58277,-3.79964,0.0],[119.58332,-3.79985,0.0],[119.58344,-3.79958,0.0],[119.58471,-3.80007,0.0],[119.58453,-3.80045,0.0],[119.5853,-3.80085,0.0],[119.5852,-3.80105,0.0],[119.58634,-3.80149,0.0],[119.5864,-3.80145,0.0],[119.58731,-3.80186,0.0],[119.58746,-3.80158,0.0],[119.58787,-3.80183,0.0],[119.58779,-3.80202,0.0],[119.59038,-3.80335,0.0],[119.59218,-3.80446,0.0],[119.59217,-3.80455,0.0],[119.59328,-3.80515,0.0],[119.59357,-3.80477,0.0],[119.59374,-3.80484,0.0],[119.59407,-3.80435,0.0],[119.59515,-3.80489,0.0],[119.59474,-3.80574,0.0],[119.59558,-3.80616,0.0],[119.59564,-3.80603,0.0],[119.59882,-3.80762,0.0],[119.5987,-3.80786,0.0],[119.60041,-3.80872,0.0],[119.60045,-3.80863,0.0],[119.60125,-3.80897,0.0],[119.60148,-3.80846,0.0],[119.60254,-3.80895,0.0],[119.60231,-3.80943,0.0],[119.6024,-3.8095,0.0],[119.60255,-3.8095,0.0],[119.60325,-3.80989,0.0],[119.60347,-3.80953,0.0],[119.60398,-3.80982,0.0],[119.6046,-3.8102,0.0],[119.60436,-3.81056,0.0],[119.60609,-3.81143,0.0],[119.60598,-3.81163,0.0],[119.60616,-3.81171,0.0],[119.60645,-3.81154,0.0],[119.60672,-3.81199,0.0],[119.61906,-3.80544,0.0],[119.61958,-3.80588,0.0],[119.61979,-3.80553,0.0],[119.62168,-3.80634,0.0],[119.62173,-3.80624,0.0],[119.62194,-3.80629,0.0],[119.62318,-3.80683,0.0],[119.62321,-3.80697,0.0],[119.62432,-3.80745,0.0],[119.62455,-3.80696,0.0],[119.62557,-3.80752,0.0],[119.6256,-3.80746,0.0],[119.62792,-3.80851,0.0],[119.62779,-3.80881,0.0],[119.62949,-3.80956,0.0],[119.63035,-3.81007,0.0],[119.63053,-3.80974,0.0],[119.63101,-3.80997,0.0],[119.63302,-3.81116,0.0],[119.6325,-3.81156,0.0],[119.63187,-3.81179,0.0],[119.63083,-3.81275,0.0],[119.63054,-3.81284,0.0],[119.63032,-3.81318,0.0],[119.63003,-3.81438,0.0],[119.63051,-3.81456,0.0],[119.63044,-3.81468,0.0],[119.63093,-3.81466,0.0],[119.63081,-3.81497,0.0],[119.63185,-3.81546,0.0],[119.63202,-3.81513,0.0],[119.63303,-3.81556,0.0],[119.6329,-3.81582,0.0],[119.63428,-3.81646,0.0],[119.63382,-3.81738,0.0],[119.63525,-3.81809,0.0],[119.63505,-3.81842,0.0],[119.63604,-3.81895,0.0],[119.63635,-3.81853,0.0],[119.63667,-3.81875,0.0],[119.63695,-3.81839,0.0],[119.63838,-3.8191,0.0],[119.63959,-3.81984,0.0],[119.63963,-3.81998,0.0],[119.64048,-3.8204,0.0],[119.64158,-3.81923,0.0],[119.64212,-3.81961,0.0],[119.64221,-3.81949,0.0],[119.64313,-3.82006,0.0],[119.64326,-3.81992,0.0],[119.64416,-3.82072,0.0],[119.64405,-3.82147,0.0],[119.64332,-3.82204,0.0],[119.64302,-3.8224,0.0],[119.64209,-3.82291,0.0],[119.6405,-3.82346,0.0],[119.63981,-3.82385,0.0],[119.6394,-3.82438,0.0],[119.63911,-3.82443,0.0],[119.63871,-3.82514,0.0],[119.63866,-3.82556,0.0],[119.63876,-3.82601,0.0],[119.63851,-3.82694,0.0],[119.63837,-3.82837,0.0],[119.6382,-3.82885,0.0],[119.63861,-3.82901,0.0],[119.63852,-3.82927,0.0],[119.63895,-3.82949,0.0],[119.63852,-3.83033,0.0],[119.6389,-3.8307,0.0],[119.64036,-3.83187,0.0],[119.64111,-3.83143,0.0],[119.64142,-3.83104,0.0],[119.64145,-3.83062,0.0],[119.64184,-3.83016,0.0],[119.64194,-3.8295,0.0],[119.64279,-3.82936,0.0],[119.64317,-3.82908,0.0],[119.64359,-3.82894,0.0],[119.64375,-3.8287,0.0],[119.64451,-3.82901,0.0],[119.64447,-3.82923,0.0],[119.64393,-3.83022,0.0],[119.64483,-3.83061,0.0],[119.64711,-3.83137,0.0],[119.64724,-3.83137,0.0],[119.64729,-3.83124,0.0],[119.6479,-3.8315,0.0],[119.6481,-3.8312,0.0],[119.65068,-3.83229,0.0],[119.6534,-3.83356,0.0],[119.65395,-3.83371,0.0],[119.65492,-3.8342,0.0],[119.65541,-3.83431,0.0],[119.65652,-3.8348,0.0],[119.65644,-3.83515,0.0],[119.65794,-3.83559,0.0],[119.66086,-3.83596,0.0],[119.66081,-3.83641,0.0],[119.66128,-3.83656,0.0],[119.66104,-3.83724,0.0],[119.66361,-3.83819,0.0],[119.66355,-3.83847,0.0],[119.66422,-3.83871,0.0],[119.66413,-3.83905,0.0],[119.66512,-3.83954,0.0],[119.66424,-3.84121,0.0],[119.66474,-3.84142,0.0],[119.66431,-3.84239,0.0],[119.66495,-3.84265,0.0],[119.66479,-3.84304,0.0],[119.665,-3.8431,0.0],[119.6642,-3.84461,0.0],[119.66491,-3.84489,0.0],[119.6651,-3.84449,0.0],[119.66565,-3.84469,0.0],[119.66582,-3.84424,0.0],[119.66722,-3.84471,0.0],[119.66725,-3.84485,0.0],[119.66705,-3.84507,0.0],[119.66655,-3.8463,0.0],[119.66849,-3.84718,0.0],[119.6684,-3.84747,0.0],[119.66929,-3.84769,0.0],[119.67177,-3.84852,0.0],[119.67424,-3.84954,0.0],[119.67458,-3.84873,0.0],[119.6767,-3.84949,0.0],[119.67664,-3.84973,0.0],[119.6774,-3.84997,0.0],[119.67736,-3.85016,0.0],[119.67804,-3.85029,0.0],[119.67809,-3.85016,0.0],[119.67993,-3.85066,0.0],[119.68004,-3.84951,0.0],[119.6798,-3.8485,0.0],[119.67975,-3.84788,0.0],[119.67977,-3.84695,0.0],[119.67999,-3.84546,0.0],[119.68024,-3.84255,0.0],[119.68007,-3.84024,0.0],[119.68049,-3.8389,0.0],[119.68053,-3.83742,0.0],[119.6814,-3.83642,0.0],[119.68183,-3.8354,0.0],[119.68191,-3.83499,0.0],[119.68179,-3.83412,0.0],[119.68164,-3.83371,0.0],[119.67957,-3.83263,0.0],[119.67926,-3.83245,0.0],[119.67924,-3.83234,0.0],[119.67999,-3.82942,0.0],[119.68088,-3.82783,0.0],[119.6811,-3.82716,0.0],[119.68111,-3.82602,0.0],[119.68124,-3.82523,0.0],[119.68171,-3.82333,0.0],[119.68183,-3.82251,0.0],[119.68207,-3.82256,0.0],[119.68222,-3.82195,0.0],[119.68176,-3.82182,0.0],[119.68191,-3.8204,0.0],[119.6805,-3.82017,0.0],[119.6794,-3.82014,0.0],[119.67817,-3.81949,0.0],[119.67798,-3.82001,0.0],[119.67732,-3.81971,0.0],[119.67714,-3.81984,0.0],[119.67685,-3.81967,0.0],[119.6766,-3.81962,0.0],[119.67657,-3.81984,0.0],[119.67508,-3.81953,0.0],[119.67392,-3.81919,0.0],[119.67375,-3.81949,0.0],[119.67293,-3.81898,0.0],[119.67299,-3.81886,0.0],[119.67211,-3.81844,0.0],[119.67158,-3.81906,0.0],[119.66991,-3.81831,0.0],[119.66985,-3.81843,0.0],[119.66875,-3.81796,0.0],[119.66851,-3.81783,0.0],[119.66869,-3.81745,0.0],[119.6674,-3.81695,0.0],[119.6673,-3.81683,0.0],[119.66666,-3.81665,0.0],[119.66616,-3.81776,0.0],[119.66534,-3.81738,0.0],[119.66432,-3.81715,0.0],[119.66378,-3.81637,0.0],[119.66343,-3.816,0.0],[119.66297,-3.81583,0.0],[119.66239,-3.81535,0.0],[119.66219,-3.81486,0.0],[119.66175,-3.81438,0.0],[119.66166,-3.81404,0.0],[119.66209,-3.81306,0.0],[119.66269,-3.81274,0.0],[119.6628,-3.81255,0.0],[119.66288,-3.81185,0.0],[119.6624,-3.81111,0.0],[119.66238,-3.81061,0.0],[119.6619,-3.81029,0.0],[119.66151,-3.80985,0.0],[119.66136,-3.80928,0.0],[119.66117,-3.809,0.0],[119.66056,-3.80882,0.0],[119.66031,-3.80854,0.0],[119.66012,-3.80845,0.0],[119.6597,-3.80858,0.0],[119.65946,-3.8085,0.0],[119.65899,-3.8078,0.0],[119.65901,-3.80732,0.0],[119.65895,-3.80718,0.0],[119.6586,-3.80704,0.0],[119.6574,-3.80625,0.0],[119.65688,-3.80559,0.0],[119.65681,-3.80507,0.0],[119.65616,-3.80408,0.0],[119.65598,-3.80362,0.0],[119.65582,-3.80348,0.0],[119.65545,-3.80342,0.0],[119.65496,-3.80263,0.0],[119.65435,-3.80194,0.0],[119.65417,-3.80151,0.0],[119.65418,-3.80066,0.0],[119.65454,-3.79935,0.0],[119.65454,-3.79908,0.0],[119.65415,-3.79835,0.0],[119.65381,-3.79739,0.0],[119.65399,-3.79668,0.0],[119.65423,-3.7961,0.0],[119.65452,-3.79575,0.0],[119.65489,-3.79549,0.0],[119.65519,-3.79509,0.0],[119.65531,-3.79465,0.0],[119.65546,-3.79283,0.0],[119.65518,-3.79001,0.0],[119.65539,-3.78773,0.0],[119.65521,-3.78695,0.0],[119.65506,-3.78668,0.0],[119.65462,-3.78681,0.0],[119.65101,-3.78728,0.0],[119.65092,-3.78736,0.0],[119.64529,-3.78593,0.0],[119.64517,-3.78628,0.0],[119.64478,-3.78615,0.0],[119.64463,-3.78648,0.0],[119.64378,-3.78614,0.0],[119.64385,-3.78592,0.0],[119.64306,-3.78565,0.0],[119.64276,-3.78626,0.0],[119.64258,-3.7862,0.0],[119.64266,-3.78598,0.0],[119.64223,-3.78581,0.0],[119.6421,-3.78613,0.0],[119.64192,-3.7861,0.0],[119.64218,-3.78545,0.0],[119.64227,-3.78471,0.0],[119.64212,-3.78386,0.0],[119.64211,-3.78264,0.0],[119.64136,-3.78254,0.0],[119.64153,-3.78165,0.0],[119.64117,-3.78153,0.0],[119.64131,-3.78096,0.0],[119.64104,-3.78088,0.0],[119.64108,-3.78048,0.0],[119.64022,-3.78029,0.0],[119.6402,-3.78022,0.0],[119.63943,-3.77982,0.0],[119.63953,-3.77977,0.0],[119.6405,-3.77781,0.0],[119.64082,-3.77756,0.0],[119.63999,-3.77717,0.0],[119.63934,-3.77697,0.0],[119.63948,-3.77636,0.0],[119.63955,-3.77636,0.0],[119.63974,-3.77572,0.0],[119.63964,-3.7756,0.0],[119.63853,-3.77518,0.0],[119.63938,-3.77378,0.0],[119.63866,-3.77352,0.0],[119.63858,-3.77364,0.0],[119.63755,-3.77313,0.0],[119.63779,-3.77277,0.0],[119.6361,-3.77175,0.0],[119.63651,-3.77109,0.0],[119.63701,-3.77068,0.0],[119.63736,-3.76983,0.0],[119.63655,-3.76934,0.0],[119.63648,-3.76943,0.0],[119.63615,-3.76921,0.0],[119.63588,-3.76948,0.0],[119.63467,-3.76855,0.0],[119.63605,-3.76718,0.0],[119.6361,-3.76695,0.0],[119.63654,-3.76631,0.0],[119.63552,-3.76551,0.0],[119.63261,-3.76442,0.0],[119.62771,-3.76294,0.0],[119.62773,-3.76287,0.0],[119.62513,-3.76176,0.0],[119.62109,-3.75988,0.0],[119.62103,-3.75983,0.0],[119.62106,-3.75964,0.0],[119.61811,-3.7579,0.0],[119.61707,-3.75758,0.0],[119.61473,-3.75649,0.0],[119.61455,-3.75682,0.0],[119.61408,-3.75659,0.0],[119.61273,-3.7593,0.0],[119.61188,-3.75891,0.0],[119.6115,-3.75961,0.0],[119.61075,-3.75919,0.0],[119.6102,-3.75852,0.0],[119.6102,-3.75807,0.0],[119.61009,-3.75772,0.0],[119.61015,-3.75743,0.0],[119.60983,-3.75721,0.0],[119.61007,-3.7568,0.0],[119.60919,-3.75644,0.0],[119.60828,-3.75584,0.0],[119.60784,-3.75634,0.0],[119.60683,-3.7571,0.0],[119.60639,-3.75677,0.0],[119.60598,-3.7574,0.0],[119.6055,-3.75716,0.0],[119.60542,-3.75728,0.0],[119.60493,-3.75719,0.0],[119.60502,-3.75707,0.0],[119.60502,-3.75689,0.0],[119.6046,-3.75647,0.0],[119.60464,-3.75612,0.0],[119.60478,-3.75588,0.0],[119.60527,-3.75573,0.0],[119.60545,-3.75552,0.0],[119.60533,-3.75533,0.0],[119.60466,-3.75515,0.0],[119.60475,-3.75435,0.0],[119.60492,-3.75397,0.0],[119.60493,-3.75369,0.0],[119.60474,-3.75341,0.0],[119.60433,-3.75328,0.0],[119.6042,-3.75316,0.0],[119.60424,-3.75283,0.0],[119.60412,-3.75241,0.0],[119.60429,-3.75186,0.0],[119.60458,-3.75171,0.0],[119.60455,-3.75132,0.0],[119.60432,-3.75119,0.0],[119.60418,-3.75125,0.0],[119.60353,-3.75094,0.0],[119.60333,-3.75097,0.0],[119.60252,-3.75045,0.0],[119.60259,-3.75033,0.0],[119.6032,-3.75043,0.0],[119.60335,-3.74995,0.0]]]},"properties":{"OBJECTID":5901,"NAMOBJ":"Watang Sawitto","WADMKC":"Watang Sawitto","KDCPUM":"73.15.04","WADMKK":"Pinrang","WADMPR":"Sulawesi Selatan","LUASWH":58.56689293056526,"TIPADM":3}},{"type":"Feature","id":5902,"geometry":{"type":"Polygon","coordinates":[[[119.76049,-3.67861,0.0],[119.75995,-3.67676,0.0],[119.75966,-3.67628,0.0],[119.75965,-3.67604,0.0],[119.75997,-3.67553,0.0],[119.75971,-3.67443,0.0],[119.75884,-3.67312,0.0],[119.75861,-3.67234,0.0],[119.75871,-3.67119,0.0],[119.75902,-3.66983,0.0],[119.75724,-3.66893,0.0],[119.75626,-3.66827,0.0],[119.75515,-3.66778,0.0],[119.75401,-3.6675,0.0],[119.75169,-3.66711,0.0],[119.75077,-3.66738,0.0],[119.75027,-3.66784,0.0],[119.75004,-3.66827,0.0],[119.74922,-3.66867,0.0],[119.74777,-3.66998,0.0],[119.74555,-3.67162,0.0],[119.74191,-3.67335,0.0],[119.73806,-3.67552,0.0],[119.73158,-3.67887,0.0],[119.72809,-3.68009,0.0],[119.72495,-3.68014,0.0],[119.72441,-3.68003,0.0],[119.72381,-3.68115,0.0],[119.72343,-3.68123,0.0],[119.72293,-3.68109,0.0],[119.72255,-3.68132,0.0],[119.72222,-3.68215,0.0],[119.72177,-3.68235,0.0],[119.72112,-3.68282,0.0],[119.72095,-3.68283,0.0],[119.7206,-3.68317,0.0],[119.72036,-3.68329,0.0],[119.72008,-3.68373,0.0],[119.71994,-3.68423,0.0],[119.71968,-3.68476,0.0],[119.71918,-3.68501,0.0],[119.71902,-3.68492,0.0],[119.71811,-3.68545,0.0],[119.71801,-3.68574,0.0],[119.71788,-3.68665,0.0],[119.71776,-3.68681,0.0],[119.71748,-3.68695,0.0],[119.71678,-3.68694,0.0],[119.71661,-3.68701,0.0],[119.71627,-3.68742,0.0],[119.71606,-3.68754,0.0],[119.71531,-3.68755,0.0],[119.71507,-3.68761,0.0],[119.71497,-3.68773,0.0],[119.71503,-3.68803,0.0],[119.71491,-3.68917,0.0],[119.71502,-3.68948,0.0],[119.71564,-3.69023,0.0],[119.71566,-3.69058,0.0],[119.7153,-3.69122,0.0],[119.71528,-3.69159,0.0],[119.71564,-3.6924,0.0],[119.71721,-3.69368,0.0],[119.71727,-3.6939,0.0],[119.7172,-3.69442,0.0],[119.71704,-3.69456,0.0],[119.71512,-3.69548,0.0],[119.71466,-3.69557,0.0],[119.71367,-3.69555,0.0],[119.71274,-3.69577,0.0],[119.71217,-3.6958,0.0],[119.71116,-3.6956,0.0],[119.71039,-3.69453,0.0],[119.70985,-3.69415,0.0],[119.70909,-3.69398,0.0],[119.70792,-3.69416,0.0],[119.7074,-3.69437,0.0],[119.707,-3.69464,0.0],[119.70631,-3.69491,0.0],[119.70568,-3.69497,0.0],[119.70449,-3.69395,0.0],[119.70368,-3.69341,0.0],[119.70311,-3.69314,0.0],[119.70168,-3.69281,0.0],[119.70079,-3.69242,0.0],[119.69956,-3.69133,0.0],[119.69853,-3.69018,0.0],[119.69781,-3.68966,0.0],[119.69645,-3.68916,0.0],[119.69594,-3.68916,0.0],[119.69558,-3.68863,0.0],[119.69284,-3.68346,0.0],[119.69244,-3.68291,0.0],[119.69169,-3.6825,0.0],[119.69121,-3.68239,0.0],[119.69067,-3.6824,0.0],[119.68781,-3.68362,0.0],[119.68614,-3.68355,0.0],[119.68551,-3.68366,0.0],[119.68488,-3.68384,0.0],[119.68404,-3.68436,0.0],[119.68365,-3.68437,0.0],[119.68323,-3.68419,0.0],[119.68251,-3.68358,0.0],[119.68238,-3.68359,0.0],[119.67857,-3.68685,0.0],[119.6761,-3.68813,0.0],[119.6745,-3.68806,0.0],[119.67276,-3.68787,0.0],[119.6716,-3.68806,0.0],[119.6706,-3.68877,0.0],[119.6701,-3.68961,0.0],[119.66972,-3.69111,0.0],[119.66965,-3.69232,0.0],[119.66993,-3.69413,0.0],[119.66981,-3.69634,0.0],[119.66934,-3.69791,0.0],[119.66879,-3.69851,0.0],[119.66789,-3.6991,0.0],[119.66722,-3.69936,0.0],[119.66665,-3.69917,0.0],[119.66663,-3.69855,0.0],[119.66684,-3.69786,0.0],[119.66684,-3.69736,0.0],[119.66665,-3.69684,0.0],[119.66624,-3.69658,0.0],[119.66548,-3.69658,0.0],[119.6647,-3.69679,0.0],[119.66408,-3.69734,0.0],[119.66375,-3.69817,0.0],[119.66318,-3.69858,0.0],[119.66101,-3.6992,0.0],[119.65951,-3.69939,0.0],[119.65725,-3.69934,0.0],[119.65561,-3.69905,0.0],[119.65451,-3.69841,0.0],[119.65313,-3.69657,0.0],[119.6522,-3.69621,0.0],[119.64997,-3.69632,0.0],[119.64773,-3.69663,0.0],[119.64663,-3.69651,0.0],[119.64558,-3.69585,0.0],[119.64422,-3.69479,0.0],[119.64359,-3.69461,0.0],[119.64234,-3.69469,0.0],[119.63903,-3.6964,0.0],[119.63812,-3.6971,0.0],[119.6376,-3.69795,0.0],[119.63652,-3.70039,0.0],[119.6353,-3.70195,0.0],[119.63443,-3.70286,0.0],[119.63329,-3.70359,0.0],[119.63155,-3.70388,0.0],[119.62803,-3.7038,0.0],[119.62711,-3.70388,0.0],[119.62484,-3.70342,0.0],[119.62403,-3.70299,0.0],[119.62364,-3.70245,0.0],[119.62303,-3.70194,0.0],[119.62134,-3.70076,0.0],[119.61985,-3.70024,0.0],[119.61954,-3.70302,0.0],[119.61933,-3.70303,0.0],[119.61922,-3.7041,0.0],[119.61861,-3.70394,0.0],[119.61854,-3.70492,0.0],[119.61823,-3.70496,0.0],[119.61819,-3.70573,0.0],[119.61786,-3.70659,0.0],[119.61747,-3.70645,0.0],[119.6172,-3.70727,0.0],[119.6169,-3.70721,0.0],[119.61665,-3.70808,0.0],[119.61631,-3.708,0.0],[119.616,-3.70884,0.0],[119.61573,-3.7088,0.0],[119.6155,-3.71013,0.0],[119.61504,-3.71169,0.0],[119.61517,-3.71171,0.0],[119.61475,-3.71343,0.0],[119.61421,-3.71323,0.0],[119.61391,-3.71427,0.0],[119.61336,-3.71411,0.0],[119.61248,-3.71644,0.0],[119.61259,-3.71649,0.0],[119.61242,-3.7171,0.0],[119.61257,-3.71716,0.0],[119.61137,-3.72094,0.0],[119.61189,-3.72086,0.0],[119.61223,-3.72098,0.0],[119.61259,-3.72099,0.0],[119.61331,-3.72137,0.0],[119.6137,-3.72143,0.0],[119.61414,-3.72128,0.0],[119.61465,-3.72074,0.0],[119.61562,-3.72071,0.0],[119.61715,-3.72113,0.0],[119.61732,-3.7213,0.0],[119.61687,-3.72284,0.0],[119.61618,-3.72258,0.0],[119.61582,-3.72375,0.0],[119.61552,-3.72363,0.0],[119.61483,-3.72518,0.0],[119.61453,-3.72605,0.0],[119.61372,-3.72575,0.0],[119.61349,-3.72649,0.0],[119.61393,-3.72663,0.0],[119.61377,-3.72707,0.0],[119.61333,-3.72692,0.0],[119.61322,-3.72734,0.0],[119.61422,-3.72765,0.0],[119.61397,-3.72831,0.0],[119.61425,-3.72842,0.0],[119.6145,-3.72883,0.0],[119.61427,-3.72891,0.0],[119.61427,-3.72949,0.0],[119.6141,-3.73007,0.0],[119.61431,-3.73025,0.0],[119.61427,-3.73059,0.0],[119.61474,-3.73098,0.0],[119.61528,-3.73111,0.0],[119.61564,-3.73143,0.0],[119.61593,-3.73154,0.0],[119.61612,-3.73195,0.0],[119.61644,-3.73231,0.0],[119.61584,-3.73315,0.0],[119.61696,-3.73376,0.0],[119.61642,-3.73455,0.0],[119.61596,-3.73501,0.0],[119.61602,-3.73504,0.0],[119.61571,-3.73551,0.0],[119.61746,-3.73649,0.0],[119.61726,-3.73682,0.0],[119.61672,-3.73719,0.0],[119.61632,-3.73714,0.0],[119.61592,-3.73722,0.0],[119.61549,-3.73771,0.0],[119.61528,-3.73773,0.0],[119.61499,-3.73815,0.0],[119.61491,-3.73812,0.0],[119.61462,-3.73687,0.0],[119.61412,-3.73656,0.0],[119.61392,-3.73652,0.0],[119.61355,-3.7369,0.0],[119.61332,-3.737,0.0],[119.61236,-3.73713,0.0],[119.61219,-3.73672,0.0],[119.61234,-3.73642,0.0],[119.61227,-3.73633,0.0],[119.61202,-3.73646,0.0],[119.61191,-3.73671,0.0],[119.61163,-3.73655,0.0],[119.61054,-3.73865,0.0],[119.61042,-3.7386,0.0],[119.61016,-3.73901,0.0],[119.60973,-3.73995,0.0],[119.6102,-3.74017,0.0],[119.60979,-3.74148,0.0],[119.60863,-3.74088,0.0],[119.60863,-3.7407,0.0],[119.60806,-3.74049,0.0],[119.60872,-3.74217,0.0],[119.60798,-3.74201,0.0],[119.60774,-3.74258,0.0],[119.60782,-3.74261,0.0],[119.60732,-3.74372,0.0],[119.6075,-3.74381,0.0],[119.60696,-3.74504,0.0],[119.60732,-3.74524,0.0],[119.60676,-3.74671,0.0],[119.60661,-3.74666,0.0],[119.60644,-3.7472,0.0],[119.6058,-3.74702,0.0],[119.6055,-3.74832,0.0],[119.60511,-3.7482,0.0],[119.60517,-3.74884,0.0],[119.60504,-3.74884,0.0],[119.60512,-3.74914,0.0],[119.60502,-3.7495,0.0],[119.60468,-3.74996,0.0],[119.60455,-3.74996,0.0],[119.60419,-3.75068,0.0],[119.60483,-3.75093,0.0],[119.60455,-3.75132,0.0],[119.60458,-3.75171,0.0],[119.60429,-3.75186,0.0],[119.60412,-3.75245,0.0],[119.60423,-3.75272,0.0],[119.60423,-3.7532,0.0],[119.60474,-3.75341,0.0],[119.60493,-3.75369,0.0],[119.60492,-3.75397,0.0],[119.60475,-3.75435,0.0],[119.60465,-3.75511,0.0],[119.60474,-3.7552,0.0],[119.60533,-3.75533,0.0],[119.60545,-3.75552,0.0],[119.60527,-3.75573,0.0],[119.60478,-3.75588,0.0],[119.60464,-3.75612,0.0],[119.6046,-3.75647,0.0],[119.60502,-3.75689,0.0],[119.60502,-3.75707,0.0],[119.60493,-3.75719,0.0],[119.60542,-3.75728,0.0],[119.6055,-3.75716,0.0],[119.60598,-3.7574,0.0],[119.60639,-3.75677,0.0],[119.60683,-3.7571,0.0],[119.60784,-3.75634,0.0],[119.60828,-3.75584,0.0],[119.60919,-3.75644,0.0],[119.61007,-3.7568,0.0],[119.60983,-3.75721,0.0],[119.61015,-3.75743,0.0],[119.61009,-3.75772,0.0],[119.6102,-3.75807,0.0],[119.6102,-3.75852,0.0],[119.61075,-3.75919,0.0],[119.6115,-3.75961,0.0],[119.61188,-3.75891,0.0],[119.61273,-3.7593,0.0],[119.61408,-3.75659,0.0],[119.61455,-3.75682,0.0],[119.61473,-3.75649,0.0],[119.61707,-3.75758,0.0],[119.61811,-3.7579,0.0],[119.62106,-3.75964,0.0],[119.62103,-3.75983,0.0],[119.62109,-3.75988,0.0],[119.62513,-3.76176,0.0],[119.62773,-3.76287,0.0],[119.62771,-3.76294,0.0],[119.62904,-3.76337,0.0],[119.62927,-3.76288,0.0],[119.63004,-3.76303,0.0],[119.63066,-3.76141,0.0],[119.63086,-3.76146,0.0],[119.63105,-3.76105,0.0],[119.63034,-3.76076,0.0],[119.63123,-3.75903,0.0],[119.63114,-3.75895,0.0],[119.63124,-3.75868,0.0],[119.63204,-3.7569,0.0],[119.6322,-3.75637,0.0],[119.63288,-3.75503,0.0],[119.63282,-3.75487,0.0],[119.63258,-3.75472,0.0],[119.63276,-3.75446,0.0],[119.6331,-3.75423,0.0],[119.63269,-3.75354,0.0],[119.63321,-3.75322,0.0],[119.63357,-3.75314,0.0],[119.63377,-3.75262,0.0],[119.63389,-3.75265,0.0],[119.63402,-3.75223,0.0],[119.63462,-3.75242,0.0],[119.63487,-3.75205,0.0],[119.63545,-3.75054,0.0],[119.6352,-3.75036,0.0],[119.63542,-3.74982,0.0],[119.63572,-3.74996,0.0],[119.63602,-3.74947,0.0],[119.63628,-3.74957,0.0],[119.63683,-3.74839,0.0],[119.63714,-3.74806,0.0],[119.63794,-3.74751,0.0],[119.63839,-3.74748,0.0],[119.63882,-3.74762,0.0],[119.63973,-3.74775,0.0],[119.64037,-3.74774,0.0],[119.64046,-3.74732,0.0],[119.6443,-3.74779,0.0],[119.64628,-3.74827,0.0],[119.64671,-3.74796,0.0],[119.64826,-3.74763,0.0],[119.65036,-3.74753,0.0],[119.65085,-3.74733,0.0],[119.65136,-3.74738,0.0],[119.65181,-3.74729,0.0],[119.6519,-3.7472,0.0],[119.65293,-3.74779,0.0],[119.65283,-3.74837,0.0],[119.65348,-3.74859,0.0],[119.65376,-3.74811,0.0],[119.65441,-3.74851,0.0],[119.65491,-3.7477,0.0],[119.65623,-3.74858,0.0],[119.65649,-3.74817,0.0],[119.65674,-3.74852,0.0],[119.65734,-3.74827,0.0],[119.65852,-3.74823,0.0],[119.66009,-3.74857,0.0],[119.66163,-3.7491,0.0],[119.66209,-3.74846,0.0],[119.66223,-3.74838,0.0],[119.66312,-3.74864,0.0],[119.66404,-3.74914,0.0],[119.66424,-3.7489,0.0],[119.66592,-3.74955,0.0],[119.66615,-3.74922,0.0],[119.66684,-3.74945,0.0],[119.66798,-3.74968,0.0],[119.66899,-3.74792,0.0],[119.66974,-3.74819,0.0],[119.66992,-3.74795,0.0],[119.67019,-3.74797,0.0],[119.67037,-3.74776,0.0],[119.67136,-3.74788,0.0],[119.67143,-3.74878,0.0],[119.67132,-3.74971,0.0],[119.67098,-3.75014,0.0],[119.67067,-3.7509,0.0],[119.67003,-3.75058,0.0],[119.66894,-3.75048,0.0],[119.66885,-3.75151,0.0],[119.66888,-3.75236,0.0],[119.66991,-3.75264,0.0],[119.67054,-3.75291,0.0],[119.67031,-3.75351,0.0],[119.67052,-3.75386,0.0],[119.67059,-3.75477,0.0],[119.67054,-3.75532,0.0],[119.67153,-3.75548,0.0],[119.67171,-3.75472,0.0],[119.67219,-3.75482,0.0],[119.67242,-3.75441,0.0],[119.6728,-3.75448,0.0],[119.67381,-3.75429,0.0],[119.67391,-3.75359,0.0],[119.67457,-3.75372,0.0],[119.6757,-3.75443,0.0],[119.67548,-3.75531,0.0],[119.67661,-3.75588,0.0],[119.67687,-3.75512,0.0],[119.67666,-3.75502,0.0],[119.67694,-3.75412,0.0],[119.67646,-3.75397,0.0],[119.67657,-3.7529,0.0],[119.67673,-3.75296,0.0],[119.67686,-3.75249,0.0],[119.67665,-3.75238,0.0],[119.67678,-3.75159,0.0],[119.67662,-3.75152,0.0],[119.67719,-3.75015,0.0],[119.67666,-3.75001,0.0],[119.67692,-3.74842,0.0],[119.67686,-3.7484,0.0],[119.6769,-3.74793,0.0],[119.67698,-3.74786,0.0],[119.67747,-3.74795,0.0],[119.67781,-3.74667,0.0],[119.67787,-3.74669,0.0],[119.67806,-3.74618,0.0],[119.67862,-3.74637,0.0],[119.67849,-3.74688,0.0],[119.67923,-3.74722,0.0],[119.68033,-3.74729,0.0],[119.68056,-3.74616,0.0],[119.6809,-3.74627,0.0],[119.68106,-3.7465,0.0],[119.68129,-3.74654,0.0],[119.68145,-3.74632,0.0],[119.68155,-3.7458,0.0],[119.68325,-3.74614,0.0],[119.68335,-3.74581,0.0],[119.6836,-3.74585,0.0],[119.68369,-3.74562,0.0],[119.68418,-3.74568,0.0],[119.68425,-3.74522,0.0],[119.68478,-3.74531,0.0],[119.68485,-3.745,0.0],[119.68562,-3.74507,0.0],[119.68555,-3.74397,0.0],[119.6858,-3.74359,0.0],[119.68591,-3.74275,0.0],[119.68625,-3.74239,0.0],[119.68626,-3.7421,0.0],[119.68638,-3.74194,0.0],[119.68708,-3.74207,0.0],[119.68717,-3.74191,0.0],[119.68744,-3.74201,0.0],[119.68762,-3.74175,0.0],[119.68808,-3.742,0.0],[119.68868,-3.74252,0.0],[119.68904,-3.74258,0.0],[119.6891,-3.7425,0.0],[119.68957,-3.74259,0.0],[119.69088,-3.74121,0.0],[119.69146,-3.74099,0.0],[119.69224,-3.7403,0.0],[119.69321,-3.74078,0.0],[119.69334,-3.74056,0.0],[119.69418,-3.74091,0.0],[119.69481,-3.7396,0.0],[119.69469,-3.73954,0.0],[119.69509,-3.73876,0.0],[119.69561,-3.73899,0.0],[119.69596,-3.73805,0.0],[119.69635,-3.73812,0.0],[119.69638,-3.738,0.0],[119.69687,-3.73817,0.0],[119.69732,-3.73744,0.0],[119.69872,-3.73789,0.0],[119.69902,-3.7381,0.0],[119.69991,-3.7385,0.0],[119.70016,-3.73813,0.0],[119.70033,-3.73764,0.0],[119.70065,-3.73778,0.0],[119.70121,-3.7381,0.0],[119.70091,-3.73867,0.0],[119.70121,-3.73885,0.0],[119.70055,-3.73983,0.0],[119.70204,-3.74016,0.0],[119.70278,-3.73866,0.0],[119.7028,-3.73812,0.0],[119.70423,-3.73852,0.0],[119.70464,-3.73725,0.0],[119.70489,-3.73692,0.0],[119.70524,-3.73563,0.0],[119.7059,-3.73383,0.0],[119.70629,-3.73222,0.0],[119.70891,-3.73205,0.0],[119.7093,-3.73089,0.0],[119.71005,-3.73089,0.0],[119.71078,-3.7311,0.0],[119.71117,-3.73136,0.0],[119.71138,-3.73161,0.0],[119.71178,-3.73242,0.0],[119.71234,-3.73403,0.0],[119.71284,-3.73502,0.0],[119.71389,-3.73674,0.0],[119.71408,-3.73739,0.0],[119.71391,-3.74282,0.0],[119.71312,-3.74552,0.0],[119.71313,-3.74602,0.0],[119.71328,-3.74651,0.0],[119.7139,-3.74734,0.0],[119.72371,-3.75802,0.0],[119.7242,-3.75823,0.0],[119.72473,-3.75834,0.0],[119.73651,-3.75986,0.0],[119.7369,-3.75983,0.0],[119.73821,-3.75944,0.0],[119.74527,-3.75723,0.0],[119.74578,-3.7572,0.0],[119.74625,-3.75732,0.0],[119.74679,-3.7576,0.0],[119.7584,-3.76451,0.0],[119.75923,-3.76509,0.0],[119.76168,-3.76331,0.0],[119.76227,-3.76249,0.0],[119.76246,-3.76208,0.0],[119.76279,-3.76076,0.0],[119.76297,-3.7605,0.0],[119.76417,-3.76034,0.0],[119.7645,-3.7602,0.0],[119.76511,-3.75974,0.0],[119.76505,-3.75947,0.0],[119.76484,-3.75919,0.0],[119.76482,-3.75873,0.0],[119.76519,-3.75829,0.0],[119.7653,-3.75782,0.0],[119.76557,-3.75734,0.0],[119.7657,-3.75635,0.0],[119.76615,-3.75576,0.0],[119.76679,-3.75531,0.0],[119.7668,-3.75512,0.0],[119.76663,-3.75466,0.0],[119.7668,-3.75436,0.0],[119.76712,-3.75417,0.0],[119.76787,-3.75407,0.0],[119.76796,-3.75358,0.0],[119.77099,-3.75265,0.0],[119.77122,-3.75245,0.0],[119.77131,-3.75216,0.0],[119.7714,-3.74955,0.0],[119.77161,-3.74807,0.0],[119.77252,-3.74598,0.0],[119.77313,-3.74492,0.0],[119.77537,-3.74182,0.0],[119.77666,-3.73965,0.0],[119.77802,-3.73779,0.0],[119.77888,-3.73797,0.0],[119.77934,-3.73793,0.0],[119.77968,-3.73778,0.0],[119.77995,-3.73738,0.0],[119.78016,-3.73731,0.0],[119.78081,-3.73759,0.0],[119.78099,-3.738,0.0],[119.78117,-3.7381,0.0],[119.78164,-3.73807,0.0],[119.78207,-3.73769,0.0],[119.78228,-3.73765,0.0],[119.78334,-3.73798,0.0],[119.78432,-3.73844,0.0],[119.78508,-3.73848,0.0],[119.78676,-3.73755,0.0],[119.78902,-3.73677,0.0],[119.79103,-3.73565,0.0],[119.79196,-3.73569,0.0],[119.7925,-3.73538,0.0],[119.7928,-3.73535,0.0],[119.79408,-3.73574,0.0],[119.79455,-3.73575,0.0],[119.79524,-3.73562,0.0],[119.79571,-3.73572,0.0],[119.79737,-3.73494,0.0],[119.79909,-3.73462,0.0],[119.79973,-3.73421,0.0],[119.8005,-3.73385,0.0],[119.80267,-3.73331,0.0],[119.80174,-3.73199,0.0],[119.80008,-3.73075,0.0],[119.79965,-3.73003,0.0],[119.79854,-3.72938,0.0],[119.79818,-3.72884,0.0],[119.79619,-3.72814,0.0],[119.7952,-3.72767,0.0],[119.79325,-3.72618,0.0],[119.79306,-3.72615,0.0],[119.79284,-3.72622,0.0],[119.79128,-3.72701,0.0],[119.79061,-3.72671,0.0],[119.78934,-3.72579,0.0],[119.78883,-3.72614,0.0],[119.7859,-3.72574,0.0],[119.78558,-3.72579,0.0],[119.78366,-3.72656,0.0],[119.78306,-3.72651,0.0],[119.78176,-3.72547,0.0],[119.78139,-3.72498,0.0],[119.7809,-3.72372,0.0],[119.78078,-3.72282,0.0],[119.78038,-3.72119,0.0],[119.7801,-3.72083,0.0],[119.77956,-3.72036,0.0],[119.77861,-3.71997,0.0],[119.77756,-3.71913,0.0],[119.77649,-3.71847,0.0],[119.77592,-3.71832,0.0],[119.77526,-3.71834,0.0],[119.7739,-3.71918,0.0],[119.77287,-3.72003,0.0],[119.77116,-3.72029,0.0],[119.7698,-3.72014,0.0],[119.7671,-3.71965,0.0],[119.76577,-3.71911,0.0],[119.76476,-3.71882,0.0],[119.76368,-3.71808,0.0],[119.76233,-3.71682,0.0],[119.76168,-3.71591,0.0],[119.76095,-3.71529,0.0],[119.7594,-3.71313,0.0],[119.75891,-3.71277,0.0],[119.7588,-3.7125,0.0],[119.75852,-3.71104,0.0],[119.75742,-3.70897,0.0],[119.7573,-3.70833,0.0],[119.75799,-3.70645,0.0],[119.75868,-3.70557,0.0],[119.75927,-3.7042,0.0],[119.75952,-3.70345,0.0],[119.75992,-3.70119,0.0],[119.75992,-3.70082,0.0],[119.75966,-3.69994,0.0],[119.75842,-3.69806,0.0],[119.75834,-3.69553,0.0],[119.75842,-3.69499,0.0],[119.75855,-3.69464,0.0],[119.75922,-3.69351,0.0],[119.76189,-3.69134,0.0],[119.7629,-3.68964,0.0],[119.76337,-3.68841,0.0],[119.7637,-3.68811,0.0],[119.76413,-3.68735,0.0],[119.76494,-3.68678,0.0],[119.76498,-3.68643,0.0],[119.76435,-3.6847,0.0],[119.76261,-3.68183,0.0],[119.76049,-3.67861,0.0]]]},"properties":{"OBJECTID":5902,"NAMOBJ":"Patampanua","WADMKC":"Patampanua","KDCPUM":"73.15.05","WADMKK":"Pinrang","WADMPR":"Sulawesi Selatan","LUASWH":123.23793588719681,"TIPADM":3}},{"type":"Feature","id":5903,"geometry":{"type":"MultiPolygon","coordinates":[[[[119.46045,-3.64353,0.0],[119.46054,-3.64335,0.0],[119.46055,-3.64283,0.0],[119.46066,-3.64266,0.0],[119.46089,-3.64256,0.0],[119.46095,-3.64226,0.0],[119.4609,-3.64205,0.0],[119.46068,-3.64191,0.0],[119.4607,-3.64151,0.0],[119.46053,-3.64182,0.0],[119.46035,-3.64266,0.0],[119.46034,-3.64315,0.0],[119.46045,-3.64353,0.0]]],[[[119.47065,-3.63525,0.0],[119.46995,-3.63526,0.0],[119.46933,-3.63541,0.0],[119.4687,-3.63541,0.0],[119.46834,-3.63551,0.0],[119.46713,-3.63596,0.0],[119.46651,-3.63637,0.0],[119.46598,-3.63659,0.0],[119.46488,-3.63723,0.0],[119.46378,-3.63748,0.0],[119.46345,-3.63742,0.0],[119.46277,-3.63773,0.0],[119.46221,-3.63821,0.0],[119.46162,-3.63849,0.0],[119.46149,-3.63867,0.0],[119.46144,-3.63895,0.0],[119.46182,-3.63883,0.0],[119.46201,-3.63857,0.0],[119.46277,-3.63815,0.0],[119.46398,-3.63786,0.0],[119.4642,-3.63771,0.0],[119.4645,-3.63764,0.0],[119.46461,-3.63769,0.0],[119.46532,-3.63749,0.0],[119.46573,-3.63746,0.0],[119.46594,-3.63719,0.0],[119.46642,-3.63708,0.0],[119.46678,-3.63679,0.0],[119.46708,-3.63667,0.0],[119.46755,-3.63625,0.0],[119.46785,-3.63621,0.0],[119.46816,-3.63639,0.0],[119.46824,-3.6362,0.0],[119.46839,-3.63616,0.0],[119.4687,-3.63632,0.0],[119.46897,-3.63629,0.0],[119.46938,-3.63659,0.0],[119.46968,-3.63664,0.0],[119.46972,-3.63675,0.0],[119.46991,-3.63667,0.0],[119.47013,-3.63671,0.0],[119.47015,-3.63661,0.0],[119.46999,-3.63645,0.0],[119.46895,-3.6361,0.0],[119.46892,-3.63595,0.0],[119.469,-3.63572,0.0],[119.46934,-3.63555,0.0],[119.47016,-3.63554,0.0],[119.47052,-3.63545,0.0],[119.47106,-3.63559,0.0],[119.4713,-3.63556,0.0],[119.47172,-3.63572,0.0],[119.47189,-3.63588,0.0],[119.47194,-3.63583,0.0],[119.4718,-3.63559,0.0],[119.47146,-3.6354,0.0],[119.4709,-3.63535,0.0],[119.47065,-3.63525,0.0]]],[[[119.53718,-3.55706,0.0],[119.53701,-3.55687,0.0],[119.53696,-3.5562,0.0],[119.53728,-3.55572,0.0],[119.53737,-3.55528,0.0],[119.53731,-3.5549,0.0],[119.53711,-3.55459,0.0],[119.53673,-3.55445,0.0],[119.53619,-3.55448,0.0],[119.53549,-3.55498,0.0],[119.53496,-3.55548,0.0],[119.53391,-3.55574,0.0],[119.5335,-3.55602,0.0],[119.53093,-3.55867,0.0],[119.53062,-3.55929,0.0],[119.53051,-3.55997,0.0],[119.53045,-3.56173,0.0],[119.53006,-3.5628,0.0],[119.52975,-3.56304,0.0],[119.52938,-3.56315,0.0],[119.52898,-3.56311,0.0],[119.52859,-3.56286,0.0],[119.52733,-3.56165,0.0],[119.52672,-3.56131,0.0],[119.52617,-3.56128,0.0],[119.52571,-3.56142,0.0],[119.52541,-3.56175,0.0],[119.5251,-3.5623,0.0],[119.52482,-3.56357,0.0],[119.52433,-3.56501,0.0],[119.52369,-3.56605,0.0],[119.52298,-3.56689,0.0],[119.52244,-3.56735,0.0],[119.52194,-3.56751,0.0],[119.5213,-3.56753,0.0],[119.52029,-3.56708,0.0],[119.51905,-3.56597,0.0],[119.51812,-3.565,0.0],[119.51775,-3.56478,0.0],[119.51693,-3.56472,0.0],[119.51616,-3.5649,0.0],[119.51596,-3.56508,0.0],[119.5157,-3.56575,0.0],[119.51564,-3.56621,0.0],[119.5158,-3.56686,0.0],[119.51606,-3.56747,0.0],[119.51624,-3.56829,0.0],[119.51624,-3.56895,0.0],[119.51612,-3.57138,0.0],[119.51582,-3.57242,0.0],[119.51529,-3.57343,0.0],[119.51444,-3.57433,0.0],[119.51341,-3.57489,0.0],[119.51255,-3.57496,0.0],[119.51205,-3.57491,0.0],[119.5123,-3.57503,0.0],[119.51198,-3.5763,0.0],[119.51177,-3.57638,0.0],[119.51146,-3.57722,0.0],[119.51149,-3.57777,0.0],[119.51195,-3.57921,0.0],[119.51206,-3.58001,0.0],[119.51198,-3.58076,0.0],[119.51226,-3.5812,0.0],[119.51226,-3.5815,0.0],[119.51192,-3.58174,0.0],[119.51188,-3.58202,0.0],[119.51164,-3.58256,0.0],[119.51141,-3.58458,0.0],[119.5115,-3.58784,0.0],[119.51165,-3.58855,0.0],[119.51165,-3.59082,0.0],[119.51149,-3.5927,0.0],[119.51107,-3.59559,0.0],[119.51073,-3.5964,0.0],[119.51058,-3.59651,0.0],[119.51042,-3.59633,0.0],[119.51025,-3.59643,0.0],[119.51036,-3.59655,0.0],[119.51017,-3.59705,0.0],[119.50959,-3.59798,0.0],[119.509,-3.59861,0.0],[119.50815,-3.59928,0.0],[119.50785,-3.59934,0.0],[119.50782,-3.59917,0.0],[119.50767,-3.59913,0.0],[119.5069,-3.59967,0.0],[119.50635,-3.59983,0.0],[119.50525,-3.5999,0.0],[119.50488,-3.59982,0.0],[119.50476,-3.59963,0.0],[119.50492,-3.59874,0.0],[119.50458,-3.59855,0.0],[119.50347,-3.59848,0.0],[119.50254,-3.59855,0.0],[119.50052,-3.59909,0.0],[119.49966,-3.5994,0.0],[119.49839,-3.60007,0.0],[119.4981,-3.6001,0.0],[119.49796,-3.60002,0.0],[119.49785,-3.60017,0.0],[119.49764,-3.60019,0.0],[119.49688,-3.60094,0.0],[119.49638,-3.60129,0.0],[119.49573,-3.60209,0.0],[119.49516,-3.60259,0.0],[119.4942,-3.60392,0.0],[119.49408,-3.60444,0.0],[119.49377,-3.60487,0.0],[119.49365,-3.60532,0.0],[119.49349,-3.60559,0.0],[119.49314,-3.6069,0.0],[119.49286,-3.60742,0.0],[119.49245,-3.60851,0.0],[119.49233,-3.60906,0.0],[119.49192,-3.60995,0.0],[119.49157,-3.61098,0.0],[119.49043,-3.61341,0.0],[119.49,-3.61462,0.0],[119.48953,-3.61542,0.0],[119.48923,-3.61566,0.0],[119.4891,-3.61606,0.0],[119.48882,-3.61643,0.0],[119.48866,-3.61681,0.0],[119.48783,-3.61795,0.0],[119.48732,-3.61947,0.0],[119.48679,-3.61996,0.0],[119.48657,-3.61984,0.0],[119.48661,-3.61965,0.0],[119.48649,-3.61973,0.0],[119.48622,-3.62088,0.0],[119.4857,-3.62241,0.0],[119.48545,-3.62365,0.0],[119.4847,-3.62544,0.0],[119.48439,-3.62596,0.0],[119.48417,-3.6261,0.0],[119.484,-3.62654,0.0],[119.48383,-3.62671,0.0],[119.48369,-3.62722,0.0],[119.48334,-3.62784,0.0],[119.4831,-3.62851,0.0],[119.4829,-3.62876,0.0],[119.48261,-3.62883,0.0],[119.48235,-3.62942,0.0],[119.48201,-3.62988,0.0],[119.48188,-3.63024,0.0],[119.48166,-3.63049,0.0],[119.48101,-3.63169,0.0],[119.4809,-3.6318,0.0],[119.48064,-3.63173,0.0],[119.48114,-3.63272,0.0],[119.48105,-3.63286,0.0],[119.48079,-3.63278,0.0],[119.4807,-3.6329,0.0],[119.4806,-3.63279,0.0],[119.48013,-3.63263,0.0],[119.47987,-3.63262,0.0],[119.4796,-3.63248,0.0],[119.47949,-3.63258,0.0],[119.47932,-3.63247,0.0],[119.47917,-3.6325,0.0],[119.47889,-3.6329,0.0],[119.4787,-3.63296,0.0],[119.47845,-3.6332,0.0],[119.47834,-3.63358,0.0],[119.47782,-3.63389,0.0],[119.47801,-3.63441,0.0],[119.47781,-3.63463,0.0],[119.47785,-3.63481,0.0],[119.47774,-3.63492,0.0],[119.47747,-3.63464,0.0],[119.47725,-3.63458,0.0],[119.47717,-3.63448,0.0],[119.47678,-3.63474,0.0],[119.47677,-3.63452,0.0],[119.47653,-3.63417,0.0],[119.47609,-3.634,0.0],[119.47577,-3.63376,0.0],[119.47546,-3.63369,0.0],[119.47544,-3.63381,0.0],[119.47618,-3.6343,0.0],[119.47649,-3.63459,0.0],[119.47659,-3.63482,0.0],[119.47527,-3.63633,0.0],[119.47454,-3.63564,0.0],[119.47465,-3.63544,0.0],[119.47505,-3.63511,0.0],[119.47503,-3.63502,0.0],[119.47481,-3.6349,0.0],[119.47448,-3.63523,0.0],[119.47377,-3.63562,0.0],[119.47366,-3.63541,0.0],[119.47359,-3.63542,0.0],[119.47309,-3.63594,0.0],[119.47292,-3.6357,0.0],[119.47303,-3.63554,0.0],[119.47296,-3.6354,0.0],[119.47281,-3.63562,0.0],[119.47263,-3.63571,0.0],[119.47251,-3.63602,0.0],[119.47262,-3.63604,0.0],[119.47271,-3.63584,0.0],[119.47284,-3.63578,0.0],[119.4729,-3.63599,0.0],[119.47304,-3.63611,0.0],[119.47299,-3.63622,0.0],[119.47257,-3.63649,0.0],[119.47233,-3.6363,0.0],[119.47223,-3.6365,0.0],[119.47217,-3.63632,0.0],[119.47244,-3.63614,0.0],[119.47234,-3.63605,0.0],[119.47198,-3.63633,0.0],[119.47207,-3.63657,0.0],[119.47219,-3.63674,0.0],[119.47234,-3.63677,0.0],[119.47251,-3.6371,0.0],[119.47216,-3.6375,0.0],[119.47127,-3.6379,0.0],[119.47113,-3.63805,0.0],[119.47028,-3.63764,0.0],[119.46992,-3.63768,0.0],[119.46917,-3.63814,0.0],[119.46888,-3.63823,0.0],[119.4685,-3.63855,0.0],[119.46844,-3.63831,0.0],[119.46815,-3.63819,0.0],[119.46819,-3.63852,0.0],[119.46804,-3.63857,0.0],[119.46799,-3.63882,0.0],[119.46772,-3.63887,0.0],[119.46757,-3.63906,0.0],[119.46723,-3.639,0.0],[119.46704,-3.63921,0.0],[119.46675,-3.63921,0.0],[119.46648,-3.63937,0.0],[119.46634,-3.63933,0.0],[119.4662,-3.63893,0.0],[119.46569,-3.63871,0.0],[119.46558,-3.63837,0.0],[119.46546,-3.63837,0.0],[119.4654,-3.63857,0.0],[119.46524,-3.63864,0.0],[119.46485,-3.63856,0.0],[119.46472,-3.63861,0.0],[119.46458,-3.63856,0.0],[119.46444,-3.63864,0.0],[119.46424,-3.63859,0.0],[119.46416,-3.63872,0.0],[119.46388,-3.63875,0.0],[119.46359,-3.63889,0.0],[119.46335,-3.63888,0.0],[119.46326,-3.63897,0.0],[119.46325,-3.63916,0.0],[119.46307,-3.6392,0.0],[119.46288,-3.63908,0.0],[119.46275,-3.63937,0.0],[119.46291,-3.63968,0.0],[119.46287,-3.64011,0.0],[119.46274,-3.64012,0.0],[119.46272,-3.63974,0.0],[119.46263,-3.63948,0.0],[119.46252,-3.63943,0.0],[119.46227,-3.63963,0.0],[119.46195,-3.64006,0.0],[119.46163,-3.64007,0.0],[119.4613,-3.64034,0.0],[119.46104,-3.64078,0.0],[119.46099,-3.64129,0.0],[119.46109,-3.64148,0.0],[119.46108,-3.64166,0.0],[119.4613,-3.64176,0.0],[119.46233,-3.64195,0.0],[119.46231,-3.64377,0.0],[119.46217,-3.64386,0.0],[119.46114,-3.6437,0.0],[119.46121,-3.64379,0.0],[119.46145,-3.64381,0.0],[119.46139,-3.64408,0.0],[119.46112,-3.64404,0.0],[119.46106,-3.64409,0.0],[119.46106,-3.64448,0.0],[119.46117,-3.64479,0.0],[119.46052,-3.64551,0.0],[119.46012,-3.64503,0.0],[119.46016,-3.6443,0.0],[119.4601,-3.64387,0.0],[119.45999,-3.64381,0.0],[119.45976,-3.6466,0.0],[119.45983,-3.64794,0.0],[119.46025,-3.65086,0.0],[119.46034,-3.65106,0.0],[119.46071,-3.65127,0.0],[119.46079,-3.65144,0.0],[119.46074,-3.65166,0.0],[119.46038,-3.65204,0.0],[119.46032,-3.65239,0.0],[119.45996,-3.65322,0.0],[119.45965,-3.65482,0.0],[119.45967,-3.65513,0.0],[119.45932,-3.65633,0.0],[119.45921,-3.65746,0.0],[119.45872,-3.6587,0.0],[119.45825,-3.65953,0.0],[119.45795,-3.66037,0.0],[119.45799,-3.66052,0.0],[119.45773,-3.6608,0.0],[119.45656,-3.66424,0.0],[119.45547,-3.66669,0.0],[119.45538,-3.66707,0.0],[119.45558,-3.66736,0.0],[119.45619,-3.66685,0.0],[119.45628,-3.66632,0.0],[119.45625,-3.66571,0.0],[119.45643,-3.66507,0.0],[119.45681,-3.66523,0.0],[119.45704,-3.66543,0.0],[119.45686,-3.66568,0.0],[119.45688,-3.66675,0.0],[119.45671,-3.66697,0.0],[119.45618,-3.66731,0.0],[119.45561,-3.66827,0.0],[119.45528,-3.66922,0.0],[119.45534,-3.66961,0.0],[119.45546,-3.66986,0.0],[119.4554,-3.66997,0.0],[119.45508,-3.66984,0.0],[119.45505,-3.66999,0.0],[119.45514,-3.6701,0.0],[119.45505,-3.67021,0.0],[119.45457,-3.66992,0.0],[119.45446,-3.66992,0.0],[119.45418,-3.67051,0.0],[119.45406,-3.67059,0.0],[119.45394,-3.67058,0.0],[119.45369,-3.67005,0.0],[119.45378,-3.66983,0.0],[119.45404,-3.66964,0.0],[119.45408,-3.66942,0.0],[119.45395,-3.66925,0.0],[119.45354,-3.6691,0.0],[119.45267,-3.66967,0.0],[119.45225,-3.67013,0.0],[119.45217,-3.67038,0.0],[119.45096,-3.67203,0.0],[119.45025,-3.67333,0.0],[119.4499,-3.67437,0.0],[119.44953,-3.67514,0.0],[119.44912,-3.67702,0.0],[119.44921,-3.67808,0.0],[119.44941,-3.67844,0.0],[119.44931,-3.67853,0.0],[119.44942,-3.67877,0.0],[119.44925,-3.67891,0.0],[119.44922,-3.67919,0.0],[119.44948,-3.67965,0.0],[119.44932,-3.6798,0.0],[119.44903,-3.67932,0.0],[119.44899,-3.67958,0.0],[119.44905,-3.67985,0.0],[119.44894,-3.68007,0.0],[119.44894,-3.68025,0.0],[119.44915,-3.68065,0.0],[119.44956,-3.68203,0.0],[119.44983,-3.68225,0.0],[119.45008,-3.68195,0.0],[119.45039,-3.68176,0.0],[119.45089,-3.68295,0.0],[119.45024,-3.68301,0.0],[119.45006,-3.68316,0.0],[119.45008,-3.68343,0.0],[119.45047,-3.68338,0.0],[119.45058,-3.68322,0.0],[119.451,-3.68336,0.0],[119.4511,-3.68295,0.0],[119.451,-3.68265,0.0],[119.45076,-3.6824,0.0],[119.45041,-3.68157,0.0],[119.45019,-3.68125,0.0],[119.44966,-3.67975,0.0],[119.44981,-3.67973,0.0],[119.44992,-3.67982,0.0],[119.45007,-3.68036,0.0],[119.45065,-3.68083,0.0],[119.45096,-3.68097,0.0],[119.45105,-3.68088,0.0],[119.45104,-3.68072,0.0],[119.45072,-3.68049,0.0],[119.45026,-3.67989,0.0],[119.45036,-3.67978,0.0],[119.45084,-3.67967,0.0],[119.45107,-3.68019,0.0],[119.45123,-3.68034,0.0],[119.45286,-3.68332,0.0],[119.45323,-3.68504,0.0],[119.45318,-3.68526,0.0],[119.45249,-3.68594,0.0],[119.45203,-3.68625,0.0],[119.45135,-3.68649,0.0],[119.45062,-3.68641,0.0],[119.45006,-3.68553,0.0],[119.44987,-3.68549,0.0],[119.44995,-3.68596,0.0],[119.4501,-3.68613,0.0],[119.45006,-3.68645,0.0],[119.45037,-3.68694,0.0],[119.45057,-3.68747,0.0],[119.45086,-3.68776,0.0],[119.45139,-3.68906,0.0],[119.45165,-3.69057,0.0],[119.45164,-3.69099,0.0],[119.45114,-3.69187,0.0],[119.45112,-3.6921,0.0],[119.45133,-3.69268,0.0],[119.45138,-3.69309,0.0],[119.45168,-3.69325,0.0],[119.45141,-3.6937,0.0],[119.45109,-3.6936,0.0],[119.45083,-3.69363,0.0],[119.45084,-3.69382,0.0],[119.45031,-3.69508,0.0],[119.45003,-3.69643,0.0],[119.44969,-3.69698,0.0],[119.44985,-3.69707,0.0],[119.45007,-3.69704,0.0],[119.45032,-3.69671,0.0],[119.45069,-3.69646,0.0],[119.45146,-3.69615,0.0],[119.45169,-3.69647,0.0],[119.4524,-3.69698,0.0],[119.45233,-3.69705,0.0],[119.45186,-3.69701,0.0],[119.45151,-3.69715,0.0],[119.45127,-3.69701,0.0],[119.45086,-3.69705,0.0],[119.4506,-3.69725,0.0],[119.45034,-3.69775,0.0],[119.44989,-3.69802,0.0],[119.4496,-3.69846,0.0],[119.44918,-3.69871,0.0],[119.44966,-3.69898,0.0],[119.44959,-3.6995,0.0],[119.44985,-3.69974,0.0],[119.45029,-3.69979,0.0],[119.45057,-3.69943,0.0],[119.45106,-3.69928,0.0],[119.45122,-3.69903,0.0],[119.45155,-3.69886,0.0],[119.45161,-3.69871,0.0],[119.45198,-3.69865,0.0],[119.45238,-3.69826,0.0],[119.45247,-3.69792,0.0],[119.45261,-3.69772,0.0],[119.45295,-3.69755,0.0],[119.45325,-3.69753,0.0],[119.45357,-3.69739,0.0],[119.45507,-3.69546,0.0],[119.45553,-3.6951,0.0],[119.45692,-3.69774,0.0],[119.45563,-3.69939,0.0],[119.45541,-3.69978,0.0],[119.4547,-3.70048,0.0],[119.45419,-3.7012,0.0],[119.45355,-3.70272,0.0],[119.45281,-3.70406,0.0],[119.45263,-3.7046,0.0],[119.45263,-3.70487,0.0],[119.45244,-3.705,0.0],[119.45203,-3.70603,0.0],[119.45199,-3.70634,0.0],[119.45217,-3.70715,0.0],[119.45306,-3.70879,0.0],[119.45346,-3.7102,0.0],[119.45358,-3.71115,0.0],[119.45356,-3.71196,0.0],[119.45368,-3.71222,0.0],[119.45381,-3.71236,0.0],[119.45417,-3.71249,0.0],[119.45414,-3.71256,0.0],[119.45477,-3.71286,0.0],[119.45518,-3.71315,0.0],[119.4558,-3.71289,0.0],[119.45676,-3.71376,0.0],[119.45761,-3.71309,0.0],[119.45852,-3.71271,0.0],[119.45824,-3.71194,0.0],[119.45992,-3.71162,0.0],[119.4601,-3.71277,0.0],[119.46043,-3.71296,0.0],[119.46184,-3.7124,0.0],[119.46247,-3.71237,0.0],[119.46363,-3.71211,0.0],[119.4646,-3.71151,0.0],[119.4662,-3.71022,0.0],[119.46706,-3.70969,0.0],[119.46722,-3.70894,0.0],[119.46871,-3.70879,0.0],[119.46921,-3.70884,0.0],[119.46983,-3.70906,0.0],[119.47091,-3.70918,0.0],[119.47183,-3.70913,0.0],[119.47437,-3.70836,0.0],[119.47547,-3.70843,0.0],[119.47987,-3.70926,0.0],[119.48071,-3.70731,0.0],[119.48136,-3.70634,0.0],[119.48277,-3.70627,0.0],[119.48465,-3.70675,0.0],[119.4851,-3.70717,0.0],[119.48656,-3.7106,0.0],[119.48753,-3.71179,0.0],[119.48846,-3.71217,0.0],[119.48932,-3.71208,0.0],[119.48986,-3.71184,0.0],[119.49046,-3.71131,0.0],[119.49065,-3.71067,0.0],[119.4906,-3.70989,0.0],[119.49043,-3.70934,0.0],[119.48932,-3.7081,0.0],[119.48732,-3.70632,0.0],[119.48629,-3.70489,0.0],[119.48613,-3.70399,0.0],[119.48634,-3.70315,0.0],[119.48698,-3.70199,0.0],[119.48779,-3.7008,0.0],[119.48927,-3.70008,0.0],[119.49072,-3.69987,0.0],[119.49155,-3.70004,0.0],[119.49324,-3.7008,0.0],[119.49843,-3.7027,0.0],[119.50062,-3.70332,0.0],[119.50395,-3.70521,0.0],[119.50657,-3.70628,0.0],[119.50886,-3.70685,0.0],[119.51108,-3.70777,0.0],[119.51278,-3.70903,0.0],[119.51403,-3.71021,0.0],[119.51562,-3.71192,0.0],[119.5175,-3.7136,0.0],[119.52025,-3.71554,0.0],[119.52222,-3.71706,0.0],[119.52447,-3.71927,0.0],[119.52638,-3.72136,0.0],[119.5286,-3.72446,0.0],[119.53108,-3.7267,0.0],[119.53246,-3.72771,0.0],[119.5337,-3.72822,0.0],[119.53488,-3.72841,0.0],[119.53622,-3.72836,0.0],[119.53723,-3.72802,0.0],[119.5385,-3.72732,0.0],[119.53994,-3.72587,0.0],[119.54043,-3.72508,0.0],[119.54064,-3.72426,0.0],[119.54065,-3.72308,0.0],[119.54037,-3.72025,0.0],[119.5404,-3.71717,0.0],[119.54119,-3.71419,0.0],[119.54209,-3.71259,0.0],[119.54377,-3.71026,0.0],[119.5451,-3.70929,0.0],[119.54676,-3.70857,0.0],[119.54767,-3.70802,0.0],[119.54877,-3.70691,0.0],[119.54961,-3.70553,0.0],[119.55029,-3.70368,0.0],[119.5506,-3.70179,0.0],[119.55131,-3.69882,0.0],[119.55204,-3.69755,0.0],[119.55394,-3.69548,0.0],[119.55617,-3.69384,0.0],[119.55762,-3.69354,0.0],[119.55878,-3.69354,0.0],[119.55976,-3.69372,0.0],[119.56102,-3.69422,0.0],[119.56171,-3.69459,0.0],[119.56222,-3.69523,0.0],[119.56256,-3.69597,0.0],[119.56272,-3.69691,0.0],[119.56283,-3.69843,0.0],[119.56272,-3.70027,0.0],[119.56277,-3.70198,0.0],[119.56295,-3.70307,0.0],[119.56335,-3.70405,0.0],[119.56384,-3.70466,0.0],[119.56465,-3.70544,0.0],[119.56628,-3.70645,0.0],[119.56753,-3.70669,0.0],[119.56893,-3.70639,0.0],[119.56992,-3.70606,0.0],[119.57084,-3.70556,0.0],[119.57122,-3.70499,0.0],[119.5716,-3.70342,0.0],[119.57176,-3.70079,0.0],[119.57209,-3.69901,0.0],[119.57256,-3.69766,0.0],[119.57295,-3.6969,0.0],[119.57366,-3.69655,0.0],[119.57504,-3.69646,0.0],[119.57655,-3.69676,0.0],[119.57714,-3.69697,0.0],[119.5779,-3.69743,0.0],[119.57853,-3.69834,0.0],[119.57914,-3.6995,0.0],[119.58077,-3.7048,0.0],[119.58164,-3.70622,0.0],[119.58385,-3.70889,0.0],[119.58558,-3.71054,0.0],[119.58774,-3.71201,0.0],[119.58912,-3.71265,0.0],[119.58954,-3.71462,0.0],[119.58962,-3.71544,0.0],[119.59057,-3.7173,0.0],[119.59109,-3.71791,0.0],[119.59188,-3.71819,0.0],[119.59311,-3.71827,0.0],[119.5946,-3.71818,0.0],[119.5958,-3.71774,0.0],[119.59672,-3.71725,0.0],[119.59768,-3.71637,0.0],[119.59845,-3.7154,0.0],[119.59928,-3.7136,0.0],[119.60016,-3.7112,0.0],[119.60125,-3.7089,0.0],[119.60188,-3.70729,0.0],[119.6028,-3.70607,0.0],[119.60403,-3.70519,0.0],[119.60568,-3.7042,0.0],[119.60926,-3.70263,0.0],[119.61195,-3.70193,0.0],[119.61662,-3.7005,0.0],[119.61814,-3.7002,0.0],[119.61964,-3.70017,0.0],[119.62134,-3.70076,0.0],[119.62303,-3.70194,0.0],[119.62364,-3.70245,0.0],[119.62403,-3.70299,0.0],[119.62484,-3.70342,0.0],[119.62711,-3.70388,0.0],[119.62872,-3.7038,0.0],[119.63155,-3.70388,0.0],[119.63329,-3.70359,0.0],[119.63443,-3.70286,0.0],[119.6353,-3.70195,0.0],[119.63652,-3.70039,0.0],[119.6376,-3.69795,0.0],[119.63812,-3.6971,0.0],[119.63903,-3.6964,0.0],[119.64234,-3.69469,0.0],[119.64359,-3.69461,0.0],[119.64422,-3.69479,0.0],[119.64558,-3.69585,0.0],[119.64663,-3.69651,0.0],[119.64773,-3.69663,0.0],[119.64997,-3.69632,0.0],[119.65221,-3.69621,0.0],[119.65227,-3.69528,0.0],[119.65205,-3.6945,0.0],[119.65211,-3.69422,0.0],[119.65149,-3.69289,0.0],[119.65104,-3.69234,0.0],[119.65076,-3.6911,0.0],[119.65065,-3.69098,0.0],[119.65059,-3.69064,0.0],[119.65043,-3.69051,0.0],[119.65057,-3.69008,0.0],[119.65073,-3.68997,0.0],[119.65063,-3.68955,0.0],[119.65097,-3.68806,0.0],[119.6509,-3.6879,0.0],[119.65084,-3.68707,0.0],[119.65066,-3.68672,0.0],[119.65012,-3.68604,0.0],[119.65066,-3.68464,0.0],[119.65091,-3.68429,0.0],[119.65145,-3.6839,0.0],[119.65151,-3.68341,0.0],[119.6518,-3.68292,0.0],[119.6524,-3.68148,0.0],[119.65243,-3.68085,0.0],[119.65231,-3.68035,0.0],[119.65174,-3.67963,0.0],[119.65144,-3.67902,0.0],[119.65138,-3.67753,0.0],[119.65143,-3.67691,0.0],[119.6512,-3.67627,0.0],[119.65117,-3.67574,0.0],[119.6513,-3.67526,0.0],[119.6513,-3.67489,0.0],[119.65118,-3.67439,0.0],[119.65086,-3.67378,0.0],[119.65056,-3.67282,0.0],[119.65031,-3.67232,0.0],[119.64999,-3.6719,0.0],[119.6488,-3.67083,0.0],[119.64818,-3.6706,0.0],[119.64609,-3.67013,0.0],[119.6455,-3.66989,0.0],[119.64509,-3.66947,0.0],[119.64462,-3.66862,0.0],[119.6443,-3.66731,0.0],[119.64422,-3.66531,0.0],[119.64435,-3.66223,0.0],[119.64426,-3.66129,0.0],[119.6441,-3.66096,0.0],[119.64387,-3.66071,0.0],[119.64183,-3.65976,0.0],[119.64128,-3.65943,0.0],[119.64086,-3.65898,0.0],[119.64054,-3.65825,0.0],[119.64012,-3.65639,0.0],[119.63955,-3.65563,0.0],[119.63911,-3.65485,0.0],[119.63852,-3.6534,0.0],[119.63848,-3.65224,0.0],[119.63862,-3.65085,0.0],[119.63862,-3.64845,0.0],[119.63888,-3.64499,0.0],[119.63887,-3.64266,0.0],[119.63928,-3.64067,0.0],[119.63851,-3.63878,0.0],[119.63839,-3.63685,0.0],[119.63863,-3.63518,0.0],[119.63958,-3.63173,0.0],[119.64038,-3.62813,0.0],[119.64009,-3.62349,0.0],[119.6405,-3.61951,0.0],[119.63946,-3.61621,0.0],[119.63845,-3.61433,0.0],[119.63687,-3.61178,0.0],[119.63348,-3.60889,0.0],[119.63116,-3.60764,0.0],[119.62881,-3.60672,0.0],[119.62646,-3.60595,0.0],[119.62539,-3.60523,0.0],[119.62518,-3.60404,0.0],[119.62429,-3.60119,0.0],[119.62432,-3.59916,0.0],[119.62379,-3.59503,0.0],[119.62373,-3.59331,0.0],[119.6242,-3.59289,0.0],[119.6253,-3.59244,0.0],[119.62652,-3.58977,0.0],[119.62643,-3.58801,0.0],[119.6259,-3.58629,0.0],[119.62581,-3.58501,0.0],[119.62593,-3.58179,0.0],[119.62569,-3.57965,0.0],[119.62643,-3.57784,0.0],[119.62753,-3.5758,0.0],[119.62731,-3.57563,0.0],[119.62722,-3.5754,0.0],[119.62725,-3.57506,0.0],[119.62749,-3.57448,0.0],[119.62702,-3.57356,0.0],[119.62652,-3.57288,0.0],[119.62639,-3.57255,0.0],[119.62609,-3.57219,0.0],[119.62576,-3.57198,0.0],[119.62474,-3.5718,0.0],[119.62415,-3.57217,0.0],[119.6237,-3.57215,0.0],[119.62226,-3.57154,0.0],[119.62178,-3.57145,0.0],[119.62127,-3.5715,0.0],[119.62073,-3.57188,0.0],[119.61942,-3.57233,0.0],[119.61888,-3.5722,0.0],[119.61762,-3.57247,0.0],[119.61711,-3.5725,0.0],[119.61596,-3.57287,0.0],[119.61548,-3.57293,0.0],[119.615,-3.57286,0.0],[119.61422,-3.57254,0.0],[119.61367,-3.57215,0.0],[119.61238,-3.57171,0.0],[119.61185,-3.57131,0.0],[119.61126,-3.57114,0.0],[119.61022,-3.57126,0.0],[119.60991,-3.57116,0.0],[119.60957,-3.5708,0.0],[119.60943,-3.56935,0.0],[119.60915,-3.56926,0.0],[119.60782,-3.56976,0.0],[119.60624,-3.57014,0.0],[119.6055,-3.57011,0.0],[119.60538,-3.56993,0.0],[119.60536,-3.56921,0.0],[119.60525,-3.56899,0.0],[119.60481,-3.56907,0.0],[119.60436,-3.56939,0.0],[119.60411,-3.56973,0.0],[119.60385,-3.56987,0.0],[119.6032,-3.56967,0.0],[119.60267,-3.56971,0.0],[119.60206,-3.57038,0.0],[119.60128,-3.57144,0.0],[119.60077,-3.57196,0.0],[119.60005,-3.57218,0.0],[119.59809,-3.57218,0.0],[119.59733,-3.57244,0.0],[119.59703,-3.57302,0.0],[119.59654,-3.5736,0.0],[119.59599,-3.57379,0.0],[119.59559,-3.57374,0.0],[119.59386,-3.573,0.0],[119.59295,-3.5727,0.0],[119.59198,-3.57277,0.0],[119.5916,-3.57296,0.0],[119.59144,-3.57273,0.0],[119.59148,-3.57259,0.0],[119.59133,-3.57233,0.0],[119.59088,-3.57226,0.0],[119.59043,-3.57233,0.0],[119.58993,-3.57221,0.0],[119.58942,-3.57196,0.0],[119.58878,-3.57103,0.0],[119.58888,-3.57101,0.0],[119.58807,-3.56963,0.0],[119.58775,-3.56847,0.0],[119.58642,-3.56755,0.0],[119.58611,-3.56802,0.0],[119.58594,-3.56789,0.0],[119.5851,-3.56856,0.0],[119.58408,-3.56833,0.0],[119.58329,-3.56842,0.0],[119.58274,-3.56866,0.0],[119.58046,-3.57016,0.0],[119.5792,-3.57089,0.0],[119.57865,-3.57132,0.0],[119.57848,-3.5716,0.0],[119.57788,-3.5714,0.0],[119.57664,-3.57215,0.0],[119.57624,-3.57257,0.0],[119.57595,-3.57315,0.0],[119.57563,-3.57438,0.0],[119.57427,-3.57541,0.0],[119.57374,-3.57639,0.0],[119.5734,-3.5768,0.0],[119.57314,-3.57698,0.0],[119.57283,-3.57704,0.0],[119.57249,-3.57696,0.0],[119.5721,-3.57616,0.0],[119.57176,-3.57567,0.0],[119.57143,-3.57543,0.0],[119.57103,-3.57531,0.0],[119.56997,-3.57519,0.0],[119.56925,-3.57544,0.0],[119.56892,-3.57541,0.0],[119.56858,-3.5752,0.0],[119.56836,-3.57479,0.0],[119.56838,-3.57181,0.0],[119.56829,-3.5709,0.0],[119.56814,-3.57039,0.0],[119.56788,-3.57011,0.0],[119.56748,-3.56996,0.0],[119.56703,-3.56996,0.0],[119.56656,-3.57009,0.0],[119.56608,-3.57041,0.0],[119.56583,-3.57075,0.0],[119.56578,-3.57096,0.0],[119.56588,-3.57246,0.0],[119.56578,-3.57264,0.0],[119.5656,-3.57271,0.0],[119.56482,-3.57243,0.0],[119.56326,-3.57145,0.0],[119.56294,-3.57153,0.0],[119.5622,-3.57265,0.0],[119.56196,-3.57271,0.0],[119.56147,-3.57267,0.0],[119.56109,-3.57255,0.0],[119.56093,-3.5723,0.0],[119.56093,-3.57149,0.0],[119.56064,-3.57123,0.0],[119.56011,-3.57095,0.0],[119.55955,-3.57041,0.0],[119.55896,-3.5689,0.0],[119.55872,-3.56864,0.0],[119.5572,-3.56849,0.0],[119.55557,-3.56753,0.0],[119.55492,-3.56677,0.0],[119.55426,-3.56569,0.0],[119.55325,-3.56506,0.0],[119.5528,-3.56492,0.0],[119.55236,-3.56501,0.0],[119.55141,-3.56538,0.0],[119.5512,-3.56559,0.0],[119.55087,-3.56553,0.0],[119.55064,-3.56537,0.0],[119.55057,-3.56516,0.0],[119.5506,-3.56499,0.0],[119.55085,-3.56472,0.0],[119.55092,-3.56443,0.0],[119.55089,-3.564,0.0],[119.5507,-3.5637,0.0],[119.54874,-3.56215,0.0],[119.54813,-3.56218,0.0],[119.5474,-3.56276,0.0],[119.54705,-3.56283,0.0],[119.54668,-3.56274,0.0],[119.54656,-3.56248,0.0],[119.54657,-3.56185,0.0],[119.54643,-3.56135,0.0],[119.54617,-3.56112,0.0],[119.54476,-3.56075,0.0],[119.54287,-3.56036,0.0],[119.54227,-3.56033,0.0],[119.54123,-3.56108,0.0],[119.54089,-3.56101,0.0],[119.54055,-3.56059,0.0],[119.54054,-3.56014,0.0],[119.54067,-3.5596,0.0],[119.54097,-3.5593,0.0],[119.54131,-3.55917,0.0],[119.54181,-3.55917,0.0],[119.54231,-3.55898,0.0],[119.54333,-3.55791,0.0],[119.54337,-3.55734,0.0],[119.54293,-3.55714,0.0],[119.54188,-3.557,0.0],[119.5398,-3.55658,0.0],[119.53904,-3.55667,0.0],[119.53754,-3.55712,0.0],[119.53718,-3.55706,0.0]]]]},"properties":{"OBJECTID":5903,"NAMOBJ":"Duampanua","WADMKC":"Duampanua","KDCPUM":"73.15.06","WADMKK":"Pinrang","WADMPR":"Sulawesi Selatan","LUASWH":276.71289434843391,"TIPADM":3}},{"type":"Feature","id":5904,"geometry":{"type":"Polygon","coordinates":[[[119.55997,-3.27057,0.0],[119.55893,-3.27021,0.0],[119.55787,-3.26954,0.0],[119.55738,-3.26972,0.0],[119.55674,-3.27043,0.0],[119.5563,-3.27058,0.0],[119.55584,-3.27052,0.0],[119.55523,-3.27005,0.0],[119.55485,-3.27,0.0],[119.55468,-3.27011,0.0],[119.55389,-3.27123,0.0],[119.55336,-3.27217,0.0],[119.55257,-3.27245,0.0],[119.55225,-3.27239,0.0],[119.55168,-3.27203,0.0],[119.5509,-3.27146,0.0],[119.55047,-3.27101,0.0],[119.55002,-3.27089,0.0],[119.54972,-3.27091,0.0],[119.54907,-3.27117,0.0],[119.54876,-3.27177,0.0],[119.54838,-3.27223,0.0],[119.54765,-3.27272,0.0],[119.54739,-3.27277,0.0],[119.54639,-3.2726,0.0],[119.54554,-3.2729,0.0],[119.54487,-3.27283,0.0],[119.54353,-3.27295,0.0],[119.54297,-3.27318,0.0],[119.54228,-3.2736,0.0],[119.5418,-3.27356,0.0],[119.54151,-3.27366,0.0],[119.54107,-3.27448,0.0],[119.54049,-3.27474,0.0],[119.53983,-3.27467,0.0],[119.53895,-3.27433,0.0],[119.53812,-3.27424,0.0],[119.53704,-3.27369,0.0],[119.53469,-3.27347,0.0],[119.53401,-3.27358,0.0],[119.53387,-3.2737,0.0],[119.53351,-3.2743,0.0],[119.53257,-3.27472,0.0],[119.53205,-3.27515,0.0],[119.53182,-3.2751,0.0],[119.53125,-3.27473,0.0],[119.5308,-3.27479,0.0],[119.52958,-3.2747,0.0],[119.52846,-3.27447,0.0],[119.52828,-3.27457,0.0],[119.52795,-3.27499,0.0],[119.52742,-3.27648,0.0],[119.52698,-3.27714,0.0],[119.52676,-3.27782,0.0],[119.52654,-3.27806,0.0],[119.52623,-3.27811,0.0],[119.52584,-3.27798,0.0],[119.52536,-3.27765,0.0],[119.52502,-3.27716,0.0],[119.52462,-3.27713,0.0],[119.52398,-3.27673,0.0],[119.52371,-3.27668,0.0],[119.52336,-3.27671,0.0],[119.52207,-3.27709,0.0],[119.52172,-3.27722,0.0],[119.52124,-3.2776,0.0],[119.52088,-3.27773,0.0],[119.52019,-3.27776,0.0],[119.51991,-3.27794,0.0],[119.51973,-3.27869,0.0],[119.51897,-3.27962,0.0],[119.51892,-3.28084,0.0],[119.51878,-3.28166,0.0],[119.51891,-3.28261,0.0],[119.51842,-3.28392,0.0],[119.51839,-3.28426,0.0],[119.51844,-3.28559,0.0],[119.5186,-3.28623,0.0],[119.51864,-3.28703,0.0],[119.51911,-3.28794,0.0],[119.51919,-3.28834,0.0],[119.51898,-3.28947,0.0],[119.51858,-3.29082,0.0],[119.51848,-3.29143,0.0],[119.51864,-3.29202,0.0],[119.51857,-3.29296,0.0],[119.51881,-3.29465,0.0],[119.51871,-3.29558,0.0],[119.51891,-3.29641,0.0],[119.51861,-3.29779,0.0],[119.51857,-3.29831,0.0],[119.51876,-3.29869,0.0],[119.51867,-3.29932,0.0],[119.51892,-3.29989,0.0],[119.51899,-3.30041,0.0],[119.5192,-3.30097,0.0],[119.51907,-3.30162,0.0],[119.51915,-3.30227,0.0],[119.51882,-3.30308,0.0],[119.5188,-3.30334,0.0],[119.51886,-3.30348,0.0],[119.51942,-3.30394,0.0],[119.51972,-3.30456,0.0],[119.51962,-3.30479,0.0],[119.51895,-3.30527,0.0],[119.51849,-3.30623,0.0],[119.51854,-3.30655,0.0],[119.51916,-3.30763,0.0],[119.52057,-3.30924,0.0],[119.52067,-3.30963,0.0],[119.51985,-3.31021,0.0],[119.51965,-3.31073,0.0],[119.51938,-3.311,0.0],[119.51937,-3.31127,0.0],[119.51944,-3.31141,0.0],[119.51912,-3.31172,0.0],[119.51784,-3.31216,0.0],[119.51736,-3.31216,0.0],[119.51646,-3.31238,0.0],[119.51626,-3.31189,0.0],[119.51596,-3.3116,0.0],[119.51552,-3.3115,0.0],[119.51465,-3.31158,0.0],[119.51405,-3.31134,0.0],[119.5119,-3.31161,0.0],[119.5116,-3.31172,0.0],[119.51097,-3.31215,0.0],[119.5105,-3.31224,0.0],[119.50981,-3.31208,0.0],[119.50955,-3.31189,0.0],[119.50848,-3.31154,0.0],[119.50814,-3.31165,0.0],[119.50782,-3.31197,0.0],[119.50752,-3.312,0.0],[119.50723,-3.31188,0.0],[119.50696,-3.31143,0.0],[119.5067,-3.31128,0.0],[119.50587,-3.31143,0.0],[119.50554,-3.31165,0.0],[119.50533,-3.31202,0.0],[119.505,-3.3123,0.0],[119.5046,-3.31304,0.0],[119.50441,-3.31361,0.0],[119.50363,-3.31364,0.0],[119.50287,-3.31394,0.0],[119.50264,-3.31417,0.0],[119.50236,-3.31468,0.0],[119.50193,-3.31512,0.0],[119.5019,-3.31539,0.0],[119.50163,-3.31554,0.0],[119.50124,-3.31559,0.0],[119.4996,-3.31409,0.0],[119.49932,-3.31367,0.0],[119.49873,-3.31307,0.0],[119.49858,-3.31268,0.0],[119.49813,-3.31205,0.0],[119.49759,-3.31194,0.0],[119.4962,-3.31201,0.0],[119.49556,-3.3116,0.0],[119.4948,-3.31124,0.0],[119.4945,-3.31064,0.0],[119.49426,-3.31036,0.0],[119.49376,-3.3101,0.0],[119.49339,-3.31007,0.0],[119.493,-3.30992,0.0],[119.49247,-3.3094,0.0],[119.49242,-3.30926,0.0],[119.49212,-3.30909,0.0],[119.49169,-3.30726,0.0],[119.49184,-3.3065,0.0],[119.4918,-3.30634,0.0],[119.49162,-3.30622,0.0],[119.49134,-3.3057,0.0],[119.49116,-3.30487,0.0],[119.49046,-3.30414,0.0],[119.49014,-3.30337,0.0],[119.4897,-3.30164,0.0],[119.48833,-3.30038,0.0],[119.48735,-3.29894,0.0],[119.48654,-3.29873,0.0],[119.48642,-3.29861,0.0],[119.48635,-3.29804,0.0],[119.486,-3.29667,0.0],[119.48454,-3.29624,0.0],[119.48442,-3.29609,0.0],[119.48429,-3.29554,0.0],[119.48336,-3.29529,0.0],[119.48307,-3.29512,0.0],[119.48281,-3.29436,0.0],[119.48252,-3.29405,0.0],[119.48232,-3.29286,0.0],[119.48167,-3.29163,0.0],[119.47997,-3.29047,0.0],[119.47897,-3.29006,0.0],[119.47852,-3.28956,0.0],[119.47811,-3.28931,0.0],[119.47699,-3.28883,0.0],[119.47609,-3.28832,0.0],[119.47482,-3.2884,0.0],[119.47331,-3.28877,0.0],[119.47276,-3.28883,0.0],[119.47209,-3.28928,0.0],[119.47136,-3.28957,0.0],[119.47093,-3.28983,0.0],[119.47103,-3.29026,0.0],[119.47174,-3.29101,0.0],[119.4719,-3.29151,0.0],[119.47197,-3.29234,0.0],[119.47174,-3.29294,0.0],[119.47178,-3.29347,0.0],[119.47171,-3.2935,0.0],[119.47105,-3.29359,0.0],[119.47056,-3.2935,0.0],[119.46937,-3.29272,0.0],[119.46916,-3.29274,0.0],[119.46901,-3.29291,0.0],[119.46888,-3.29294,0.0],[119.4683,-3.2927,0.0],[119.46771,-3.29273,0.0],[119.46724,-3.29302,0.0],[119.4667,-3.29299,0.0],[119.46609,-3.2931,0.0],[119.46549,-3.29263,0.0],[119.46476,-3.29267,0.0],[119.46436,-3.2921,0.0],[119.4642,-3.29204,0.0],[119.46295,-3.29242,0.0],[119.46181,-3.29256,0.0],[119.46153,-3.29208,0.0],[119.46122,-3.29181,0.0],[119.45974,-3.29093,0.0],[119.45896,-3.29003,0.0],[119.45872,-3.28901,0.0],[119.45913,-3.28684,0.0],[119.45905,-3.28607,0.0],[119.45883,-3.28463,0.0],[119.45818,-3.28393,0.0],[119.45772,-3.28375,0.0],[119.45673,-3.28424,0.0],[119.45602,-3.28632,0.0],[119.45547,-3.28673,0.0],[119.4547,-3.28699,0.0],[119.45414,-3.28737,0.0],[119.45368,-3.28748,0.0],[119.45253,-3.2876,0.0],[119.45174,-3.28744,0.0],[119.44897,-3.288,0.0],[119.44854,-3.28793,0.0],[119.44821,-3.28729,0.0],[119.44773,-3.28715,0.0],[119.44709,-3.28711,0.0],[119.44574,-3.28663,0.0],[119.44543,-3.28641,0.0],[119.44425,-3.28506,0.0],[119.44375,-3.28431,0.0],[119.44339,-3.28353,0.0],[119.44212,-3.28204,0.0],[119.44129,-3.28266,0.0],[119.44066,-3.28336,0.0],[119.43938,-3.28376,0.0],[119.43892,-3.28406,0.0],[119.43839,-3.28414,0.0],[119.43813,-3.28428,0.0],[119.43798,-3.2845,0.0],[119.43774,-3.28553,0.0],[119.4366,-3.28669,0.0],[119.43678,-3.28711,0.0],[119.4368,-3.28742,0.0],[119.43617,-3.28759,0.0],[119.43608,-3.28767,0.0],[119.43604,-3.28804,0.0],[119.43588,-3.28842,0.0],[119.43596,-3.28862,0.0],[119.4364,-3.28939,0.0],[119.43695,-3.29,0.0],[119.43749,-3.29015,0.0],[119.43755,-3.29032,0.0],[119.43743,-3.29049,0.0],[119.43647,-3.29099,0.0],[119.43576,-3.29178,0.0],[119.43562,-3.29311,0.0],[119.43551,-3.29325,0.0],[119.43494,-3.29358,0.0],[119.43486,-3.29372,0.0],[119.43495,-3.29436,0.0],[119.43514,-3.29473,0.0],[119.43552,-3.29492,0.0],[119.43607,-3.29492,0.0],[119.43618,-3.29499,0.0],[119.43637,-3.29523,0.0],[119.43638,-3.29551,0.0],[119.43657,-3.29602,0.0],[119.43708,-3.29623,0.0],[119.43709,-3.29654,0.0],[119.43732,-3.297,0.0],[119.43765,-3.29717,0.0],[119.43798,-3.2977,0.0],[119.43843,-3.2979,0.0],[119.43843,-3.29821,0.0],[119.43829,-3.29858,0.0],[119.43806,-3.29887,0.0],[119.4381,-3.29901,0.0],[119.4391,-3.29942,0.0],[119.43976,-3.29999,0.0],[119.44028,-3.30015,0.0],[119.44044,-3.30028,0.0],[119.44063,-3.30064,0.0],[119.44036,-3.30163,0.0],[119.44077,-3.30242,0.0],[119.44053,-3.30322,0.0],[119.44066,-3.30385,0.0],[119.44054,-3.30403,0.0],[119.44023,-3.30418,0.0],[119.44013,-3.30437,0.0],[119.44031,-3.30489,0.0],[119.44047,-3.30511,0.0],[119.44048,-3.30531,0.0],[119.44029,-3.3059,0.0],[119.44011,-3.30614,0.0],[119.43986,-3.3068,0.0],[119.4396,-3.30711,0.0],[119.43942,-3.30751,0.0],[119.43901,-3.308,0.0],[119.43897,-3.30851,0.0],[119.43875,-3.30898,0.0],[119.4387,-3.30946,0.0],[119.43857,-3.30975,0.0],[119.43859,-3.30994,0.0],[119.43884,-3.31023,0.0],[119.43896,-3.31054,0.0],[119.43869,-3.31145,0.0],[119.4385,-3.31162,0.0],[119.43791,-3.31155,0.0],[119.43692,-3.31189,0.0],[119.43662,-3.31257,0.0],[119.43656,-3.31341,0.0],[119.43669,-3.31356,0.0],[119.43719,-3.31386,0.0],[119.43726,-3.31399,0.0],[119.43792,-3.31406,0.0],[119.43969,-3.31341,0.0],[119.44104,-3.31316,0.0],[119.44241,-3.31278,0.0],[119.44298,-3.31274,0.0],[119.44328,-3.31292,0.0],[119.44349,-3.31373,0.0],[119.44383,-3.31421,0.0],[119.44426,-3.31455,0.0],[119.44462,-3.31455,0.0],[119.44465,-3.31582,0.0],[119.44432,-3.31653,0.0],[119.44393,-3.31701,0.0],[119.44328,-3.31723,0.0],[119.44148,-3.31757,0.0],[119.44113,-3.3179,0.0],[119.44097,-3.31832,0.0],[119.43979,-3.31891,0.0],[119.43905,-3.31953,0.0],[119.43856,-3.32009,0.0],[119.43879,-3.32031,0.0],[119.43888,-3.32064,0.0],[119.43913,-3.321,0.0],[119.43899,-3.32143,0.0],[119.43911,-3.32181,0.0],[119.43937,-3.32194,0.0],[119.43976,-3.32178,0.0],[119.4405,-3.32192,0.0],[119.44061,-3.32207,0.0],[119.44054,-3.3224,0.0],[119.44068,-3.32268,0.0],[119.44095,-3.32298,0.0],[119.44143,-3.32318,0.0],[119.4416,-3.3234,0.0],[119.4416,-3.32485,0.0],[119.44151,-3.32511,0.0],[119.44121,-3.32547,0.0],[119.44125,-3.32594,0.0],[119.44143,-3.32606,0.0],[119.44181,-3.32612,0.0],[119.44187,-3.32622,0.0],[119.44181,-3.32638,0.0],[119.4419,-3.32648,0.0],[119.44223,-3.32657,0.0],[119.44264,-3.32657,0.0],[119.44354,-3.32717,0.0],[119.44361,-3.32732,0.0],[119.44358,-3.32774,0.0],[119.4433,-3.32801,0.0],[119.4434,-3.32819,0.0],[119.44387,-3.32839,0.0],[119.4445,-3.32833,0.0],[119.44512,-3.32894,0.0],[119.44519,-3.32962,0.0],[119.44537,-3.32982,0.0],[119.44577,-3.33001,0.0],[119.44583,-3.33012,0.0],[119.44578,-3.33051,0.0],[119.44606,-3.33071,0.0],[119.44589,-3.33111,0.0],[119.44594,-3.33173,0.0],[119.44644,-3.33224,0.0],[119.44652,-3.33249,0.0],[119.44641,-3.33264,0.0],[119.44613,-3.33264,0.0],[119.446,-3.33272,0.0],[119.44616,-3.33325,0.0],[119.44574,-3.33353,0.0],[119.44585,-3.33389,0.0],[119.44541,-3.33452,0.0],[119.44519,-3.33468,0.0],[119.44514,-3.33489,0.0],[119.445,-3.33502,0.0],[119.44496,-3.3353,0.0],[119.44481,-3.33545,0.0],[119.44472,-3.33597,0.0],[119.44412,-3.33624,0.0],[119.44405,-3.33642,0.0],[119.44408,-3.33673,0.0],[119.44364,-3.33709,0.0],[119.44328,-3.33756,0.0],[119.44254,-3.33784,0.0],[119.44211,-3.3383,0.0],[119.4418,-3.33835,0.0],[119.44153,-3.33826,0.0],[119.44115,-3.33828,0.0],[119.43943,-3.33884,0.0],[119.43857,-3.33826,0.0],[119.43813,-3.33813,0.0],[119.43771,-3.33814,0.0],[119.43678,-3.33849,0.0],[119.43543,-3.33856,0.0],[119.43432,-3.33888,0.0],[119.43336,-3.33878,0.0],[119.43319,-3.33886,0.0],[119.43286,-3.33928,0.0],[119.43203,-3.33911,0.0],[119.43142,-3.33912,0.0],[119.43197,-3.33927,0.0],[119.43255,-3.33956,0.0],[119.43287,-3.33991,0.0],[119.43338,-3.34026,0.0],[119.43367,-3.34034,0.0],[119.43432,-3.34089,0.0],[119.43486,-3.3412,0.0],[119.43515,-3.34162,0.0],[119.43546,-3.34274,0.0],[119.43557,-3.34297,0.0],[119.43576,-3.34313,0.0],[119.43787,-3.34402,0.0],[119.43869,-3.34409,0.0],[119.43945,-3.34387,0.0],[119.44015,-3.34474,0.0],[119.44049,-3.345,0.0],[119.44076,-3.34543,0.0],[119.44107,-3.34619,0.0],[119.4418,-3.34724,0.0],[119.44189,-3.34761,0.0],[119.44196,-3.34839,0.0],[119.44156,-3.3507,0.0],[119.44161,-3.35102,0.0],[119.44191,-3.35141,0.0],[119.44273,-3.35145,0.0],[119.44394,-3.3519,0.0],[119.44429,-3.35233,0.0],[119.44496,-3.35282,0.0],[119.44546,-3.35245,0.0],[119.44607,-3.35239,0.0],[119.44611,-3.35253,0.0],[119.44599,-3.35277,0.0],[119.44604,-3.35291,0.0],[119.44635,-3.35291,0.0],[119.4469,-3.35274,0.0],[119.44701,-3.35286,0.0],[119.44714,-3.35344,0.0],[119.44873,-3.35382,0.0],[119.44895,-3.35398,0.0],[119.44915,-3.35438,0.0],[119.44933,-3.3545,0.0],[119.44958,-3.35447,0.0],[119.44977,-3.35421,0.0],[119.45033,-3.35413,0.0],[119.45079,-3.35426,0.0],[119.45102,-3.35443,0.0],[119.45142,-3.35489,0.0],[119.4515,-3.35543,0.0],[119.45175,-3.35564,0.0],[119.45185,-3.35625,0.0],[119.45183,-3.35687,0.0],[119.452,-3.35718,0.0],[119.45207,-3.35764,0.0],[119.45236,-3.35784,0.0],[119.4525,-3.35812,0.0],[119.45276,-3.35952,0.0],[119.45324,-3.36006,0.0],[119.45348,-3.36054,0.0],[119.45353,-3.36079,0.0],[119.45346,-3.36176,0.0],[119.45423,-3.36232,0.0],[119.45425,-3.36298,0.0],[119.45463,-3.36303,0.0],[119.45472,-3.36312,0.0],[119.45465,-3.36407,0.0],[119.4547,-3.36446,0.0],[119.45488,-3.36485,0.0],[119.45533,-3.36522,0.0],[119.45579,-3.36627,0.0],[119.45598,-3.36641,0.0],[119.45657,-3.36655,0.0],[119.45704,-3.367,0.0],[119.45746,-3.36719,0.0],[119.45766,-3.3676,0.0],[119.4578,-3.36829,0.0],[119.45795,-3.36856,0.0],[119.45929,-3.36906,0.0],[119.45979,-3.36956,0.0],[119.46014,-3.36975,0.0],[119.46023,-3.37038,0.0],[119.46071,-3.37048,0.0],[119.46097,-3.37061,0.0],[119.46115,-3.37077,0.0],[119.4613,-3.37108,0.0],[119.46212,-3.37165,0.0],[119.46239,-3.37175,0.0],[119.46287,-3.37172,0.0],[119.46309,-3.37179,0.0],[119.46348,-3.37211,0.0],[119.46375,-3.37249,0.0],[119.4641,-3.3728,0.0],[119.46412,-3.37311,0.0],[119.46404,-3.37337,0.0],[119.46352,-3.37399,0.0],[119.46348,-3.37427,0.0],[119.46356,-3.37465,0.0],[119.46381,-3.37514,0.0],[119.46419,-3.37557,0.0],[119.46504,-3.37566,0.0],[119.46548,-3.37588,0.0],[119.46589,-3.37765,0.0],[119.4658,-3.37806,0.0],[119.46557,-3.37851,0.0],[119.46525,-3.37887,0.0],[119.46442,-3.37929,0.0],[119.46407,-3.37937,0.0],[119.46376,-3.37961,0.0],[119.46292,-3.38162,0.0],[119.46254,-3.38183,0.0],[119.46176,-3.38194,0.0],[119.46143,-3.38286,0.0],[119.46126,-3.3831,0.0],[119.461,-3.38322,0.0],[119.46035,-3.38323,0.0],[119.45999,-3.38336,0.0],[119.45959,-3.38376,0.0],[119.45946,-3.38427,0.0],[119.45972,-3.38463,0.0],[119.45988,-3.38551,0.0],[119.46012,-3.38612,0.0],[119.46033,-3.38641,0.0],[119.46085,-3.38671,0.0],[119.46173,-3.38689,0.0],[119.46252,-3.38737,0.0],[119.46343,-3.38736,0.0],[119.46361,-3.38752,0.0],[119.46399,-3.38814,0.0],[119.46414,-3.38821,0.0],[119.4647,-3.38826,0.0],[119.46487,-3.38836,0.0],[119.4651,-3.38857,0.0],[119.46562,-3.38934,0.0],[119.46584,-3.38982,0.0],[119.46596,-3.39041,0.0],[119.46564,-3.39136,0.0],[119.46567,-3.39175,0.0],[119.46592,-3.39241,0.0],[119.46595,-3.39267,0.0],[119.46583,-3.39305,0.0],[119.46516,-3.3938,0.0],[119.46497,-3.39415,0.0],[119.46477,-3.39505,0.0],[119.4649,-3.39547,0.0],[119.46545,-3.39627,0.0],[119.46586,-3.39651,0.0],[119.46655,-3.39637,0.0],[119.46686,-3.39644,0.0],[119.46704,-3.39659,0.0],[119.46756,-3.39745,0.0],[119.46775,-3.39824,0.0],[119.46774,-3.39894,0.0],[119.46757,-3.39984,0.0],[119.46716,-3.40092,0.0],[119.46749,-3.40211,0.0],[119.46749,-3.40366,0.0],[119.46765,-3.4048,0.0],[119.46772,-3.40615,0.0],[119.46945,-3.4091,0.0],[119.46982,-3.40938,0.0],[119.47055,-3.4097,0.0],[119.47107,-3.41017,0.0],[119.47176,-3.41031,0.0],[119.47199,-3.41044,0.0],[119.47226,-3.41074,0.0],[119.47262,-3.41149,0.0],[119.47356,-3.412,0.0],[119.47406,-3.41255,0.0],[119.47431,-3.413,0.0],[119.47429,-3.41321,0.0],[119.47405,-3.41357,0.0],[119.47399,-3.41383,0.0],[119.47414,-3.4153,0.0],[119.47398,-3.41583,0.0],[119.47337,-3.41629,0.0],[119.47159,-3.41712,0.0],[119.47135,-3.41731,0.0],[119.47124,-3.41754,0.0],[119.47117,-3.41907,0.0],[119.4716,-3.42035,0.0],[119.47167,-3.4208,0.0],[119.47141,-3.42161,0.0],[119.4709,-3.42226,0.0],[119.47064,-3.42298,0.0],[119.47067,-3.42355,0.0],[119.47082,-3.42391,0.0],[119.47111,-3.42418,0.0],[119.47237,-3.42472,0.0],[119.47297,-3.42581,0.0],[119.47329,-3.42656,0.0],[119.4732,-3.42787,0.0],[119.47296,-3.42831,0.0],[119.4728,-3.42958,0.0],[119.4727,-3.42974,0.0],[119.4723,-3.43,0.0],[119.47097,-3.4304,0.0],[119.47045,-3.43066,0.0],[119.47021,-3.43088,0.0],[119.46988,-3.43143,0.0],[119.46928,-3.43281,0.0],[119.46918,-3.43374,0.0],[119.46938,-3.43453,0.0],[119.47005,-3.4359,0.0],[119.47147,-3.43818,0.0],[119.4724,-3.43951,0.0],[119.47282,-3.43984,0.0],[119.47396,-3.44009,0.0],[119.47441,-3.44036,0.0],[119.47466,-3.44066,0.0],[119.47476,-3.44201,0.0],[119.47476,-3.44372,0.0],[119.47522,-3.44452,0.0],[119.47591,-3.44606,0.0],[119.47644,-3.44651,0.0],[119.47689,-3.44672,0.0],[119.47808,-3.44697,0.0],[119.4783,-3.44726,0.0],[119.47834,-3.44763,0.0],[119.47824,-3.44778,0.0],[119.47757,-3.44803,0.0],[119.47656,-3.44796,0.0],[119.47624,-3.44816,0.0],[119.47615,-3.44851,0.0],[119.47632,-3.449,0.0],[119.47719,-3.44927,0.0],[119.47746,-3.44947,0.0],[119.47821,-3.45053,0.0],[119.47844,-3.45103,0.0],[119.47836,-3.45197,0.0],[119.47839,-3.45279,0.0],[119.47849,-3.45367,0.0],[119.47866,-3.45406,0.0],[119.47858,-3.45466,0.0],[119.478,-3.45569,0.0],[119.47764,-3.45609,0.0],[119.47706,-3.45645,0.0],[119.47677,-3.45651,0.0],[119.47628,-3.4561,0.0],[119.47589,-3.45612,0.0],[119.47561,-3.45684,0.0],[119.47524,-3.45742,0.0],[119.47526,-3.45768,0.0],[119.47546,-3.45803,0.0],[119.47597,-3.45862,0.0],[119.47703,-3.45878,0.0],[119.47734,-3.45901,0.0],[119.47746,-3.45958,0.0],[119.47744,-3.45986,0.0],[119.47731,-3.4602,0.0],[119.47698,-3.46046,0.0],[119.47681,-3.46097,0.0],[119.47691,-3.46116,0.0],[119.47733,-3.46142,0.0],[119.47774,-3.46205,0.0],[119.4784,-3.46235,0.0],[119.48182,-3.46332,0.0],[119.48253,-3.46431,0.0],[119.48333,-3.46512,0.0],[119.48348,-3.46566,0.0],[119.48332,-3.46658,0.0],[119.48302,-3.46757,0.0],[119.48309,-3.46799,0.0],[119.48335,-3.46814,0.0],[119.48355,-3.46815,0.0],[119.48482,-3.46766,0.0],[119.48618,-3.46799,0.0],[119.48635,-3.46809,0.0],[119.487,-3.46885,0.0],[119.48715,-3.46917,0.0],[119.48731,-3.46986,0.0],[119.48748,-3.47015,0.0],[119.48976,-3.47254,0.0],[119.49105,-3.47411,0.0],[119.49157,-3.47459,0.0],[119.49268,-3.47501,0.0],[119.49288,-3.47514,0.0],[119.49296,-3.4753,0.0],[119.49284,-3.47571,0.0],[119.4922,-3.47657,0.0],[119.49203,-3.477,0.0],[119.49216,-3.4775,0.0],[119.49278,-3.47827,0.0],[119.49285,-3.47868,0.0],[119.49175,-3.47991,0.0],[119.4911,-3.48111,0.0],[119.49086,-3.48181,0.0],[119.49098,-3.48208,0.0],[119.49119,-3.48225,0.0],[119.49261,-3.48274,0.0],[119.49283,-3.48304,0.0],[119.49295,-3.48349,0.0],[119.49279,-3.48373,0.0],[119.49185,-3.48397,0.0],[119.49121,-3.48392,0.0],[119.48999,-3.48362,0.0],[119.48888,-3.48365,0.0],[119.48817,-3.4838,0.0],[119.48803,-3.48396,0.0],[119.4879,-3.48477,0.0],[119.48767,-3.48522,0.0],[119.48647,-3.48651,0.0],[119.48525,-3.48817,0.0],[119.48461,-3.48958,0.0],[119.48439,-3.4905,0.0],[119.48422,-3.49177,0.0],[119.48428,-3.49216,0.0],[119.48453,-3.49263,0.0],[119.48514,-3.49322,0.0],[119.48523,-3.49342,0.0],[119.48534,-3.4945,0.0],[119.48509,-3.49562,0.0],[119.48481,-3.49578,0.0],[119.48457,-3.49576,0.0],[119.48362,-3.49521,0.0],[119.4828,-3.49495,0.0],[119.48268,-3.4948,0.0],[119.48245,-3.4941,0.0],[119.48225,-3.49394,0.0],[119.4809,-3.49364,0.0],[119.48004,-3.4931,0.0],[119.47975,-3.49307,0.0],[119.47945,-3.49319,0.0],[119.4791,-3.49362,0.0],[119.47901,-3.49412,0.0],[119.47909,-3.49484,0.0],[119.47964,-3.49596,0.0],[119.48038,-3.49654,0.0],[119.48235,-3.49742,0.0],[119.48249,-3.49756,0.0],[119.48258,-3.49788,0.0],[119.48246,-3.49828,0.0],[119.48218,-3.49848,0.0],[119.48148,-3.49862,0.0],[119.48096,-3.49862,0.0],[119.48067,-3.49852,0.0],[119.48003,-3.4979,0.0],[119.47958,-3.4978,0.0],[119.47899,-3.49816,0.0],[119.4781,-3.49892,0.0],[119.47789,-3.49919,0.0],[119.4778,-3.4995,0.0],[119.4779,-3.50007,0.0],[119.47812,-3.5004,0.0],[119.47888,-3.50121,0.0],[119.47908,-3.50193,0.0],[119.47904,-3.50241,0.0],[119.47873,-3.50272,0.0],[119.47842,-3.50278,0.0],[119.47794,-3.50262,0.0],[119.47762,-3.50232,0.0],[119.477,-3.50134,0.0],[119.47649,-3.50097,0.0],[119.47607,-3.50083,0.0],[119.47519,-3.5009,0.0],[119.47526,-3.50116,0.0],[119.47497,-3.50135,0.0],[119.475,-3.50146,0.0],[119.47489,-3.50149,0.0],[119.47485,-3.50142,0.0],[119.4745,-3.50153,0.0],[119.47426,-3.50215,0.0],[119.47565,-3.50348,0.0],[119.47584,-3.5038,0.0],[119.47679,-3.50451,0.0],[119.47746,-3.50517,0.0],[119.47825,-3.50614,0.0],[119.47995,-3.50795,0.0],[119.4819,-3.50972,0.0],[119.48286,-3.51078,0.0],[119.48892,-3.51677,0.0],[119.49195,-3.52029,0.0],[119.4928,-3.52138,0.0],[119.49406,-3.52324,0.0],[119.49606,-3.52546,0.0],[119.49695,-3.52698,0.0],[119.49806,-3.52863,0.0],[119.49964,-3.53063,0.0],[119.4998,-3.53113,0.0],[119.50119,-3.53267,0.0],[119.5028,-3.53369,0.0],[119.50347,-3.53432,0.0],[119.5057,-3.53821,0.0],[119.50665,-3.53954,0.0],[119.50693,-3.53973,0.0],[119.50728,-3.54049,0.0],[119.50752,-3.54125,0.0],[119.50878,-3.5438,0.0],[119.50917,-3.54445,0.0],[119.50967,-3.54586,0.0],[119.51007,-3.54656,0.0],[119.51046,-3.54757,0.0],[119.51064,-3.54857,0.0],[119.5101,-3.54883,0.0],[119.51003,-3.54902,0.0],[119.51023,-3.54921,0.0],[119.51046,-3.5491,0.0],[119.51067,-3.54929,0.0],[119.51151,-3.55153,0.0],[119.51184,-3.55295,0.0],[119.51251,-3.55517,0.0],[119.51358,-3.56047,0.0],[119.51362,-3.56126,0.0],[119.51349,-3.56237,0.0],[119.51325,-3.56341,0.0],[119.51192,-3.56726,0.0],[119.51144,-3.56953,0.0],[119.51127,-3.57073,0.0],[119.51123,-3.57197,0.0],[119.51129,-3.57356,0.0],[119.51179,-3.57462,0.0],[119.51205,-3.57491,0.0],[119.51255,-3.57496,0.0],[119.51341,-3.57489,0.0],[119.51444,-3.57433,0.0],[119.51529,-3.57343,0.0],[119.51582,-3.57242,0.0],[119.51612,-3.57138,0.0],[119.51624,-3.56829,0.0],[119.51606,-3.56747,0.0],[119.5158,-3.56686,0.0],[119.51564,-3.56621,0.0],[119.5157,-3.56575,0.0],[119.51596,-3.56508,0.0],[119.51616,-3.5649,0.0],[119.51693,-3.56472,0.0],[119.51775,-3.56478,0.0],[119.51812,-3.565,0.0],[119.51905,-3.56597,0.0],[119.52029,-3.56708,0.0],[119.5213,-3.56753,0.0],[119.52194,-3.56751,0.0],[119.52244,-3.56735,0.0],[119.52298,-3.56689,0.0],[119.52369,-3.56605,0.0],[119.52433,-3.56501,0.0],[119.52482,-3.56357,0.0],[119.5251,-3.5623,0.0],[119.52541,-3.56175,0.0],[119.52571,-3.56142,0.0],[119.52617,-3.56128,0.0],[119.52672,-3.56131,0.0],[119.52733,-3.56165,0.0],[119.52859,-3.56286,0.0],[119.52898,-3.56311,0.0],[119.52938,-3.56315,0.0],[119.52975,-3.56304,0.0],[119.53006,-3.5628,0.0],[119.53045,-3.56173,0.0],[119.53051,-3.55997,0.0],[119.53062,-3.55929,0.0],[119.53093,-3.55867,0.0],[119.5335,-3.55602,0.0],[119.53391,-3.55574,0.0],[119.53496,-3.55548,0.0],[119.53549,-3.55498,0.0],[119.53619,-3.55448,0.0],[119.53673,-3.55445,0.0],[119.53711,-3.55459,0.0],[119.53731,-3.5549,0.0],[119.53737,-3.55528,0.0],[119.53728,-3.55572,0.0],[119.53696,-3.5562,0.0],[119.53701,-3.55687,0.0],[119.53718,-3.55706,0.0],[119.53754,-3.55712,0.0],[119.53904,-3.55667,0.0],[119.5398,-3.55658,0.0],[119.54188,-3.557,0.0],[119.54293,-3.55714,0.0],[119.54337,-3.55734,0.0],[119.54333,-3.55791,0.0],[119.54231,-3.55898,0.0],[119.54181,-3.55917,0.0],[119.54131,-3.55917,0.0],[119.54097,-3.5593,0.0],[119.54067,-3.5596,0.0],[119.54054,-3.56014,0.0],[119.54055,-3.56059,0.0],[119.54089,-3.56101,0.0],[119.54123,-3.56108,0.0],[119.54227,-3.56033,0.0],[119.54287,-3.56036,0.0],[119.54476,-3.56075,0.0],[119.54617,-3.56112,0.0],[119.54643,-3.56135,0.0],[119.54657,-3.56185,0.0],[119.54656,-3.56248,0.0],[119.54668,-3.56274,0.0],[119.54705,-3.56283,0.0],[119.5474,-3.56276,0.0],[119.54813,-3.56218,0.0],[119.54874,-3.56215,0.0],[119.5507,-3.5637,0.0],[119.55089,-3.564,0.0],[119.55092,-3.56443,0.0],[119.55085,-3.56472,0.0],[119.5506,-3.56499,0.0],[119.55057,-3.56516,0.0],[119.55064,-3.56537,0.0],[119.55087,-3.56553,0.0],[119.5512,-3.56559,0.0],[119.55141,-3.56538,0.0],[119.55236,-3.56501,0.0],[119.5528,-3.56492,0.0],[119.55325,-3.56506,0.0],[119.55426,-3.56569,0.0],[119.55492,-3.56677,0.0],[119.55557,-3.56753,0.0],[119.5572,-3.56849,0.0],[119.55872,-3.56864,0.0],[119.55896,-3.5689,0.0],[119.55955,-3.57041,0.0],[119.56011,-3.57095,0.0],[119.56064,-3.57123,0.0],[119.56093,-3.57149,0.0],[119.56093,-3.5723,0.0],[119.56109,-3.57255,0.0],[119.56147,-3.57267,0.0],[119.56196,-3.57271,0.0],[119.5622,-3.57265,0.0],[119.56294,-3.57153,0.0],[119.56326,-3.57145,0.0],[119.56482,-3.57243,0.0],[119.5656,-3.57271,0.0],[119.56578,-3.57264,0.0],[119.56588,-3.57246,0.0],[119.56578,-3.57096,0.0],[119.56583,-3.57075,0.0],[119.56608,-3.57041,0.0],[119.56656,-3.57009,0.0],[119.56703,-3.56996,0.0],[119.56748,-3.56996,0.0],[119.56788,-3.57011,0.0],[119.56814,-3.57039,0.0],[119.56829,-3.5709,0.0],[119.56838,-3.57181,0.0],[119.56836,-3.57479,0.0],[119.56858,-3.5752,0.0],[119.56892,-3.57541,0.0],[119.56925,-3.57544,0.0],[119.56997,-3.57519,0.0],[119.57103,-3.57531,0.0],[119.57143,-3.57543,0.0],[119.57176,-3.57567,0.0],[119.5721,-3.57616,0.0],[119.57249,-3.57696,0.0],[119.57283,-3.57704,0.0],[119.57314,-3.57698,0.0],[119.5734,-3.5768,0.0],[119.57374,-3.57639,0.0],[119.57427,-3.57541,0.0],[119.57563,-3.57438,0.0],[119.57595,-3.57315,0.0],[119.57624,-3.57257,0.0],[119.57664,-3.57215,0.0],[119.57788,-3.5714,0.0],[119.57848,-3.5716,0.0],[119.57865,-3.57132,0.0],[119.5792,-3.57089,0.0],[119.58046,-3.57016,0.0],[119.58274,-3.56866,0.0],[119.58329,-3.56842,0.0],[119.58408,-3.56833,0.0],[119.5851,-3.56856,0.0],[119.58594,-3.56789,0.0],[119.58611,-3.56802,0.0],[119.58642,-3.56755,0.0],[119.58775,-3.56847,0.0],[119.58807,-3.56963,0.0],[119.58888,-3.57101,0.0],[119.58878,-3.57103,0.0],[119.58942,-3.57196,0.0],[119.58993,-3.57221,0.0],[119.59043,-3.57233,0.0],[119.59088,-3.57226,0.0],[119.59133,-3.57233,0.0],[119.59148,-3.57259,0.0],[119.59144,-3.57273,0.0],[119.5916,-3.57296,0.0],[119.59198,-3.57277,0.0],[119.59295,-3.5727,0.0],[119.59386,-3.573,0.0],[119.59559,-3.57374,0.0],[119.59599,-3.57379,0.0],[119.59654,-3.5736,0.0],[119.59703,-3.57302,0.0],[119.59733,-3.57244,0.0],[119.59809,-3.57218,0.0],[119.60005,-3.57218,0.0],[119.60077,-3.57196,0.0],[119.60128,-3.57144,0.0],[119.60206,-3.57038,0.0],[119.60267,-3.56971,0.0],[119.6032,-3.56967,0.0],[119.60385,-3.56987,0.0],[119.60411,-3.56973,0.0],[119.60436,-3.56939,0.0],[119.60481,-3.56907,0.0],[119.60525,-3.56899,0.0],[119.60536,-3.56921,0.0],[119.60538,-3.56993,0.0],[119.6055,-3.57011,0.0],[119.60624,-3.57014,0.0],[119.60782,-3.56976,0.0],[119.60915,-3.56926,0.0],[119.60943,-3.56935,0.0],[119.60957,-3.5708,0.0],[119.60991,-3.57116,0.0],[119.61022,-3.57126,0.0],[119.61126,-3.57114,0.0],[119.61185,-3.57131,0.0],[119.61238,-3.57171,0.0],[119.61367,-3.57215,0.0],[119.61422,-3.57254,0.0],[119.615,-3.57286,0.0],[119.61548,-3.57293,0.0],[119.61596,-3.57287,0.0],[119.61711,-3.5725,0.0],[119.61762,-3.57247,0.0],[119.61888,-3.5722,0.0],[119.61942,-3.57233,0.0],[119.62073,-3.57188,0.0],[119.62127,-3.5715,0.0],[119.62178,-3.57145,0.0],[119.62226,-3.57154,0.0],[119.6237,-3.57215,0.0],[119.62415,-3.57217,0.0],[119.62474,-3.5718,0.0],[119.62576,-3.57198,0.0],[119.62609,-3.57219,0.0],[119.62639,-3.57255,0.0],[119.62652,-3.57288,0.0],[119.62702,-3.57356,0.0],[119.62739,-3.57423,0.0],[119.62749,-3.57448,0.0],[119.62725,-3.57506,0.0],[119.62722,-3.5754,0.0],[119.62731,-3.57563,0.0],[119.62753,-3.5758,0.0],[119.62776,-3.57579,0.0],[119.62946,-3.57465,0.0],[119.62985,-3.57459,0.0],[119.63026,-3.57469,0.0],[119.63135,-3.57526,0.0],[119.63169,-3.57526,0.0],[119.63203,-3.57515,0.0],[119.63267,-3.57482,0.0],[119.63316,-3.5751,0.0],[119.63376,-3.57595,0.0],[119.63397,-3.57613,0.0],[119.63464,-3.57646,0.0],[119.63502,-3.57699,0.0],[119.63529,-3.57709,0.0],[119.63566,-3.57709,0.0],[119.63667,-3.57673,0.0],[119.63721,-3.57605,0.0],[119.63733,-3.57401,0.0],[119.6375,-3.57362,0.0],[119.63801,-3.57328,0.0],[119.63861,-3.57316,0.0],[119.64004,-3.57321,0.0],[119.6405,-3.57308,0.0],[119.64377,-3.57301,0.0],[119.65587,-3.57071,0.0],[119.65974,-3.57041,0.0],[119.66384,-3.57044,0.0],[119.66967,-3.57065,0.0],[119.67107,-3.57062,0.0],[119.67229,-3.57074,0.0],[119.6733,-3.57134,0.0],[119.67467,-3.57193,0.0],[119.6767,-3.5725,0.0],[119.67845,-3.57252,0.0],[119.67829,-3.57228,0.0],[119.67568,-3.57067,0.0],[119.67518,-3.5701,0.0],[119.67525,-3.56972,0.0],[119.67556,-3.56924,0.0],[119.67668,-3.56822,0.0],[119.67668,-3.56796,0.0],[119.67618,-3.56753,0.0],[119.6757,-3.56691,0.0],[119.67523,-3.56569,0.0],[119.67449,-3.56491,0.0],[119.67418,-3.5641,0.0],[119.67401,-3.56312,0.0],[119.67361,-3.56253,0.0],[119.67278,-3.56215,0.0],[119.67073,-3.56182,0.0],[119.66944,-3.56082,0.0],[119.66825,-3.55934,0.0],[119.6673,-3.5573,0.0],[119.66626,-3.55377,0.0],[119.66564,-3.55111,0.0],[119.66592,-3.54835,0.0],[119.66654,-3.54635,0.0],[119.66835,-3.54459,0.0],[119.66954,-3.54288,0.0],[119.67021,-3.54107,0.0],[119.6703,-3.54012,0.0],[119.66982,-3.53921,0.0],[119.6694,-3.53802,0.0],[119.6693,-3.53612,0.0],[119.66935,-3.53383,0.0],[119.66854,-3.53003,0.0],[119.66844,-3.52589,0.0],[119.66868,-3.52403,0.0],[119.66954,-3.52198,0.0],[119.67144,-3.51922,0.0],[119.67302,-3.51745,0.0],[119.67394,-3.51555,0.0],[119.67563,-3.5126,0.0],[119.67757,-3.50691,0.0],[119.67633,-3.50596,0.0],[119.67531,-3.50464,0.0],[119.67473,-3.50077,0.0],[119.67367,-3.49823,0.0],[119.67318,-3.49677,0.0],[119.67337,-3.4952,0.0],[119.67338,-3.49424,0.0],[119.67274,-3.49326,0.0],[119.67155,-3.49192,0.0],[119.67124,-3.49085,0.0],[119.67172,-3.49064,0.0],[119.67212,-3.49019,0.0],[119.67236,-3.49008,0.0],[119.67335,-3.48995,0.0],[119.67578,-3.48937,0.0],[119.6771,-3.48847,0.0],[119.67747,-3.48837,0.0],[119.67783,-3.48838,0.0],[119.67822,-3.48852,0.0],[119.6788,-3.48904,0.0],[119.6802,-3.4897,0.0],[119.68145,-3.48965,0.0],[119.68242,-3.49014,0.0],[119.68363,-3.49007,0.0],[119.68427,-3.49032,0.0],[119.68563,-3.49061,0.0],[119.68732,-3.4911,0.0],[119.68837,-3.49119,0.0],[119.6899,-3.49102,0.0],[119.69054,-3.49057,0.0],[119.69114,-3.48991,0.0],[119.69169,-3.48947,0.0],[119.69206,-3.48933,0.0],[119.6933,-3.48914,0.0],[119.6935,-3.48895,0.0],[119.69383,-3.48807,0.0],[119.69429,-3.48746,0.0],[119.69523,-3.48662,0.0],[119.69666,-3.48597,0.0],[119.69975,-3.48561,0.0],[119.70074,-3.48504,0.0],[119.70116,-3.48461,0.0],[119.70138,-3.48396,0.0],[119.70431,-3.48176,0.0],[119.70419,-3.48139,0.0],[119.7039,-3.48109,0.0],[119.70372,-3.48025,0.0],[119.70329,-3.47986,0.0],[119.70328,-3.47933,0.0],[119.70313,-3.47891,0.0],[119.70249,-3.47798,0.0],[119.70233,-3.47746,0.0],[119.70173,-3.47679,0.0],[119.70165,-3.4765,0.0],[119.70167,-3.47603,0.0],[119.70183,-3.47585,0.0],[119.70205,-3.47578,0.0],[119.70263,-3.47573,0.0],[119.70368,-3.47581,0.0],[119.70412,-3.47566,0.0],[119.70512,-3.47466,0.0],[119.70562,-3.47372,0.0],[119.70582,-3.47356,0.0],[119.70594,-3.47322,0.0],[119.70622,-3.47284,0.0],[119.70605,-3.47271,0.0],[119.7056,-3.47263,0.0],[119.70449,-3.47117,0.0],[119.70411,-3.47089,0.0],[119.70282,-3.47085,0.0],[119.70169,-3.47097,0.0],[119.70115,-3.47095,0.0],[119.7009,-3.47086,0.0],[119.70077,-3.47064,0.0],[119.70067,-3.47006,0.0],[119.70032,-3.46957,0.0],[119.70003,-3.46941,0.0],[119.6994,-3.46939,0.0],[119.69907,-3.46916,0.0],[119.69855,-3.46858,0.0],[119.69831,-3.46779,0.0],[119.69845,-3.46726,0.0],[119.69836,-3.46691,0.0],[119.69773,-3.46656,0.0],[119.69672,-3.4663,0.0],[119.69565,-3.46503,0.0],[119.6945,-3.46441,0.0],[119.69436,-3.46404,0.0],[119.69431,-3.46341,0.0],[119.69395,-3.4629,0.0],[119.69335,-3.46269,0.0],[119.69277,-3.46218,0.0],[119.69179,-3.46185,0.0],[119.69151,-3.46149,0.0],[119.69134,-3.46141,0.0],[119.69083,-3.46135,0.0],[119.69027,-3.46143,0.0],[119.69009,-3.46136,0.0],[119.68999,-3.46104,0.0],[119.68982,-3.46086,0.0],[119.68935,-3.46083,0.0],[119.68899,-3.46059,0.0],[119.68859,-3.46053,0.0],[119.68852,-3.46035,0.0],[119.68886,-3.45692,0.0],[119.6878,-3.45541,0.0],[119.68703,-3.45407,0.0],[119.68676,-3.45337,0.0],[119.68549,-3.45099,0.0],[119.68548,-3.45066,0.0],[119.6857,-3.45006,0.0],[119.68574,-3.44952,0.0],[119.68549,-3.44896,0.0],[119.68559,-3.44598,0.0],[119.68563,-3.44581,0.0],[119.6858,-3.44568,0.0],[119.68754,-3.44552,0.0],[119.68795,-3.44585,0.0],[119.68826,-3.44656,0.0],[119.6884,-3.44665,0.0],[119.68968,-3.44676,0.0],[119.68997,-3.44691,0.0],[119.69055,-3.44742,0.0],[119.69145,-3.44772,0.0],[119.69228,-3.44849,0.0],[119.69336,-3.44835,0.0],[119.69406,-3.44803,0.0],[119.69484,-3.44744,0.0],[119.695,-3.44712,0.0],[119.69509,-3.44662,0.0],[119.69498,-3.44573,0.0],[119.69503,-3.44414,0.0],[119.69543,-3.44274,0.0],[119.69534,-3.4407,0.0],[119.69472,-3.43815,0.0],[119.69448,-3.43683,0.0],[119.69405,-3.43544,0.0],[119.69409,-3.43468,0.0],[119.6943,-3.43424,0.0],[119.69428,-3.43375,0.0],[119.69332,-3.43064,0.0],[119.6932,-3.42799,0.0],[119.69263,-3.42656,0.0],[119.69266,-3.42624,0.0],[119.69305,-3.426,0.0],[119.69346,-3.42607,0.0],[119.69429,-3.42684,0.0],[119.69492,-3.42703,0.0],[119.69599,-3.4265,0.0],[119.6966,-3.42649,0.0],[119.697,-3.42663,0.0],[119.6974,-3.4271,0.0],[119.69776,-3.42715,0.0],[119.69809,-3.42693,0.0],[119.69828,-3.42605,0.0],[119.69852,-3.42613,0.0],[119.69893,-3.4268,0.0],[119.69911,-3.42685,0.0],[119.69944,-3.42676,0.0],[119.69983,-3.42646,0.0],[119.7004,-3.42519,0.0],[119.70075,-3.42478,0.0],[119.70109,-3.42464,0.0],[119.702,-3.42475,0.0],[119.70188,-3.42386,0.0],[119.70162,-3.42352,0.0],[119.70124,-3.42318,0.0],[119.70084,-3.42311,0.0],[119.7002,-3.42339,0.0],[119.69954,-3.42404,0.0],[119.69904,-3.42412,0.0],[119.69849,-3.42369,0.0],[119.69815,-3.42324,0.0],[119.69788,-3.42268,0.0],[119.69779,-3.42151,0.0],[119.69786,-3.42091,0.0],[119.69829,-3.4197,0.0],[119.69846,-3.41869,0.0],[119.69851,-3.41813,0.0],[119.69845,-3.41755,0.0],[119.69853,-3.41682,0.0],[119.69841,-3.41606,0.0],[119.69759,-3.41501,0.0],[119.69685,-3.41355,0.0],[119.69646,-3.41039,0.0],[119.69631,-3.40989,0.0],[119.69623,-3.40825,0.0],[119.69633,-3.40639,0.0],[119.69661,-3.40559,0.0],[119.69685,-3.40533,0.0],[119.6971,-3.40485,0.0],[119.69725,-3.40426,0.0],[119.69724,-3.40381,0.0],[119.69717,-3.40351,0.0],[119.69691,-3.40311,0.0],[119.69629,-3.40159,0.0],[119.69598,-3.40066,0.0],[119.6959,-3.40014,0.0],[119.69596,-3.39941,0.0],[119.69577,-3.39778,0.0],[119.69536,-3.39614,0.0],[119.69481,-3.39529,0.0],[119.6947,-3.39468,0.0],[119.69479,-3.39338,0.0],[119.69557,-3.39086,0.0],[119.69589,-3.38924,0.0],[119.69604,-3.38776,0.0],[119.69632,-3.38722,0.0],[119.69692,-3.38665,0.0],[119.69622,-3.38617,0.0],[119.69582,-3.38566,0.0],[119.69542,-3.38532,0.0],[119.69415,-3.3848,0.0],[119.69285,-3.38432,0.0],[119.69251,-3.3843,0.0],[119.69177,-3.38443,0.0],[119.69057,-3.38403,0.0],[119.68992,-3.38399,0.0],[119.68893,-3.3846,0.0],[119.68873,-3.38483,0.0],[119.68856,-3.38515,0.0],[119.68843,-3.38571,0.0],[119.68805,-3.38631,0.0],[119.68738,-3.38649,0.0],[119.68682,-3.38689,0.0],[119.68651,-3.38727,0.0],[119.68621,-3.38732,0.0],[119.68604,-3.38782,0.0],[119.68567,-3.38803,0.0],[119.68497,-3.38891,0.0],[119.68418,-3.38956,0.0],[119.68333,-3.38842,0.0],[119.68107,-3.38472,0.0],[119.67842,-3.37836,0.0],[119.67484,-3.37474,0.0],[119.67111,-3.37161,0.0],[119.6682,-3.36886,0.0],[119.66775,-3.36822,0.0],[119.66724,-3.3681,0.0],[119.66475,-3.36811,0.0],[119.66056,-3.36835,0.0],[119.65981,-3.36832,0.0],[119.65944,-3.36828,0.0],[119.65779,-3.36762,0.0],[119.65527,-3.36726,0.0],[119.65463,-3.36674,0.0],[119.65294,-3.36418,0.0],[119.65206,-3.36342,0.0],[119.6516,-3.36321,0.0],[119.6513,-3.36291,0.0],[119.65113,-3.36258,0.0],[119.65119,-3.36238,0.0],[119.65148,-3.36184,0.0],[119.65212,-3.36104,0.0],[119.65235,-3.36038,0.0],[119.6525,-3.35958,0.0],[119.6525,-3.35568,0.0],[119.65278,-3.35426,0.0],[119.65267,-3.35346,0.0],[119.6527,-3.35252,0.0],[119.65312,-3.35023,0.0],[119.65306,-3.34938,0.0],[119.65338,-3.34821,0.0],[119.65325,-3.34773,0.0],[119.65281,-3.34724,0.0],[119.65273,-3.34667,0.0],[119.65308,-3.346,0.0],[119.65384,-3.34531,0.0],[119.65435,-3.3434,0.0],[119.65434,-3.34294,0.0],[119.65422,-3.34264,0.0],[119.65391,-3.34246,0.0],[119.65339,-3.34231,0.0],[119.65243,-3.34075,0.0],[119.65071,-3.33962,0.0],[119.64981,-3.33929,0.0],[119.64859,-3.33903,0.0],[119.64562,-3.33728,0.0],[119.6453,-3.33704,0.0],[119.64474,-3.33641,0.0],[119.64396,-3.33591,0.0],[119.64332,-3.33568,0.0],[119.64294,-3.33564,0.0],[119.64263,-3.33545,0.0],[119.64291,-3.33413,0.0],[119.64363,-3.33234,0.0],[119.64429,-3.33168,0.0],[119.64567,-3.33112,0.0],[119.64746,-3.33103,0.0],[119.64789,-3.33089,0.0],[119.64856,-3.33041,0.0],[119.64867,-3.3301,0.0],[119.64841,-3.32972,0.0],[119.64781,-3.328,0.0],[119.64804,-3.32709,0.0],[119.64781,-3.3262,0.0],[119.64785,-3.32516,0.0],[119.64738,-3.32375,0.0],[119.6458,-3.32189,0.0],[119.64363,-3.31987,0.0],[119.64183,-3.31839,0.0],[119.63832,-3.3165,0.0],[119.63665,-3.31552,0.0],[119.63571,-3.3148,0.0],[119.6353,-3.31458,0.0],[119.63402,-3.31433,0.0],[119.63242,-3.31428,0.0],[119.63153,-3.31362,0.0],[119.63088,-3.31261,0.0],[119.63017,-3.31093,0.0],[119.62985,-3.31054,0.0],[119.62949,-3.31022,0.0],[119.62835,-3.30987,0.0],[119.62793,-3.30957,0.0],[119.62723,-3.30724,0.0],[119.627,-3.3067,0.0],[119.62565,-3.30582,0.0],[119.6251,-3.3051,0.0],[119.62391,-3.3042,0.0],[119.62288,-3.30391,0.0],[119.62194,-3.30341,0.0],[119.62047,-3.30213,0.0],[119.62031,-3.30174,0.0],[119.62026,-3.3013,0.0],[119.61951,-3.30018,0.0],[119.61903,-3.2991,0.0],[119.61901,-3.29882,0.0],[119.61935,-3.29814,0.0],[119.61979,-3.29766,0.0],[119.61992,-3.29708,0.0],[119.61772,-3.29438,0.0],[119.61734,-3.29326,0.0],[119.61693,-3.29251,0.0],[119.61611,-3.28965,0.0],[119.61605,-3.28827,0.0],[119.61623,-3.28754,0.0],[119.61586,-3.28697,0.0],[119.61549,-3.2868,0.0],[119.61504,-3.28683,0.0],[119.6137,-3.28736,0.0],[119.61336,-3.28741,0.0],[119.6128,-3.28713,0.0],[119.61196,-3.28712,0.0],[119.61137,-3.28682,0.0],[119.61076,-3.28676,0.0],[119.60985,-3.28601,0.0],[119.60956,-3.28589,0.0],[119.60923,-3.28593,0.0],[119.60834,-3.28641,0.0],[119.60804,-3.28645,0.0],[119.60779,-3.28639,0.0],[119.60655,-3.28539,0.0],[119.60635,-3.28534,0.0],[119.60596,-3.28551,0.0],[119.60572,-3.2855,0.0],[119.60476,-3.28511,0.0],[119.60454,-3.28487,0.0],[119.60443,-3.28454,0.0],[119.60443,-3.28421,0.0],[119.60461,-3.28355,0.0],[119.60443,-3.28299,0.0],[119.60335,-3.28237,0.0],[119.60258,-3.28222,0.0],[119.6023,-3.28228,0.0],[119.60195,-3.28252,0.0],[119.6013,-3.28337,0.0],[119.60115,-3.28344,0.0],[119.60015,-3.28351,0.0],[119.59921,-3.28414,0.0],[119.59844,-3.2844,0.0],[119.59763,-3.28513,0.0],[119.59729,-3.28505,0.0],[119.59664,-3.28427,0.0],[119.59631,-3.28406,0.0],[119.59594,-3.28404,0.0],[119.59534,-3.28428,0.0],[119.59486,-3.28433,0.0],[119.59382,-3.28527,0.0],[119.59352,-3.28605,0.0],[119.59297,-3.28656,0.0],[119.59254,-3.28672,0.0],[119.59162,-3.28684,0.0],[119.59069,-3.28731,0.0],[119.59005,-3.28753,0.0],[119.58871,-3.28773,0.0],[119.58796,-3.28756,0.0],[119.58701,-3.28815,0.0],[119.58642,-3.28823,0.0],[119.58592,-3.28807,0.0],[119.58519,-3.28711,0.0],[119.58485,-3.28701,0.0],[119.58468,-3.28706,0.0],[119.58393,-3.2876,0.0],[119.58303,-3.28765,0.0],[119.58253,-3.2878,0.0],[119.58197,-3.28824,0.0],[119.58165,-3.2884,0.0],[119.58099,-3.28842,0.0],[119.58022,-3.28826,0.0],[119.57971,-3.2883,0.0],[119.57893,-3.2877,0.0],[119.57857,-3.28753,0.0],[119.57725,-3.28746,0.0],[119.577,-3.28738,0.0],[119.57606,-3.28661,0.0],[119.57472,-3.28655,0.0],[119.57381,-3.28598,0.0],[119.57343,-3.28592,0.0],[119.57231,-3.28594,0.0],[119.57168,-3.2857,0.0],[119.5711,-3.28438,0.0],[119.56989,-3.28244,0.0],[119.56977,-3.28211,0.0],[119.56979,-3.28177,0.0],[119.56925,-3.28044,0.0],[119.56921,-3.27955,0.0],[119.5696,-3.27849,0.0],[119.5696,-3.27818,0.0],[119.56951,-3.27808,0.0],[119.56926,-3.27803,0.0],[119.56865,-3.27826,0.0],[119.56821,-3.27827,0.0],[119.56795,-3.27812,0.0],[119.56781,-3.27786,0.0],[119.56791,-3.27731,0.0],[119.56833,-3.27664,0.0],[119.56825,-3.27634,0.0],[119.56802,-3.27617,0.0],[119.56782,-3.27618,0.0],[119.56721,-3.27687,0.0],[119.56703,-3.27695,0.0],[119.56681,-3.2769,0.0],[119.56664,-3.27668,0.0],[119.56637,-3.27596,0.0],[119.56606,-3.27565,0.0],[119.56469,-3.27518,0.0],[119.56418,-3.27483,0.0],[119.56398,-3.27438,0.0],[119.56392,-3.27355,0.0],[119.56378,-3.27332,0.0],[119.56346,-3.2733,0.0],[119.56297,-3.27366,0.0],[119.56269,-3.27377,0.0],[119.56234,-3.27375,0.0],[119.5622,-3.27366,0.0],[119.56155,-3.27246,0.0],[119.56035,-3.27092,0.0],[119.55997,-3.27057,0.0]]]},"properties":{"OBJECTID":5904,"NAMOBJ":"Lembang","WADMKC":"Lembang","KDCPUM":"73.15.07","WADMKK":"Pinrang","WADMPR":"Sulawesi Selatan","LUASWH":692.431721818185,"TIPADM":3}},{"type":"Feature","id":5905,"geometry":{"type":"Polygon","coordinates":[[[119.56628,-3.70645,0.0],[119.56465,-3.70544,0.0],[119.56384,-3.70466,0.0],[119.56335,-3.70405,0.0],[119.56295,-3.70307,0.0],[119.56277,-3.70198,0.0],[119.56272,-3.70027,0.0],[119.56283,-3.69843,0.0],[119.56272,-3.69691,0.0],[119.56256,-3.69597,0.0],[119.56222,-3.69523,0.0],[119.56171,-3.69459,0.0],[119.56102,-3.69422,0.0],[119.55976,-3.69372,0.0],[119.55878,-3.69354,0.0],[119.55762,-3.69354,0.0],[119.55617,-3.69384,0.0],[119.55513,-3.69455,0.0],[119.55394,-3.69548,0.0],[119.55204,-3.69755,0.0],[119.55131,-3.69882,0.0],[119.5506,-3.70179,0.0],[119.55029,-3.70368,0.0],[119.54961,-3.70553,0.0],[119.54877,-3.70691,0.0],[119.54767,-3.70802,0.0],[119.54676,-3.70857,0.0],[119.5451,-3.70929,0.0],[119.54377,-3.71026,0.0],[119.54209,-3.71259,0.0],[119.54119,-3.71419,0.0],[119.5404,-3.71717,0.0],[119.54037,-3.72025,0.0],[119.54065,-3.72308,0.0],[119.54064,-3.72426,0.0],[119.54043,-3.72508,0.0],[119.53994,-3.72587,0.0],[119.5385,-3.72732,0.0],[119.53723,-3.72802,0.0],[119.53622,-3.72836,0.0],[119.53488,-3.72841,0.0],[119.5337,-3.72822,0.0],[119.53246,-3.72771,0.0],[119.53108,-3.7267,0.0],[119.5286,-3.72446,0.0],[119.52638,-3.72136,0.0],[119.52447,-3.71927,0.0],[119.52222,-3.71706,0.0],[119.52025,-3.71554,0.0],[119.5175,-3.7136,0.0],[119.51562,-3.71192,0.0],[119.51403,-3.71021,0.0],[119.51278,-3.70903,0.0],[119.51108,-3.70777,0.0],[119.50886,-3.70685,0.0],[119.50657,-3.70628,0.0],[119.50395,-3.70521,0.0],[119.50062,-3.70332,0.0],[119.49843,-3.7027,0.0],[119.49324,-3.7008,0.0],[119.49155,-3.70004,0.0],[119.49072,-3.69987,0.0],[119.48927,-3.70008,0.0],[119.48779,-3.7008,0.0],[119.48698,-3.70199,0.0],[119.48634,-3.70315,0.0],[119.48613,-3.70399,0.0],[119.48629,-3.70489,0.0],[119.48732,-3.70632,0.0],[119.48932,-3.7081,0.0],[119.49043,-3.70934,0.0],[119.4906,-3.70989,0.0],[119.49065,-3.71067,0.0],[119.49046,-3.71131,0.0],[119.48986,-3.71184,0.0],[119.48932,-3.71208,0.0],[119.48846,-3.71217,0.0],[119.48753,-3.71179,0.0],[119.48656,-3.7106,0.0],[119.4851,-3.70717,0.0],[119.48465,-3.70675,0.0],[119.48277,-3.70627,0.0],[119.48136,-3.70634,0.0],[119.48071,-3.70731,0.0],[119.47987,-3.70926,0.0],[119.47547,-3.70843,0.0],[119.47437,-3.70836,0.0],[119.47183,-3.70913,0.0],[119.47091,-3.70918,0.0],[119.46983,-3.70906,0.0],[119.46921,-3.70884,0.0],[119.46871,-3.70879,0.0],[119.46722,-3.70894,0.0],[119.46706,-3.70969,0.0],[119.4662,-3.71022,0.0],[119.4646,-3.71151,0.0],[119.46363,-3.71211,0.0],[119.46247,-3.71237,0.0],[119.46184,-3.7124,0.0],[119.46043,-3.71296,0.0],[119.4601,-3.71277,0.0],[119.45992,-3.71162,0.0],[119.45824,-3.71194,0.0],[119.45852,-3.71271,0.0],[119.45761,-3.71309,0.0],[119.45676,-3.71376,0.0],[119.4558,-3.71289,0.0],[119.45518,-3.71315,0.0],[119.45477,-3.71286,0.0],[119.45414,-3.71256,0.0],[119.45408,-3.71268,0.0],[119.45365,-3.7128,0.0],[119.4537,-3.71298,0.0],[119.45404,-3.71304,0.0],[119.45402,-3.71336,0.0],[119.45388,-3.71358,0.0],[119.4539,-3.71374,0.0],[119.45473,-3.71527,0.0],[119.45526,-3.71597,0.0],[119.45524,-3.71684,0.0],[119.45533,-3.71683,0.0],[119.45537,-3.71632,0.0],[119.45586,-3.71743,0.0],[119.45643,-3.7184,0.0],[119.45707,-3.71976,0.0],[119.45741,-3.72018,0.0],[119.45811,-3.72153,0.0],[119.45909,-3.72294,0.0],[119.45931,-3.72311,0.0],[119.46078,-3.72535,0.0],[119.46195,-3.72674,0.0],[119.46216,-3.72686,0.0],[119.46228,-3.72711,0.0],[119.46303,-3.7279,0.0],[119.46361,-3.72868,0.0],[119.46448,-3.72949,0.0],[119.46469,-3.7299,0.0],[119.46506,-3.7302,0.0],[119.46532,-3.73026,0.0],[119.46539,-3.73074,0.0],[119.46549,-3.73095,0.0],[119.46632,-3.73181,0.0],[119.46667,-3.73242,0.0],[119.46697,-3.73259,0.0],[119.46924,-3.73593,0.0],[119.4706,-3.73745,0.0],[119.47102,-3.73812,0.0],[119.47109,-3.73841,0.0],[119.47153,-3.73879,0.0],[119.47226,-3.73974,0.0],[119.47262,-3.74009,0.0],[119.47309,-3.74085,0.0],[119.47357,-3.74112,0.0],[119.47379,-3.7408,0.0],[119.47434,-3.74079,0.0],[119.47466,-3.74057,0.0],[119.47514,-3.74101,0.0],[119.47507,-3.7413,0.0],[119.47525,-3.74196,0.0],[119.47518,-3.74203,0.0],[119.47522,-3.74231,0.0],[119.47553,-3.74271,0.0],[119.47582,-3.74291,0.0],[119.47602,-3.74331,0.0],[119.47651,-3.7439,0.0],[119.47698,-3.74429,0.0],[119.47801,-3.74574,0.0],[119.47858,-3.7464,0.0],[119.47884,-3.74695,0.0],[119.47926,-3.74749,0.0],[119.47984,-3.74849,0.0],[119.4808,-3.75031,0.0],[119.48164,-3.75205,0.0],[119.4817,-3.75238,0.0],[119.48275,-3.7546,0.0],[119.48363,-3.75678,0.0],[119.48404,-3.75803,0.0],[119.48392,-3.75821,0.0],[119.48424,-3.75812,0.0],[119.48436,-3.75832,0.0],[119.48525,-3.7573,0.0],[119.48577,-3.75655,0.0],[119.48626,-3.75622,0.0],[119.48781,-3.75544,0.0],[119.48864,-3.75448,0.0],[119.48871,-3.7536,0.0],[119.48884,-3.75356,0.0],[119.4898,-3.75392,0.0],[119.49006,-3.75412,0.0],[119.49026,-3.75444,0.0],[119.49057,-3.75455,0.0],[119.49092,-3.75446,0.0],[119.49112,-3.75411,0.0],[119.49134,-3.75391,0.0],[119.49184,-3.75397,0.0],[119.49212,-3.75389,0.0],[119.49279,-3.75262,0.0],[119.49325,-3.75218,0.0],[119.49346,-3.75145,0.0],[119.49375,-3.75148,0.0],[119.49432,-3.75188,0.0],[119.49539,-3.75188,0.0],[119.49617,-3.75252,0.0],[119.49698,-3.75266,0.0],[119.49729,-3.75226,0.0],[119.49838,-3.75135,0.0],[119.49911,-3.75096,0.0],[119.50064,-3.75057,0.0],[119.50243,-3.75058,0.0],[119.50261,-3.75065,0.0],[119.50298,-3.75132,0.0],[119.50369,-3.75192,0.0],[119.50379,-3.75214,0.0],[119.50378,-3.75245,0.0],[119.50353,-3.75301,0.0],[119.50362,-3.75321,0.0],[119.50386,-3.7534,0.0],[119.50405,-3.7534,0.0],[119.5046,-3.75298,0.0],[119.50544,-3.75289,0.0],[119.50584,-3.75318,0.0],[119.50643,-3.75301,0.0],[119.50667,-3.75343,0.0],[119.5068,-3.75356,0.0],[119.50696,-3.75357,0.0],[119.50725,-3.7534,0.0],[119.50734,-3.7528,0.0],[119.50769,-3.75262,0.0],[119.5079,-3.75212,0.0],[119.50817,-3.75209,0.0],[119.50949,-3.75289,0.0],[119.50986,-3.75327,0.0],[119.51026,-3.75342,0.0],[119.51037,-3.75421,0.0],[119.51056,-3.75436,0.0],[119.51087,-3.75431,0.0],[119.51112,-3.75411,0.0],[119.51156,-3.75402,0.0],[119.51248,-3.75411,0.0],[119.51326,-3.75399,0.0],[119.51663,-3.75406,0.0],[119.51927,-3.75472,0.0],[119.52099,-3.75564,0.0],[119.52397,-3.7559,0.0],[119.52746,-3.75766,0.0],[119.52905,-3.75835,0.0],[119.53275,-3.75881,0.0],[119.53317,-3.75842,0.0],[119.53346,-3.75843,0.0],[119.5355,-3.7595,0.0],[119.53702,-3.76058,0.0],[119.5385,-3.76095,0.0],[119.53944,-3.76094,0.0],[119.5393,-3.76135,0.0],[119.54164,-3.76241,0.0],[119.54124,-3.76333,0.0],[119.54355,-3.76455,0.0],[119.54424,-3.76475,0.0],[119.54529,-3.76525,0.0],[119.5472,-3.76597,0.0],[119.54897,-3.76678,0.0],[119.54905,-3.76659,0.0],[119.54992,-3.76699,0.0],[119.54984,-3.76719,0.0],[119.55212,-3.76826,0.0],[119.55232,-3.76782,0.0],[119.55309,-3.76814,0.0],[119.5533,-3.76763,0.0],[119.55379,-3.76783,0.0],[119.55459,-3.76703,0.0],[119.55671,-3.7645,0.0],[119.55776,-3.76493,0.0],[119.5582,-3.76395,0.0],[119.55866,-3.76416,0.0],[119.55875,-3.764,0.0],[119.55926,-3.76426,0.0],[119.55935,-3.76406,0.0],[119.5616,-3.76494,0.0],[119.5618,-3.76457,0.0],[119.56253,-3.76497,0.0],[119.56268,-3.76466,0.0],[119.56282,-3.76473,0.0],[119.56306,-3.7643,0.0],[119.56438,-3.7649,0.0],[119.56526,-3.76355,0.0],[119.56569,-3.76376,0.0],[119.56531,-3.76444,0.0],[119.56656,-3.76502,0.0],[119.56671,-3.76474,0.0],[119.56841,-3.76535,0.0],[119.56845,-3.7652,0.0],[119.56898,-3.76536,0.0],[119.56894,-3.76554,0.0],[119.57043,-3.76602,0.0],[119.57029,-3.76634,0.0],[119.57096,-3.76661,0.0],[119.57103,-3.76648,0.0],[119.57095,-3.76635,0.0],[119.571,-3.76616,0.0],[119.57288,-3.76664,0.0],[119.57315,-3.76674,0.0],[119.57311,-3.76688,0.0],[119.57387,-3.76721,0.0],[119.5772,-3.75694,0.0],[119.57778,-3.7571,0.0],[119.57795,-3.7566,0.0],[119.57824,-3.75668,0.0],[119.57833,-3.75607,0.0],[119.57819,-3.75602,0.0],[119.5787,-3.755,0.0],[119.57922,-3.75509,0.0],[119.57936,-3.75497,0.0],[119.57943,-3.755,0.0],[119.5798,-3.75452,0.0],[119.5804,-3.75496,0.0],[119.58065,-3.75461,0.0],[119.58113,-3.75492,0.0],[119.58167,-3.75386,0.0],[119.58271,-3.7542,0.0],[119.58355,-3.75229,0.0],[119.58364,-3.75233,0.0],[119.58405,-3.7517,0.0],[119.58449,-3.75183,0.0],[119.58469,-3.75156,0.0],[119.58494,-3.75165,0.0],[119.58548,-3.7507,0.0],[119.58605,-3.75085,0.0],[119.58663,-3.74983,0.0],[119.58855,-3.75073,0.0],[119.58845,-3.75102,0.0],[119.58886,-3.75124,0.0],[119.58871,-3.75165,0.0],[119.591,-3.75274,0.0],[119.59122,-3.75213,0.0],[119.59211,-3.7525,0.0],[119.59299,-3.75069,0.0],[119.59435,-3.7514,0.0],[119.59503,-3.75022,0.0],[119.59557,-3.75049,0.0],[119.5958,-3.75,0.0],[119.59601,-3.75013,0.0],[119.59619,-3.74978,0.0],[119.5986,-3.75096,0.0],[119.59905,-3.75007,0.0],[119.60024,-3.7506,0.0],[119.60121,-3.74867,0.0],[119.60183,-3.74893,0.0],[119.60181,-3.74899,0.0],[119.6026,-3.74939,0.0],[119.60341,-3.74973,0.0],[119.6032,-3.75043,0.0],[119.60259,-3.75033,0.0],[119.60252,-3.75045,0.0],[119.60333,-3.75097,0.0],[119.60353,-3.75094,0.0],[119.60418,-3.75125,0.0],[119.60432,-3.75119,0.0],[119.60455,-3.75132,0.0],[119.60483,-3.75093,0.0],[119.60419,-3.75068,0.0],[119.60455,-3.74996,0.0],[119.60468,-3.74996,0.0],[119.60502,-3.7495,0.0],[119.60512,-3.74914,0.0],[119.60504,-3.74884,0.0],[119.60517,-3.74884,0.0],[119.60511,-3.7482,0.0],[119.6055,-3.74832,0.0],[119.6058,-3.74702,0.0],[119.60644,-3.7472,0.0],[119.60661,-3.74666,0.0],[119.60676,-3.74671,0.0],[119.60732,-3.74524,0.0],[119.60696,-3.74504,0.0],[119.6075,-3.74381,0.0],[119.60732,-3.74372,0.0],[119.60782,-3.74261,0.0],[119.60774,-3.74258,0.0],[119.60798,-3.74201,0.0],[119.60872,-3.74217,0.0],[119.60806,-3.74049,0.0],[119.60863,-3.7407,0.0],[119.60863,-3.74088,0.0],[119.60979,-3.74148,0.0],[119.6102,-3.74017,0.0],[119.60973,-3.73995,0.0],[119.61016,-3.73901,0.0],[119.61042,-3.7386,0.0],[119.61054,-3.73865,0.0],[119.61163,-3.73655,0.0],[119.61191,-3.73671,0.0],[119.61202,-3.73646,0.0],[119.61227,-3.73633,0.0],[119.61234,-3.73642,0.0],[119.61219,-3.73672,0.0],[119.61236,-3.73713,0.0],[119.61332,-3.737,0.0],[119.61355,-3.7369,0.0],[119.61392,-3.73652,0.0],[119.61412,-3.73656,0.0],[119.61462,-3.73687,0.0],[119.61491,-3.73812,0.0],[119.61499,-3.73815,0.0],[119.61528,-3.73773,0.0],[119.61549,-3.73771,0.0],[119.61592,-3.73722,0.0],[119.61632,-3.73714,0.0],[119.61672,-3.73719,0.0],[119.6174,-3.73665,0.0],[119.61746,-3.73649,0.0],[119.61571,-3.73551,0.0],[119.61602,-3.73504,0.0],[119.61596,-3.73501,0.0],[119.61642,-3.73455,0.0],[119.61696,-3.73376,0.0],[119.61584,-3.73315,0.0],[119.61644,-3.73231,0.0],[119.61612,-3.73195,0.0],[119.61593,-3.73154,0.0],[119.61564,-3.73143,0.0],[119.61528,-3.73111,0.0],[119.61474,-3.73098,0.0],[119.61427,-3.73059,0.0],[119.61431,-3.73025,0.0],[119.6141,-3.73007,0.0],[119.61427,-3.72949,0.0],[119.61427,-3.72891,0.0],[119.6145,-3.72883,0.0],[119.61425,-3.72842,0.0],[119.61397,-3.72831,0.0],[119.61422,-3.72765,0.0],[119.61322,-3.72734,0.0],[119.61333,-3.72692,0.0],[119.61377,-3.72707,0.0],[119.61393,-3.72663,0.0],[119.61349,-3.72649,0.0],[119.61372,-3.72575,0.0],[119.61453,-3.72605,0.0],[119.61483,-3.72518,0.0],[119.61552,-3.72363,0.0],[119.61582,-3.72375,0.0],[119.61618,-3.72258,0.0],[119.61687,-3.72284,0.0],[119.61732,-3.7213,0.0],[119.61715,-3.72113,0.0],[119.61562,-3.72071,0.0],[119.61465,-3.72074,0.0],[119.61414,-3.72128,0.0],[119.6137,-3.72143,0.0],[119.61331,-3.72137,0.0],[119.61259,-3.72099,0.0],[119.61223,-3.72098,0.0],[119.61189,-3.72086,0.0],[119.61137,-3.72094,0.0],[119.61257,-3.71716,0.0],[119.61242,-3.7171,0.0],[119.61259,-3.71649,0.0],[119.61248,-3.71644,0.0],[119.61336,-3.71411,0.0],[119.61391,-3.71427,0.0],[119.61421,-3.71323,0.0],[119.61475,-3.71343,0.0],[119.61517,-3.71171,0.0],[119.61504,-3.71169,0.0],[119.6155,-3.71013,0.0],[119.61573,-3.7088,0.0],[119.616,-3.70884,0.0],[119.61631,-3.708,0.0],[119.61665,-3.70808,0.0],[119.6169,-3.70721,0.0],[119.6172,-3.70727,0.0],[119.61747,-3.70645,0.0],[119.61786,-3.70659,0.0],[119.61819,-3.70573,0.0],[119.61823,-3.70496,0.0],[119.61854,-3.70492,0.0],[119.61861,-3.70394,0.0],[119.61922,-3.7041,0.0],[119.61933,-3.70303,0.0],[119.61954,-3.70302,0.0],[119.61985,-3.70024,0.0],[119.61964,-3.70017,0.0],[119.61814,-3.7002,0.0],[119.61662,-3.7005,0.0],[119.61195,-3.70193,0.0],[119.60926,-3.70263,0.0],[119.60568,-3.7042,0.0],[119.60403,-3.70519,0.0],[119.6028,-3.70607,0.0],[119.60188,-3.70729,0.0],[119.60125,-3.7089,0.0],[119.60016,-3.7112,0.0],[119.59928,-3.7136,0.0],[119.59845,-3.7154,0.0],[119.59768,-3.71637,0.0],[119.59672,-3.71725,0.0],[119.5958,-3.71774,0.0],[119.5946,-3.71818,0.0],[119.59311,-3.71827,0.0],[119.59188,-3.71819,0.0],[119.59109,-3.71791,0.0],[119.59057,-3.7173,0.0],[119.58962,-3.71544,0.0],[119.58954,-3.71462,0.0],[119.58912,-3.71265,0.0],[119.58774,-3.71201,0.0],[119.58558,-3.71054,0.0],[119.58385,-3.70889,0.0],[119.58164,-3.70622,0.0],[119.58077,-3.7048,0.0],[119.57914,-3.6995,0.0],[119.57853,-3.69834,0.0],[119.5779,-3.69743,0.0],[119.57714,-3.69697,0.0],[119.57655,-3.69676,0.0],[119.57504,-3.69646,0.0],[119.57366,-3.69655,0.0],[119.57295,-3.6969,0.0],[119.57256,-3.69766,0.0],[119.57209,-3.69901,0.0],[119.57176,-3.70079,0.0],[119.5716,-3.70342,0.0],[119.57122,-3.70499,0.0],[119.57084,-3.70556,0.0],[119.56992,-3.70606,0.0],[119.56893,-3.70639,0.0],[119.56753,-3.70669,0.0],[119.56628,-3.70645,0.0]]]},"properties":{"OBJECTID":5905,"NAMOBJ":"Cempa","WADMKC":"Cempa","KDCPUM":"73.15.08","WADMKK":"Pinrang","WADMPR":"Sulawesi Selatan","LUASWH":86.279953196616205,"TIPADM":3}},{"type":"Feature","id":5906,"geometry":{"type":"Polygon","coordinates":[[[119.7358,-3.75978,0.0],[119.7242,-3.75823,0.0],[119.72371,-3.75802,0.0],[119.72335,-3.75769,0.0],[119.71926,-3.75318,0.0],[119.71736,-3.75414,0.0],[119.71539,-3.75599,0.0],[119.71513,-3.75649,0.0],[119.71509,-3.75795,0.0],[119.71545,-3.75882,0.0],[119.71567,-3.75898,0.0],[119.71579,-3.75919,0.0],[119.71584,-3.75958,0.0],[119.71571,-3.76008,0.0],[119.71543,-3.7604,0.0],[119.71473,-3.76078,0.0],[119.71443,-3.76176,0.0],[119.71341,-3.76283,0.0],[119.71289,-3.76304,0.0],[119.71241,-3.7629,0.0],[119.71202,-3.76304,0.0],[119.71201,-3.76379,0.0],[119.71192,-3.76394,0.0],[119.7116,-3.76408,0.0],[119.71141,-3.76426,0.0],[119.71145,-3.76454,0.0],[119.71159,-3.76474,0.0],[119.71156,-3.76488,0.0],[119.71095,-3.76539,0.0],[119.71048,-3.76605,0.0],[119.71035,-3.76612,0.0],[119.70982,-3.76593,0.0],[119.70968,-3.76601,0.0],[119.70938,-3.76638,0.0],[119.70902,-3.76746,0.0],[119.70905,-3.76787,0.0],[119.70954,-3.76825,0.0],[119.70968,-3.76848,0.0],[119.70962,-3.76877,0.0],[119.70915,-3.76948,0.0],[119.70909,-3.76995,0.0],[119.70881,-3.77045,0.0],[119.70902,-3.77177,0.0],[119.70946,-3.77224,0.0],[119.70995,-3.77337,0.0],[119.71049,-3.77412,0.0],[119.71082,-3.77489,0.0],[119.71109,-3.77515,0.0],[119.71178,-3.77555,0.0],[119.7119,-3.77575,0.0],[119.71189,-3.77613,0.0],[119.71168,-3.77642,0.0],[119.71126,-3.77676,0.0],[119.71047,-3.77716,0.0],[119.71036,-3.77731,0.0],[119.7102,-3.77893,0.0],[119.71026,-3.77939,0.0],[119.71053,-3.77999,0.0],[119.71061,-3.78061,0.0],[119.71025,-3.7806,0.0],[119.70901,-3.78027,0.0],[119.7077,-3.78011,0.0],[119.70403,-3.78018,0.0],[119.7034,-3.78009,0.0],[119.70284,-3.77949,0.0],[119.702,-3.77932,0.0],[119.70062,-3.77953,0.0],[119.69528,-3.77802,0.0],[119.69238,-3.77796,0.0],[119.68893,-3.77764,0.0],[119.68042,-3.77843,0.0],[119.67969,-3.77827,0.0],[119.67938,-3.77904,0.0],[119.67937,-3.77926,0.0],[119.67954,-3.77948,0.0],[119.67942,-3.77975,0.0],[119.67926,-3.78061,0.0],[119.67931,-3.78088,0.0],[119.67908,-3.78165,0.0],[119.67911,-3.78175,0.0],[119.67925,-3.78183,0.0],[119.67924,-3.78199,0.0],[119.67828,-3.78482,0.0],[119.67826,-3.78505,0.0],[119.6784,-3.78527,0.0],[119.6781,-3.78601,0.0],[119.67768,-3.78783,0.0],[119.67776,-3.78792,0.0],[119.67851,-3.78813,0.0],[119.6784,-3.78886,0.0],[119.67849,-3.78919,0.0],[119.67817,-3.79018,0.0],[119.67805,-3.79119,0.0],[119.67828,-3.79135,0.0],[119.67906,-3.79154,0.0],[119.67925,-3.79173,0.0],[119.67891,-3.79372,0.0],[119.6789,-3.79415,0.0],[119.67904,-3.7943,0.0],[119.67988,-3.79443,0.0],[119.68004,-3.79466,0.0],[119.68123,-3.79518,0.0],[119.68103,-3.79623,0.0],[119.68138,-3.79648,0.0],[119.68174,-3.7998,0.0],[119.68189,-3.80024,0.0],[119.68093,-3.80357,0.0],[119.68086,-3.80445,0.0],[119.68096,-3.80469,0.0],[119.68031,-3.80615,0.0],[119.6799,-3.80734,0.0],[119.68039,-3.80942,0.0],[119.68072,-3.81044,0.0],[119.68124,-3.81077,0.0],[119.68194,-3.81155,0.0],[119.68324,-3.81275,0.0],[119.68341,-3.81286,0.0],[119.68397,-3.81295,0.0],[119.68482,-3.81355,0.0],[119.68498,-3.81374,0.0],[119.68453,-3.81433,0.0],[119.68442,-3.81459,0.0],[119.68438,-3.81685,0.0],[119.68403,-3.81873,0.0],[119.68337,-3.82013,0.0],[119.68305,-3.8204,0.0],[119.68237,-3.82138,0.0],[119.68207,-3.82256,0.0],[119.68183,-3.82251,0.0],[119.68171,-3.82333,0.0],[119.68114,-3.8258,0.0],[119.68111,-3.82711,0.0],[119.68104,-3.82743,0.0],[119.6808,-3.82799,0.0],[119.67999,-3.82942,0.0],[119.67924,-3.83234,0.0],[119.67926,-3.83245,0.0],[119.67957,-3.83263,0.0],[119.68164,-3.83371,0.0],[119.68179,-3.83412,0.0],[119.68191,-3.83505,0.0],[119.6814,-3.83642,0.0],[119.68053,-3.83742,0.0],[119.68049,-3.8389,0.0],[119.68006,-3.84031,0.0],[119.68024,-3.84255,0.0],[119.67999,-3.84546,0.0],[119.67977,-3.84695,0.0],[119.67975,-3.84808,0.0],[119.68004,-3.84951,0.0],[119.68004,-3.84988,0.0],[119.67966,-3.85195,0.0],[119.67952,-3.85403,0.0],[119.67986,-3.85805,0.0],[119.67966,-3.85908,0.0],[119.67922,-3.86008,0.0],[119.67915,-3.86157,0.0],[119.67945,-3.86245,0.0],[119.67971,-3.86276,0.0],[119.68014,-3.86302,0.0],[119.68039,-3.86316,0.0],[119.68161,-3.8624,0.0],[119.68187,-3.86232,0.0],[119.68243,-3.86227,0.0],[119.68322,-3.86238,0.0],[119.68553,-3.86331,0.0],[119.69006,-3.86473,0.0],[119.69204,-3.86554,0.0],[119.69382,-3.86596,0.0],[119.69545,-3.86601,0.0],[119.69645,-3.86588,0.0],[119.69704,-3.86563,0.0],[119.69867,-3.86441,0.0],[119.69937,-3.86409,0.0],[119.69976,-3.86401,0.0],[119.70058,-3.86408,0.0],[119.70141,-3.86468,0.0],[119.70184,-3.86489,0.0],[119.70221,-3.86481,0.0],[119.70285,-3.86487,0.0],[119.70351,-3.86436,0.0],[119.70472,-3.86394,0.0],[119.70593,-3.86397,0.0],[119.7072,-3.86413,0.0],[119.7081,-3.86397,0.0],[119.70886,-3.86393,0.0],[119.71017,-3.8643,0.0],[119.71089,-3.86466,0.0],[119.71139,-3.86478,0.0],[119.71223,-3.86477,0.0],[119.71248,-3.86518,0.0],[119.71284,-3.86526,0.0],[119.71317,-3.86506,0.0],[119.71399,-3.86359,0.0],[119.7147,-3.86363,0.0],[119.71618,-3.86326,0.0],[119.71716,-3.86322,0.0],[119.71754,-3.86299,0.0],[119.71815,-3.8624,0.0],[119.71836,-3.86229,0.0],[119.71923,-3.86244,0.0],[119.7195,-3.86268,0.0],[119.71979,-3.86312,0.0],[119.72018,-3.8634,0.0],[119.72134,-3.86362,0.0],[119.72173,-3.86356,0.0],[119.72211,-3.86365,0.0],[119.72263,-3.86305,0.0],[119.7229,-3.86299,0.0],[119.7233,-3.86316,0.0],[119.72427,-3.86274,0.0],[119.72447,-3.86274,0.0],[119.72497,-3.86293,0.0],[119.72544,-3.86293,0.0],[119.72672,-3.86323,0.0],[119.72718,-3.86317,0.0],[119.72779,-3.8628,0.0],[119.72808,-3.86244,0.0],[119.72838,-3.86133,0.0],[119.72842,-3.86051,0.0],[119.72863,-3.8602,0.0],[119.72907,-3.86007,0.0],[119.72951,-3.86031,0.0],[119.72978,-3.86029,0.0],[119.73018,-3.85968,0.0],[119.7314,-3.85896,0.0],[119.73186,-3.85826,0.0],[119.73216,-3.85814,0.0],[119.73284,-3.85828,0.0],[119.73294,-3.85794,0.0],[119.73347,-3.85756,0.0],[119.73376,-3.85752,0.0],[119.73395,-3.85725,0.0],[119.73383,-3.85679,0.0],[119.7341,-3.85627,0.0],[119.73383,-3.85481,0.0],[119.7336,-3.85443,0.0],[119.73362,-3.85418,0.0],[119.73389,-3.85375,0.0],[119.73371,-3.85303,0.0],[119.73386,-3.85282,0.0],[119.73431,-3.85248,0.0],[119.73459,-3.85206,0.0],[119.73608,-3.85162,0.0],[119.73617,-3.85087,0.0],[119.73649,-3.85036,0.0],[119.73659,-3.84984,0.0],[119.73694,-3.84942,0.0],[119.73709,-3.84911,0.0],[119.73709,-3.84858,0.0],[119.73668,-3.84818,0.0],[119.73666,-3.84804,0.0],[119.73684,-3.84775,0.0],[119.73685,-3.84754,0.0],[119.73648,-3.84717,0.0],[119.73641,-3.8468,0.0],[119.7365,-3.84661,0.0],[119.73708,-3.84644,0.0],[119.73726,-3.84623,0.0],[119.73781,-3.84589,0.0],[119.73778,-3.84466,0.0],[119.73893,-3.83803,0.0],[119.73925,-3.8377,0.0],[119.73959,-3.83695,0.0],[119.7396,-3.83622,0.0],[119.73989,-3.83548,0.0],[119.73964,-3.83547,0.0],[119.73981,-3.83497,0.0],[119.73952,-3.8349,0.0],[119.73953,-3.83475,0.0],[119.73987,-3.834,0.0],[119.74008,-3.83403,0.0],[119.7402,-3.83373,0.0],[119.74192,-3.82868,0.0],[119.74213,-3.82743,0.0],[119.74222,-3.82728,0.0],[119.74281,-3.82739,0.0],[119.74266,-3.82679,0.0],[119.74226,-3.82671,0.0],[119.74255,-3.82505,0.0],[119.74387,-3.82141,0.0],[119.74433,-3.82062,0.0],[119.7448,-3.82051,0.0],[119.74533,-3.82018,0.0],[119.7455,-3.81943,0.0],[119.74613,-3.81879,0.0],[119.74687,-3.8187,0.0],[119.74704,-3.81839,0.0],[119.74741,-3.8185,0.0],[119.75086,-3.81488,0.0],[119.75152,-3.8138,0.0],[119.75462,-3.79854,0.0],[119.75505,-3.79747,0.0],[119.75509,-3.79682,0.0],[119.75492,-3.79631,0.0],[119.74689,-3.78279,0.0],[119.74808,-3.78089,0.0],[119.74826,-3.7802,0.0],[119.74834,-3.77937,0.0],[119.74866,-3.77834,0.0],[119.74885,-3.77808,0.0],[119.74926,-3.77777,0.0],[119.74978,-3.77701,0.0],[119.75062,-3.7762,0.0],[119.75085,-3.77587,0.0],[119.75088,-3.77567,0.0],[119.75077,-3.77526,0.0],[119.75083,-3.77498,0.0],[119.75182,-3.77368,0.0],[119.75185,-3.77302,0.0],[119.75195,-3.77276,0.0],[119.75276,-3.77203,0.0],[119.75328,-3.77101,0.0],[119.7544,-3.77034,0.0],[119.75468,-3.76987,0.0],[119.75529,-3.76927,0.0],[119.75537,-3.76901,0.0],[119.75535,-3.76822,0.0],[119.75544,-3.76788,0.0],[119.75563,-3.76757,0.0],[119.75644,-3.76715,0.0],[119.75708,-3.76631,0.0],[119.75756,-3.76585,0.0],[119.75845,-3.76562,0.0],[119.75923,-3.76509,0.0],[119.7584,-3.76451,0.0],[119.74679,-3.7576,0.0],[119.74625,-3.75732,0.0],[119.74578,-3.7572,0.0],[119.74527,-3.75723,0.0],[119.7369,-3.75983,0.0],[119.7358,-3.75978,0.0]]]},"properties":{"OBJECTID":5906,"NAMOBJ":"Tiroang","WADMKC":"Tiroang","KDCPUM":"73.15.09","WADMKK":"Pinrang","WADMPR":"Sulawesi Selatan","LUASWH":77.44877870098162,"TIPADM":3}},{"type":"Feature","id":5907,"geometry":{"type":"Polygon","coordinates":[[[119.58224,-3.84086,0.0],[119.58139,-3.84065,0.0],[119.58141,-3.84047,0.0],[119.5805,-3.84002,0.0],[119.58004,-3.8396,0.0],[119.57763,-3.83859,0.0],[119.57624,-3.84214,0.0],[119.57655,-3.84231,0.0],[119.57429,-3.84673,0.0],[119.57391,-3.84657,0.0],[119.57347,-3.84698,0.0],[119.5721,-3.84874,0.0],[119.57149,-3.85008,0.0],[119.57082,-3.85111,0.0],[119.5707,-3.85112,0.0],[119.56967,-3.85373,0.0],[119.56882,-3.8555,0.0],[119.56937,-3.85576,0.0],[119.56821,-3.85822,0.0],[119.56319,-3.85632,0.0],[119.56311,-3.85648,0.0],[119.56195,-3.85619,0.0],[119.56192,-3.85629,0.0],[119.56129,-3.85631,0.0],[119.56113,-3.85817,0.0],[119.56016,-3.85938,0.0],[119.55981,-3.85949,0.0],[119.55913,-3.85954,0.0],[119.55619,-3.85954,0.0],[119.5549,-3.85908,0.0],[119.5536,-3.85834,0.0],[119.5532,-3.85842,0.0],[119.55239,-3.85993,0.0],[119.55177,-3.8597,0.0],[119.55156,-3.86022,0.0],[119.55103,-3.85996,0.0],[119.55093,-3.86021,0.0],[119.55038,-3.85998,0.0],[119.55033,-3.86007,0.0],[119.54884,-3.85937,0.0],[119.54878,-3.85955,0.0],[119.54861,-3.85961,0.0],[119.54776,-3.85915,0.0],[119.54779,-3.85897,0.0],[119.5469,-3.85858,0.0],[119.54658,-3.85924,0.0],[119.54623,-3.85909,0.0],[119.54634,-3.85859,0.0],[119.54444,-3.8577,0.0],[119.5445,-3.85752,0.0],[119.54243,-3.85658,0.0],[119.54259,-3.85621,0.0],[119.5425,-3.85619,0.0],[119.54258,-3.856,0.0],[119.54215,-3.85579,0.0],[119.54208,-3.85595,0.0],[119.54168,-3.85576,0.0],[119.54194,-3.85516,0.0],[119.54127,-3.85479,0.0],[119.54128,-3.85504,0.0],[119.54118,-3.85533,0.0],[119.54063,-3.85582,0.0],[119.53952,-3.85749,0.0],[119.53874,-3.85842,0.0],[119.53862,-3.85869,0.0],[119.53865,-3.85894,0.0],[119.53883,-3.85929,0.0],[119.53892,-3.85994,0.0],[119.53875,-3.86044,0.0],[119.53805,-3.86098,0.0],[119.53779,-3.86154,0.0],[119.53713,-3.86245,0.0],[119.53655,-3.86368,0.0],[119.53621,-3.86401,0.0],[119.535,-3.86477,0.0],[119.53462,-3.86496,0.0],[119.53429,-3.86498,0.0],[119.53411,-3.8649,0.0],[119.53398,-3.86453,0.0],[119.53396,-3.86402,0.0],[119.53363,-3.8636,0.0],[119.53336,-3.86347,0.0],[119.53216,-3.86342,0.0],[119.53203,-3.86334,0.0],[119.53135,-3.86328,0.0],[119.53059,-3.86354,0.0],[119.53044,-3.86345,0.0],[119.53023,-3.86286,0.0],[119.52912,-3.86235,0.0],[119.52874,-3.86175,0.0],[119.52855,-3.86168,0.0],[119.5283,-3.86178,0.0],[119.52824,-3.86232,0.0],[119.52809,-3.86272,0.0],[119.52728,-3.86295,0.0],[119.52714,-3.86314,0.0],[119.527,-3.86364,0.0],[119.52682,-3.86368,0.0],[119.5258,-3.86313,0.0],[119.52528,-3.86314,0.0],[119.5249,-3.86327,0.0],[119.52443,-3.86379,0.0],[119.52447,-3.86473,0.0],[119.5242,-3.86508,0.0],[119.52424,-3.86538,0.0],[119.52442,-3.86551,0.0],[119.5244,-3.86582,0.0],[119.52457,-3.86566,0.0],[119.52454,-3.86531,0.0],[119.52489,-3.8653,0.0],[119.52495,-3.86548,0.0],[119.52498,-3.86583,0.0],[119.52485,-3.86627,0.0],[119.52516,-3.86703,0.0],[119.52588,-3.86984,0.0],[119.52723,-3.87394,0.0],[119.52746,-3.87493,0.0],[119.52796,-3.87608,0.0],[119.52848,-3.87765,0.0],[119.52869,-3.87839,0.0],[119.52861,-3.87849,0.0],[119.5288,-3.87844,0.0],[119.52924,-3.87927,0.0],[119.52977,-3.88091,0.0],[119.52982,-3.8813,0.0],[119.52999,-3.88156,0.0],[119.53113,-3.88433,0.0],[119.53233,-3.88809,0.0],[119.53251,-3.88805,0.0],[119.53267,-3.88826,0.0],[119.53353,-3.89088,0.0],[119.53351,-3.89102,0.0],[119.53436,-3.89259,0.0],[119.53445,-3.89302,0.0],[119.5344,-3.89309,0.0],[119.53695,-3.89867,0.0],[119.53866,-3.90219,0.0],[119.53897,-3.90193,0.0],[119.53909,-3.90201,0.0],[119.53886,-3.90231,0.0],[119.53909,-3.90224,0.0],[119.53935,-3.90236,0.0],[119.5397,-3.90284,0.0],[119.54131,-3.90648,0.0],[119.54126,-3.90659,0.0],[119.54131,-3.90672,0.0],[119.54298,-3.91001,0.0],[119.54332,-3.9099,0.0],[119.54336,-3.90999,0.0],[119.5433,-3.91003,0.0],[119.54341,-3.91009,0.0],[119.54375,-3.90997,0.0],[119.544,-3.91014,0.0],[119.54516,-3.91208,0.0],[119.54618,-3.91352,0.0],[119.54641,-3.91401,0.0],[119.54681,-3.91451,0.0],[119.54772,-3.91599,0.0],[119.54808,-3.91641,0.0],[119.54867,-3.91766,0.0],[119.54869,-3.91784,0.0],[119.54877,-3.9179,0.0],[119.54903,-3.91772,0.0],[119.54935,-3.91778,0.0],[119.5497,-3.91803,0.0],[119.54993,-3.91834,0.0],[119.55015,-3.91845,0.0],[119.55105,-3.91985,0.0],[119.55131,-3.9201,0.0],[119.55188,-3.92091,0.0],[119.55222,-3.92116,0.0],[119.55263,-3.92174,0.0],[119.55282,-3.92177,0.0],[119.55307,-3.922,0.0],[119.55328,-3.92181,0.0],[119.55365,-3.92185,0.0],[119.5537,-3.92164,0.0],[119.55406,-3.92201,0.0],[119.55489,-3.92125,0.0],[119.55692,-3.91997,0.0],[119.55749,-3.9195,0.0],[119.55812,-3.91869,0.0],[119.55905,-3.91724,0.0],[119.56058,-3.91453,0.0],[119.56162,-3.91321,0.0],[119.56189,-3.91406,0.0],[119.56382,-3.91363,0.0],[119.56384,-3.91386,0.0],[119.56628,-3.91341,0.0],[119.56634,-3.91318,0.0],[119.56649,-3.91298,0.0],[119.56715,-3.91303,0.0],[119.56717,-3.91313,0.0],[119.5683,-3.91286,0.0],[119.56951,-3.91281,0.0],[119.56969,-3.91285,0.0],[119.56966,-3.91312,0.0],[119.57048,-3.91304,0.0],[119.57119,-3.91311,0.0],[119.57141,-3.91277,0.0],[119.5719,-3.91287,0.0],[119.57227,-3.91227,0.0],[119.57309,-3.91295,0.0],[119.57539,-3.91423,0.0],[119.57591,-3.91468,0.0],[119.57719,-3.91626,0.0],[119.57758,-3.9169,0.0],[119.57779,-3.91744,0.0],[119.57788,-3.91816,0.0],[119.57779,-3.91894,0.0],[119.57767,-3.91946,0.0],[119.57737,-3.92001,0.0],[119.57688,-3.9206,0.0],[119.57638,-3.92102,0.0],[119.57546,-3.92161,0.0],[119.57419,-3.92213,0.0],[119.57367,-3.92224,0.0],[119.57319,-3.92245,0.0],[119.57281,-3.92278,0.0],[119.57238,-3.92367,0.0],[119.57222,-3.92492,0.0],[119.57234,-3.9264,0.0],[119.5726,-3.9272,0.0],[119.57302,-3.92801,0.0],[119.57418,-3.92946,0.0],[119.57481,-3.92984,0.0],[119.57544,-3.93004,0.0],[119.577,-3.93017,0.0],[119.5786,-3.92982,0.0],[119.57995,-3.92906,0.0],[119.58065,-3.92845,0.0],[119.58177,-3.92704,0.0],[119.58201,-3.92649,0.0],[119.5822,-3.92575,0.0],[119.5822,-3.9251,0.0],[119.58184,-3.92213,0.0],[119.58177,-3.92055,0.0],[119.58186,-3.91953,0.0],[119.58199,-3.91906,0.0],[119.58225,-3.9186,0.0],[119.58272,-3.91803,0.0],[119.58335,-3.91754,0.0],[119.58444,-3.91699,0.0],[119.58508,-3.91682,0.0],[119.58614,-3.91687,0.0],[119.58763,-3.91734,0.0],[119.58838,-3.91771,0.0],[119.58899,-3.91819,0.0],[119.5896,-3.91908,0.0],[119.5898,-3.91996,0.0],[119.5899,-3.92223,0.0],[119.59008,-3.92369,0.0],[119.59043,-3.92472,0.0],[119.59078,-3.92552,0.0],[119.59241,-3.92701,0.0],[119.59282,-3.92713,0.0],[119.59353,-3.92714,0.0],[119.59413,-3.927,0.0],[119.59497,-3.92662,0.0],[119.59761,-3.92498,0.0],[119.59975,-3.92376,0.0],[119.60122,-3.92337,0.0],[119.60225,-3.92343,0.0],[119.60309,-3.92333,0.0],[119.60445,-3.92268,0.0],[119.60565,-3.92186,0.0],[119.60692,-3.92056,0.0],[119.60822,-3.91881,0.0],[119.60859,-3.91806,0.0],[119.60874,-3.91744,0.0],[119.60881,-3.91676,0.0],[119.60872,-3.916,0.0],[119.6088,-3.91547,0.0],[119.60922,-3.91441,0.0],[119.60973,-3.91389,0.0],[119.61063,-3.91344,0.0],[119.612,-3.9135,0.0],[119.61285,-3.91367,0.0],[119.61324,-3.91362,0.0],[119.61362,-3.91353,0.0],[119.61442,-3.9129,0.0],[119.61505,-3.91138,0.0],[119.61527,-3.91062,0.0],[119.61547,-3.90872,0.0],[119.61618,-3.90773,0.0],[119.61647,-3.90701,0.0],[119.61684,-3.90557,0.0],[119.61711,-3.90514,0.0],[119.61802,-3.90437,0.0],[119.61838,-3.90379,0.0],[119.61881,-3.90295,0.0],[119.61921,-3.90132,0.0],[119.6205,-3.89958,0.0],[119.62137,-3.89823,0.0],[119.62148,-3.89788,0.0],[119.62145,-3.8975,0.0],[119.62114,-3.89701,0.0],[119.62106,-3.89674,0.0],[119.62123,-3.89582,0.0],[119.62123,-3.89472,0.0],[119.62106,-3.89355,0.0],[119.6211,-3.89323,0.0],[119.62148,-3.89254,0.0],[119.62264,-3.89154,0.0],[119.62345,-3.89055,0.0],[119.62376,-3.88977,0.0],[119.62383,-3.88919,0.0],[119.62383,-3.88823,0.0],[119.62368,-3.88755,0.0],[119.62289,-3.88607,0.0],[119.62273,-3.88489,0.0],[119.62226,-3.88419,0.0],[119.62203,-3.88399,0.0],[119.62019,-3.88384,0.0],[119.61982,-3.88364,0.0],[119.6195,-3.88324,0.0],[119.6184,-3.88242,0.0],[119.61825,-3.88249,0.0],[119.61802,-3.88292,0.0],[119.61784,-3.88296,0.0],[119.61748,-3.88284,0.0],[119.61684,-3.88229,0.0],[119.61617,-3.88202,0.0],[119.61568,-3.88169,0.0],[119.61492,-3.88096,0.0],[119.61447,-3.8803,0.0],[119.61444,-3.87987,0.0],[119.6146,-3.87897,0.0],[119.61457,-3.87865,0.0],[119.61442,-3.87833,0.0],[119.6139,-3.87765,0.0],[119.61402,-3.87658,0.0],[119.61425,-3.87601,0.0],[119.61425,-3.87568,0.0],[119.6144,-3.87569,0.0],[119.61566,-3.87377,0.0],[119.61605,-3.87348,0.0],[119.6168,-3.87348,0.0],[119.61712,-3.87334,0.0],[119.61732,-3.8729,0.0],[119.61802,-3.87267,0.0],[119.61841,-3.87243,0.0],[119.61834,-3.87205,0.0],[119.61771,-3.87222,0.0],[119.61759,-3.87196,0.0],[119.61719,-3.87165,0.0],[119.6173,-3.87114,0.0],[119.61606,-3.87075,0.0],[119.61588,-3.87104,0.0],[119.61537,-3.8707,0.0],[119.61454,-3.87039,0.0],[119.61465,-3.87022,0.0],[119.61443,-3.87011,0.0],[119.61407,-3.8704,0.0],[119.61345,-3.8712,0.0],[119.61279,-3.87072,0.0],[119.61302,-3.87035,0.0],[119.61282,-3.87025,0.0],[119.61258,-3.87032,0.0],[119.61226,-3.8709,0.0],[119.61088,-3.87017,0.0],[119.61073,-3.87043,0.0],[119.60988,-3.87001,0.0],[119.60968,-3.87042,0.0],[119.60907,-3.87017,0.0],[119.60896,-3.87031,0.0],[119.60731,-3.86948,0.0],[119.60378,-3.86807,0.0],[119.60144,-3.86915,0.0],[119.60123,-3.86915,0.0],[119.60075,-3.86895,0.0],[119.60062,-3.86898,0.0],[119.60023,-3.8694,0.0],[119.60007,-3.8694,0.0],[119.59949,-3.86916,0.0],[119.5998,-3.86812,0.0],[119.59702,-3.86688,0.0],[119.60232,-3.8585,0.0],[119.60308,-3.85711,0.0],[119.60151,-3.85637,0.0],[119.59923,-3.85709,0.0],[119.5981,-3.8569,0.0],[119.59851,-3.85534,0.0],[119.59846,-3.85352,0.0],[119.59857,-3.85309,0.0],[119.59858,-3.85193,0.0],[119.59849,-3.85052,0.0],[119.59837,-3.84977,0.0],[119.59752,-3.84801,0.0],[119.59686,-3.8481,0.0],[119.59409,-3.84822,0.0],[119.5931,-3.84836,0.0],[119.59252,-3.84848,0.0],[119.59191,-3.84883,0.0],[119.58902,-3.84783,0.0],[119.58869,-3.84748,0.0],[119.58846,-3.84707,0.0],[119.58811,-3.84687,0.0],[119.58683,-3.8464,0.0],[119.58639,-3.84641,0.0],[119.58522,-3.84675,0.0],[119.58486,-3.84678,0.0],[119.58582,-3.84441,0.0],[119.58584,-3.84393,0.0],[119.58574,-3.84335,0.0],[119.58529,-3.84162,0.0],[119.58318,-3.84086,0.0],[119.58257,-3.84075,0.0],[119.58253,-3.84089,0.0],[119.58224,-3.84086,0.0]]]},"properties":{"OBJECTID":5907,"NAMOBJ":"Lanrisang","WADMKC":"Lanrisang","KDCPUM":"73.15.10","WADMKK":"Pinrang","WADMPR":"Sulawesi Selatan","LUASWH":64.599967123352883,"TIPADM":3}},{"type":"Feature","id":5908,"geometry":{"type":"Polygon","coordinates":[[[119.71405,-3.73831,0.0],[119.71408,-3.73739,0.0],[119.71389,-3.73674,0.0],[119.71284,-3.73502,0.0],[119.71234,-3.73403,0.0],[119.71163,-3.7321,0.0],[119.71117,-3.73136,0.0],[119.7104,-3.73094,0.0],[119.7093,-3.73089,0.0],[119.70891,-3.73205,0.0],[119.70629,-3.73222,0.0],[119.7059,-3.73383,0.0],[119.70524,-3.73563,0.0],[119.70489,-3.73692,0.0],[119.70464,-3.73725,0.0],[119.70423,-3.73852,0.0],[119.7028,-3.73812,0.0],[119.70278,-3.73866,0.0],[119.70204,-3.74016,0.0],[119.70055,-3.73983,0.0],[119.70121,-3.73885,0.0],[119.70091,-3.73867,0.0],[119.70121,-3.7381,0.0],[119.70065,-3.73778,0.0],[119.70033,-3.73764,0.0],[119.70016,-3.73813,0.0],[119.69991,-3.7385,0.0],[119.69902,-3.7381,0.0],[119.69872,-3.73789,0.0],[119.69732,-3.73744,0.0],[119.69687,-3.73817,0.0],[119.69638,-3.738,0.0],[119.69635,-3.73812,0.0],[119.69596,-3.73805,0.0],[119.69561,-3.73899,0.0],[119.69509,-3.73876,0.0],[119.69469,-3.73954,0.0],[119.69481,-3.7396,0.0],[119.69418,-3.74091,0.0],[119.69334,-3.74056,0.0],[119.69321,-3.74078,0.0],[119.69224,-3.7403,0.0],[119.69146,-3.74099,0.0],[119.69088,-3.74121,0.0],[119.68957,-3.74259,0.0],[119.6891,-3.7425,0.0],[119.68904,-3.74258,0.0],[119.68868,-3.74252,0.0],[119.68808,-3.742,0.0],[119.68762,-3.74175,0.0],[119.68744,-3.74201,0.0],[119.68717,-3.74191,0.0],[119.68708,-3.74207,0.0],[119.68638,-3.74194,0.0],[119.68626,-3.7421,0.0],[119.68625,-3.74239,0.0],[119.68591,-3.74275,0.0],[119.6858,-3.74359,0.0],[119.68555,-3.74397,0.0],[119.68562,-3.74507,0.0],[119.68485,-3.745,0.0],[119.68478,-3.74531,0.0],[119.68425,-3.74522,0.0],[119.68418,-3.74568,0.0],[119.68369,-3.74562,0.0],[119.6836,-3.74585,0.0],[119.68335,-3.74581,0.0],[119.68325,-3.74614,0.0],[119.68155,-3.7458,0.0],[119.68145,-3.74632,0.0],[119.68129,-3.74654,0.0],[119.68106,-3.7465,0.0],[119.6809,-3.74627,0.0],[119.68056,-3.74616,0.0],[119.68033,-3.74729,0.0],[119.67923,-3.74722,0.0],[119.67849,-3.74688,0.0],[119.67862,-3.74637,0.0],[119.67806,-3.74618,0.0],[119.67787,-3.74669,0.0],[119.67781,-3.74667,0.0],[119.67747,-3.74795,0.0],[119.67698,-3.74786,0.0],[119.6769,-3.74793,0.0],[119.67686,-3.7484,0.0],[119.67692,-3.74842,0.0],[119.67666,-3.75001,0.0],[119.67719,-3.75015,0.0],[119.67662,-3.75152,0.0],[119.67678,-3.75159,0.0],[119.67665,-3.75238,0.0],[119.67686,-3.75249,0.0],[119.67673,-3.75296,0.0],[119.67657,-3.7529,0.0],[119.67646,-3.75397,0.0],[119.67694,-3.75412,0.0],[119.67666,-3.75502,0.0],[119.67687,-3.75512,0.0],[119.67661,-3.75588,0.0],[119.67548,-3.75531,0.0],[119.6757,-3.75443,0.0],[119.67457,-3.75372,0.0],[119.67391,-3.75359,0.0],[119.67381,-3.75429,0.0],[119.6728,-3.75448,0.0],[119.67242,-3.75441,0.0],[119.67219,-3.75482,0.0],[119.67171,-3.75472,0.0],[119.67153,-3.75548,0.0],[119.67054,-3.75532,0.0],[119.67059,-3.75477,0.0],[119.67052,-3.75386,0.0],[119.67031,-3.75351,0.0],[119.67054,-3.75291,0.0],[119.66991,-3.75264,0.0],[119.66888,-3.75236,0.0],[119.66885,-3.75151,0.0],[119.66894,-3.75048,0.0],[119.67003,-3.75058,0.0],[119.67067,-3.7509,0.0],[119.67098,-3.75014,0.0],[119.67132,-3.74971,0.0],[119.67143,-3.74878,0.0],[119.67139,-3.74791,0.0],[119.67037,-3.74776,0.0],[119.67019,-3.74797,0.0],[119.66992,-3.74795,0.0],[119.66974,-3.74819,0.0],[119.66899,-3.74792,0.0],[119.66798,-3.74968,0.0],[119.66684,-3.74945,0.0],[119.66615,-3.74922,0.0],[119.66592,-3.74955,0.0],[119.66424,-3.7489,0.0],[119.66404,-3.74914,0.0],[119.66312,-3.74864,0.0],[119.66223,-3.74838,0.0],[119.66209,-3.74846,0.0],[119.66163,-3.7491,0.0],[119.66009,-3.74857,0.0],[119.65852,-3.74823,0.0],[119.65734,-3.74827,0.0],[119.65674,-3.74852,0.0],[119.65649,-3.74817,0.0],[119.65623,-3.74858,0.0],[119.65491,-3.7477,0.0],[119.65441,-3.74851,0.0],[119.65376,-3.74811,0.0],[119.65348,-3.74859,0.0],[119.65283,-3.74837,0.0],[119.65293,-3.74779,0.0],[119.6519,-3.7472,0.0],[119.65181,-3.74729,0.0],[119.65136,-3.74738,0.0],[119.65085,-3.74733,0.0],[119.65036,-3.74753,0.0],[119.64826,-3.74763,0.0],[119.64671,-3.74796,0.0],[119.64628,-3.74827,0.0],[119.6443,-3.74779,0.0],[119.64136,-3.74739,0.0],[119.64046,-3.74732,0.0],[119.64037,-3.74774,0.0],[119.63973,-3.74775,0.0],[119.63882,-3.74762,0.0],[119.63839,-3.74748,0.0],[119.63794,-3.74751,0.0],[119.63714,-3.74806,0.0],[119.63683,-3.74839,0.0],[119.63628,-3.74957,0.0],[119.63602,-3.74947,0.0],[119.63572,-3.74996,0.0],[119.63542,-3.74982,0.0],[119.6352,-3.75036,0.0],[119.63545,-3.75054,0.0],[119.63487,-3.75205,0.0],[119.63462,-3.75242,0.0],[119.63402,-3.75223,0.0],[119.63389,-3.75265,0.0],[119.63377,-3.75262,0.0],[119.63357,-3.75314,0.0],[119.63321,-3.75322,0.0],[119.63269,-3.75354,0.0],[119.6331,-3.75423,0.0],[119.63276,-3.75446,0.0],[119.63258,-3.75472,0.0],[119.63282,-3.75487,0.0],[119.63288,-3.75503,0.0],[119.6322,-3.75637,0.0],[119.63204,-3.7569,0.0],[119.63124,-3.75868,0.0],[119.63114,-3.75895,0.0],[119.63123,-3.75903,0.0],[119.63034,-3.76076,0.0],[119.63105,-3.76105,0.0],[119.63086,-3.76146,0.0],[119.63066,-3.76141,0.0],[119.63004,-3.76303,0.0],[119.62927,-3.76288,0.0],[119.62904,-3.76337,0.0],[119.63261,-3.76442,0.0],[119.63552,-3.76551,0.0],[119.63654,-3.76631,0.0],[119.6361,-3.76695,0.0],[119.63605,-3.76718,0.0],[119.63467,-3.76855,0.0],[119.63588,-3.76948,0.0],[119.63615,-3.76921,0.0],[119.63648,-3.76943,0.0],[119.63655,-3.76934,0.0],[119.63736,-3.76983,0.0],[119.63701,-3.77068,0.0],[119.63651,-3.77109,0.0],[119.6361,-3.77175,0.0],[119.63779,-3.77277,0.0],[119.63755,-3.77313,0.0],[119.63858,-3.77364,0.0],[119.63866,-3.77352,0.0],[119.63938,-3.77378,0.0],[119.63853,-3.77518,0.0],[119.63964,-3.7756,0.0],[119.63974,-3.77572,0.0],[119.63955,-3.77636,0.0],[119.63948,-3.77636,0.0],[119.63934,-3.77697,0.0],[119.63999,-3.77717,0.0],[119.64082,-3.77756,0.0],[119.6405,-3.77781,0.0],[119.63953,-3.77977,0.0],[119.63943,-3.77982,0.0],[119.6402,-3.78022,0.0],[119.64022,-3.78029,0.0],[119.64108,-3.78048,0.0],[119.64104,-3.78088,0.0],[119.64131,-3.78096,0.0],[119.64117,-3.78153,0.0],[119.64153,-3.78165,0.0],[119.64136,-3.78254,0.0],[119.64211,-3.78264,0.0],[119.64212,-3.78386,0.0],[119.64227,-3.78471,0.0],[119.64218,-3.78545,0.0],[119.64192,-3.7861,0.0],[119.6421,-3.78613,0.0],[119.64223,-3.78581,0.0],[119.64266,-3.78598,0.0],[119.64258,-3.7862,0.0],[119.64276,-3.78626,0.0],[119.64306,-3.78565,0.0],[119.64385,-3.78592,0.0],[119.64378,-3.78614,0.0],[119.64463,-3.78648,0.0],[119.64478,-3.78615,0.0],[119.64517,-3.78628,0.0],[119.64529,-3.78593,0.0],[119.65092,-3.78736,0.0],[119.65101,-3.78728,0.0],[119.65462,-3.78681,0.0],[119.65506,-3.78668,0.0],[119.65521,-3.78695,0.0],[119.65539,-3.78773,0.0],[119.65518,-3.79001,0.0],[119.65546,-3.79283,0.0],[119.65531,-3.79465,0.0],[119.65519,-3.79509,0.0],[119.65489,-3.79549,0.0],[119.65452,-3.79575,0.0],[119.65423,-3.7961,0.0],[119.65399,-3.79668,0.0],[119.65381,-3.79739,0.0],[119.65415,-3.79835,0.0],[119.65454,-3.79908,0.0],[119.65454,-3.79935,0.0],[119.65418,-3.80066,0.0],[119.65419,-3.8016,0.0],[119.65435,-3.80194,0.0],[119.65496,-3.80263,0.0],[119.65545,-3.80342,0.0],[119.65582,-3.80348,0.0],[119.65598,-3.80362,0.0],[119.65616,-3.80408,0.0],[119.65681,-3.80507,0.0],[119.65688,-3.80559,0.0],[119.6574,-3.80625,0.0],[119.6586,-3.80704,0.0],[119.65895,-3.80718,0.0],[119.65901,-3.80732,0.0],[119.65899,-3.8078,0.0],[119.65946,-3.8085,0.0],[119.6597,-3.80858,0.0],[119.66012,-3.80845,0.0],[119.66031,-3.80854,0.0],[119.66056,-3.80882,0.0],[119.66117,-3.809,0.0],[119.66136,-3.80928,0.0],[119.66151,-3.80985,0.0],[119.6619,-3.81029,0.0],[119.66235,-3.81057,0.0],[119.6624,-3.81111,0.0],[119.66288,-3.81185,0.0],[119.66284,-3.81233,0.0],[119.66272,-3.81272,0.0],[119.66209,-3.81306,0.0],[119.66166,-3.81404,0.0],[119.66168,-3.81424,0.0],[119.66219,-3.81486,0.0],[119.66239,-3.81535,0.0],[119.66297,-3.81583,0.0],[119.66343,-3.816,0.0],[119.66378,-3.81637,0.0],[119.66432,-3.81715,0.0],[119.66534,-3.81738,0.0],[119.66616,-3.81776,0.0],[119.66666,-3.81665,0.0],[119.6673,-3.81683,0.0],[119.6674,-3.81695,0.0],[119.66869,-3.81745,0.0],[119.66851,-3.81783,0.0],[119.66875,-3.81796,0.0],[119.66985,-3.81843,0.0],[119.66991,-3.81831,0.0],[119.67158,-3.81906,0.0],[119.67211,-3.81844,0.0],[119.67299,-3.81886,0.0],[119.67293,-3.81898,0.0],[119.67375,-3.81949,0.0],[119.67392,-3.81919,0.0],[119.67508,-3.81953,0.0],[119.67657,-3.81984,0.0],[119.6766,-3.81962,0.0],[119.67685,-3.81967,0.0],[119.67714,-3.81984,0.0],[119.67732,-3.81971,0.0],[119.67798,-3.82001,0.0],[119.67817,-3.81949,0.0],[119.6794,-3.82014,0.0],[119.6805,-3.82017,0.0],[119.68191,-3.8204,0.0],[119.68176,-3.82182,0.0],[119.68222,-3.82195,0.0],[119.68238,-3.82135,0.0],[119.68305,-3.8204,0.0],[119.68337,-3.82013,0.0],[119.68403,-3.81873,0.0],[119.68438,-3.81685,0.0],[119.68442,-3.81459,0.0],[119.68453,-3.81433,0.0],[119.68498,-3.81374,0.0],[119.68482,-3.81355,0.0],[119.68397,-3.81295,0.0],[119.68341,-3.81286,0.0],[119.68324,-3.81275,0.0],[119.68194,-3.81155,0.0],[119.68124,-3.81077,0.0],[119.68072,-3.81044,0.0],[119.68039,-3.80942,0.0],[119.6799,-3.80734,0.0],[119.68031,-3.80615,0.0],[119.68096,-3.80469,0.0],[119.68086,-3.80445,0.0],[119.68093,-3.80357,0.0],[119.68189,-3.80024,0.0],[119.68174,-3.7998,0.0],[119.68138,-3.79648,0.0],[119.68103,-3.79623,0.0],[119.68123,-3.79518,0.0],[119.68004,-3.79466,0.0],[119.67988,-3.79443,0.0],[119.67904,-3.7943,0.0],[119.6789,-3.79415,0.0],[119.67891,-3.79372,0.0],[119.67925,-3.79173,0.0],[119.67906,-3.79154,0.0],[119.67828,-3.79135,0.0],[119.67805,-3.79119,0.0],[119.67817,-3.79018,0.0],[119.67849,-3.78919,0.0],[119.6784,-3.78886,0.0],[119.67851,-3.78813,0.0],[119.67768,-3.78786,0.0],[119.6781,-3.78601,0.0],[119.6784,-3.78527,0.0],[119.67826,-3.78505,0.0],[119.67828,-3.78482,0.0],[119.67924,-3.78199,0.0],[119.67925,-3.78183,0.0],[119.67911,-3.78175,0.0],[119.67908,-3.78165,0.0],[119.67931,-3.78088,0.0],[119.67926,-3.78061,0.0],[119.67942,-3.77975,0.0],[119.67954,-3.77948,0.0],[119.67937,-3.77926,0.0],[119.67938,-3.77904,0.0],[119.67969,-3.77827,0.0],[119.68042,-3.77843,0.0],[119.68893,-3.77764,0.0],[119.69238,-3.77796,0.0],[119.69528,-3.77802,0.0],[119.70062,-3.77953,0.0],[119.702,-3.77932,0.0],[119.70284,-3.77949,0.0],[119.7034,-3.78009,0.0],[119.70403,-3.78018,0.0],[119.7077,-3.78011,0.0],[119.70901,-3.78027,0.0],[119.71025,-3.7806,0.0],[119.71061,-3.78061,0.0],[119.71053,-3.77999,0.0],[119.71026,-3.77939,0.0],[119.7102,-3.77893,0.0],[119.71036,-3.77731,0.0],[119.71047,-3.77716,0.0],[119.71126,-3.77676,0.0],[119.71168,-3.77642,0.0],[119.71189,-3.77613,0.0],[119.7119,-3.77575,0.0],[119.71178,-3.77555,0.0],[119.71109,-3.77515,0.0],[119.71082,-3.77489,0.0],[119.71049,-3.77412,0.0],[119.70995,-3.77337,0.0],[119.70946,-3.77224,0.0],[119.70902,-3.77177,0.0],[119.70881,-3.77045,0.0],[119.70909,-3.76995,0.0],[119.70915,-3.76948,0.0],[119.70967,-3.76864,0.0],[119.70964,-3.76836,0.0],[119.70902,-3.76781,0.0],[119.70902,-3.76746,0.0],[119.70915,-3.76698,0.0],[119.70938,-3.76638,0.0],[119.70968,-3.76601,0.0],[119.70982,-3.76593,0.0],[119.71035,-3.76612,0.0],[119.71048,-3.76605,0.0],[119.71095,-3.76539,0.0],[119.71156,-3.76488,0.0],[119.71159,-3.76474,0.0],[119.71145,-3.76454,0.0],[119.71141,-3.76426,0.0],[119.7116,-3.76408,0.0],[119.71192,-3.76394,0.0],[119.71201,-3.76379,0.0],[119.71202,-3.76304,0.0],[119.71241,-3.7629,0.0],[119.71289,-3.76304,0.0],[119.71341,-3.76283,0.0],[119.71443,-3.76176,0.0],[119.71473,-3.76078,0.0],[119.71543,-3.7604,0.0],[119.71571,-3.76008,0.0],[119.71584,-3.75958,0.0],[119.71579,-3.75919,0.0],[119.71567,-3.75898,0.0],[119.71545,-3.75882,0.0],[119.71509,-3.75795,0.0],[119.71509,-3.7568,0.0],[119.71513,-3.75649,0.0],[119.71531,-3.75608,0.0],[119.71736,-3.75414,0.0],[119.71926,-3.75318,0.0],[119.7139,-3.74734,0.0],[119.71328,-3.74651,0.0],[119.71313,-3.74602,0.0],[119.71312,-3.74552,0.0],[119.71391,-3.74282,0.0],[119.71405,-3.73831,0.0]]]},"properties":{"OBJECTID":5908,"NAMOBJ":"Paleteang","WADMKC":"Paleteang","KDCPUM":"73.15.11","WADMKK":"Pinrang","WADMPR":"Sulawesi Selatan","LUASWH":45.577317560981292,"TIPADM":3}},{"type":"Feature","id":5909,"geometry":{"type":"Polygon","coordinates":[[[119.70127,-3.49115,0.0],[119.70139,-3.49104,0.0],[119.7015,-3.49063,0.0],[119.70136,-3.49023,0.0],[119.70108,-3.48989,0.0],[119.70122,-3.48964,0.0],[119.7018,-3.48935,0.0],[119.70284,-3.48843,0.0],[119.70343,-3.48773,0.0],[119.70436,-3.48751,0.0],[119.70504,-3.48708,0.0],[119.70548,-3.48626,0.0],[119.70552,-3.48551,0.0],[119.70523,-3.48485,0.0],[119.70497,-3.4847,0.0],[119.70481,-3.48441,0.0],[119.70487,-3.4836,0.0],[119.7046,-3.48306,0.0],[119.7046,-3.48219,0.0],[119.70431,-3.48176,0.0],[119.70138,-3.48396,0.0],[119.70116,-3.48461,0.0],[119.70074,-3.48504,0.0],[119.69975,-3.48561,0.0],[119.69666,-3.48597,0.0],[119.69523,-3.48662,0.0],[119.69429,-3.48746,0.0],[119.69383,-3.48807,0.0],[119.6935,-3.48895,0.0],[119.6933,-3.48914,0.0],[119.69206,-3.48933,0.0],[119.69169,-3.48947,0.0],[119.69114,-3.48991,0.0],[119.69054,-3.49057,0.0],[119.6899,-3.49102,0.0],[119.68837,-3.49119,0.0],[119.68732,-3.4911,0.0],[119.68563,-3.49061,0.0],[119.68427,-3.49032,0.0],[119.68363,-3.49007,0.0],[119.68242,-3.49014,0.0],[119.68145,-3.48965,0.0],[119.6802,-3.4897,0.0],[119.6788,-3.48904,0.0],[119.67822,-3.48852,0.0],[119.67783,-3.48838,0.0],[119.67747,-3.48837,0.0],[119.6771,-3.48847,0.0],[119.67578,-3.48937,0.0],[119.67335,-3.48995,0.0],[119.67236,-3.49008,0.0],[119.67212,-3.49019,0.0],[119.67172,-3.49064,0.0],[119.67124,-3.49085,0.0],[119.67155,-3.49192,0.0],[119.67274,-3.49326,0.0],[119.67338,-3.49424,0.0],[119.67337,-3.4952,0.0],[119.67318,-3.49677,0.0],[119.67367,-3.49823,0.0],[119.67473,-3.50077,0.0],[119.67531,-3.50464,0.0],[119.67633,-3.50596,0.0],[119.67757,-3.50691,0.0],[119.67563,-3.5126,0.0],[119.67394,-3.51555,0.0],[119.67302,-3.51745,0.0],[119.67144,-3.51922,0.0],[119.66954,-3.52198,0.0],[119.66868,-3.52403,0.0],[119.66844,-3.52589,0.0],[119.66854,-3.53003,0.0],[119.66935,-3.53383,0.0],[119.6693,-3.53612,0.0],[119.6694,-3.53802,0.0],[119.66982,-3.53921,0.0],[119.6703,-3.54012,0.0],[119.67021,-3.54107,0.0],[119.66954,-3.54288,0.0],[119.66835,-3.54459,0.0],[119.66654,-3.54635,0.0],[119.66592,-3.54835,0.0],[119.66564,-3.55111,0.0],[119.66626,-3.55377,0.0],[119.6673,-3.5573,0.0],[119.66825,-3.55934,0.0],[119.66944,-3.56082,0.0],[119.67073,-3.56182,0.0],[119.67278,-3.56215,0.0],[119.67361,-3.56253,0.0],[119.67401,-3.56312,0.0],[119.67418,-3.5641,0.0],[119.67449,-3.56491,0.0],[119.67523,-3.56569,0.0],[119.6757,-3.56691,0.0],[119.67618,-3.56753,0.0],[119.67668,-3.56796,0.0],[119.67668,-3.56822,0.0],[119.67556,-3.56924,0.0],[119.67525,-3.56972,0.0],[119.67518,-3.5701,0.0],[119.67568,-3.57067,0.0],[119.67829,-3.57228,0.0],[119.67845,-3.57252,0.0],[119.6767,-3.5725,0.0],[119.67467,-3.57193,0.0],[119.6733,-3.57134,0.0],[119.67229,-3.57074,0.0],[119.67107,-3.57062,0.0],[119.66967,-3.57065,0.0],[119.66384,-3.57044,0.0],[119.65974,-3.57041,0.0],[119.65587,-3.57071,0.0],[119.64377,-3.57301,0.0],[119.6405,-3.57308,0.0],[119.64004,-3.57321,0.0],[119.63861,-3.57316,0.0],[119.63801,-3.57328,0.0],[119.6375,-3.57362,0.0],[119.63733,-3.57401,0.0],[119.63721,-3.57605,0.0],[119.63667,-3.57673,0.0],[119.63566,-3.57709,0.0],[119.63529,-3.57709,0.0],[119.63502,-3.57699,0.0],[119.63464,-3.57646,0.0],[119.63397,-3.57613,0.0],[119.63376,-3.57595,0.0],[119.63316,-3.5751,0.0],[119.63267,-3.57482,0.0],[119.63203,-3.57515,0.0],[119.63169,-3.57526,0.0],[119.63135,-3.57526,0.0],[119.63026,-3.57469,0.0],[119.62985,-3.57459,0.0],[119.62946,-3.57465,0.0],[119.62776,-3.57579,0.0],[119.62753,-3.5758,0.0],[119.62643,-3.57784,0.0],[119.62569,-3.57965,0.0],[119.62593,-3.58179,0.0],[119.62581,-3.58501,0.0],[119.6259,-3.58629,0.0],[119.62643,-3.58801,0.0],[119.62652,-3.58977,0.0],[119.6253,-3.59244,0.0],[119.6242,-3.59289,0.0],[119.62373,-3.59331,0.0],[119.62379,-3.59503,0.0],[119.62432,-3.59916,0.0],[119.62429,-3.60119,0.0],[119.62518,-3.60404,0.0],[119.62539,-3.60523,0.0],[119.62646,-3.60595,0.0],[119.62881,-3.60672,0.0],[119.63116,-3.60764,0.0],[119.63348,-3.60889,0.0],[119.63687,-3.61178,0.0],[119.63845,-3.61433,0.0],[119.63946,-3.61621,0.0],[119.6405,-3.61951,0.0],[119.64009,-3.62349,0.0],[119.64038,-3.62813,0.0],[119.63958,-3.63173,0.0],[119.63863,-3.63518,0.0],[119.63839,-3.63685,0.0],[119.63851,-3.63878,0.0],[119.63928,-3.64067,0.0],[119.63887,-3.64266,0.0],[119.63888,-3.64499,0.0],[119.63862,-3.64845,0.0],[119.63862,-3.65085,0.0],[119.63848,-3.65224,0.0],[119.63852,-3.6534,0.0],[119.63911,-3.65485,0.0],[119.63955,-3.65563,0.0],[119.64012,-3.65639,0.0],[119.64054,-3.65825,0.0],[119.64086,-3.65898,0.0],[119.64128,-3.65943,0.0],[119.64183,-3.65976,0.0],[119.64387,-3.66071,0.0],[119.6441,-3.66096,0.0],[119.64426,-3.66129,0.0],[119.64435,-3.66223,0.0],[119.64422,-3.66531,0.0],[119.6443,-3.66731,0.0],[119.64462,-3.66862,0.0],[119.64509,-3.66947,0.0],[119.6455,-3.66989,0.0],[119.64609,-3.67013,0.0],[119.64818,-3.6706,0.0],[119.6488,-3.67083,0.0],[119.64999,-3.6719,0.0],[119.65031,-3.67232,0.0],[119.65056,-3.67282,0.0],[119.65086,-3.67378,0.0],[119.65118,-3.67439,0.0],[119.6513,-3.67489,0.0],[119.6513,-3.67526,0.0],[119.65117,-3.67574,0.0],[119.6512,-3.67627,0.0],[119.65143,-3.67691,0.0],[119.65138,-3.67753,0.0],[119.65144,-3.67902,0.0],[119.65174,-3.67963,0.0],[119.65231,-3.68035,0.0],[119.65243,-3.68085,0.0],[119.6524,-3.68148,0.0],[119.6518,-3.68292,0.0],[119.65151,-3.68341,0.0],[119.65145,-3.6839,0.0],[119.65091,-3.68429,0.0],[119.65066,-3.68464,0.0],[119.65012,-3.68604,0.0],[119.65066,-3.68672,0.0],[119.65084,-3.68707,0.0],[119.6509,-3.6879,0.0],[119.65097,-3.68806,0.0],[119.65063,-3.68955,0.0],[119.65073,-3.68997,0.0],[119.65057,-3.69008,0.0],[119.65043,-3.69051,0.0],[119.65059,-3.69064,0.0],[119.65065,-3.69098,0.0],[119.65076,-3.6911,0.0],[119.65104,-3.69234,0.0],[119.65149,-3.69289,0.0],[119.65211,-3.69422,0.0],[119.65205,-3.6945,0.0],[119.65227,-3.69528,0.0],[119.6522,-3.69621,0.0],[119.65313,-3.69657,0.0],[119.65451,-3.69841,0.0],[119.65561,-3.69905,0.0],[119.65725,-3.69934,0.0],[119.65951,-3.69939,0.0],[119.66101,-3.6992,0.0],[119.66318,-3.69858,0.0],[119.66375,-3.69817,0.0],[119.66408,-3.69734,0.0],[119.6647,-3.69679,0.0],[119.66548,-3.69658,0.0],[119.66624,-3.69658,0.0],[119.66665,-3.69684,0.0],[119.66684,-3.69736,0.0],[119.66684,-3.69786,0.0],[119.66663,-3.69855,0.0],[119.66665,-3.69917,0.0],[119.66722,-3.69936,0.0],[119.66789,-3.6991,0.0],[119.66879,-3.69851,0.0],[119.66934,-3.69791,0.0],[119.66981,-3.69634,0.0],[119.66993,-3.69413,0.0],[119.66965,-3.69232,0.0],[119.66972,-3.69111,0.0],[119.6701,-3.68961,0.0],[119.6706,-3.68877,0.0],[119.6716,-3.68806,0.0],[119.67276,-3.68787,0.0],[119.6745,-3.68806,0.0],[119.6761,-3.68813,0.0],[119.67857,-3.68685,0.0],[119.68238,-3.68359,0.0],[119.68251,-3.68358,0.0],[119.68323,-3.68419,0.0],[119.68365,-3.68437,0.0],[119.68404,-3.68436,0.0],[119.68488,-3.68384,0.0],[119.68551,-3.68366,0.0],[119.68614,-3.68355,0.0],[119.68781,-3.68362,0.0],[119.69067,-3.6824,0.0],[119.69121,-3.68239,0.0],[119.69169,-3.6825,0.0],[119.69244,-3.68291,0.0],[119.69284,-3.68346,0.0],[119.69558,-3.68863,0.0],[119.69594,-3.68916,0.0],[119.69645,-3.68916,0.0],[119.69781,-3.68966,0.0],[119.69853,-3.69018,0.0],[119.69956,-3.69133,0.0],[119.70079,-3.69242,0.0],[119.70168,-3.69281,0.0],[119.70311,-3.69314,0.0],[119.70368,-3.69341,0.0],[119.70449,-3.69395,0.0],[119.70568,-3.69497,0.0],[119.70631,-3.69491,0.0],[119.707,-3.69464,0.0],[119.7074,-3.69437,0.0],[119.70792,-3.69416,0.0],[119.70909,-3.69398,0.0],[119.70985,-3.69415,0.0],[119.71039,-3.69453,0.0],[119.71116,-3.6956,0.0],[119.71217,-3.6958,0.0],[119.71274,-3.69577,0.0],[119.71367,-3.69555,0.0],[119.71466,-3.69557,0.0],[119.71512,-3.69548,0.0],[119.71704,-3.69456,0.0],[119.7172,-3.69442,0.0],[119.71727,-3.6939,0.0],[119.71721,-3.69368,0.0],[119.71564,-3.6924,0.0],[119.71528,-3.69159,0.0],[119.7153,-3.69122,0.0],[119.71566,-3.69058,0.0],[119.71564,-3.69023,0.0],[119.71502,-3.68948,0.0],[119.71491,-3.68917,0.0],[119.71503,-3.68803,0.0],[119.71497,-3.68773,0.0],[119.71507,-3.68761,0.0],[119.71531,-3.68755,0.0],[119.71606,-3.68754,0.0],[119.71627,-3.68742,0.0],[119.71661,-3.68701,0.0],[119.71678,-3.68694,0.0],[119.71748,-3.68695,0.0],[119.71776,-3.68681,0.0],[119.71788,-3.68665,0.0],[119.71801,-3.68574,0.0],[119.71811,-3.68545,0.0],[119.71902,-3.68492,0.0],[119.71918,-3.68501,0.0],[119.71968,-3.68476,0.0],[119.71994,-3.68423,0.0],[119.72008,-3.68373,0.0],[119.72036,-3.68329,0.0],[119.7206,-3.68317,0.0],[119.72095,-3.68283,0.0],[119.72112,-3.68282,0.0],[119.72177,-3.68235,0.0],[119.72222,-3.68215,0.0],[119.72255,-3.68132,0.0],[119.72293,-3.68109,0.0],[119.72343,-3.68123,0.0],[119.72381,-3.68115,0.0],[119.72441,-3.68003,0.0],[119.72495,-3.68014,0.0],[119.72809,-3.68009,0.0],[119.73158,-3.67887,0.0],[119.73806,-3.67552,0.0],[119.74191,-3.67335,0.0],[119.74555,-3.67162,0.0],[119.74777,-3.66998,0.0],[119.74922,-3.66867,0.0],[119.75004,-3.66827,0.0],[119.75027,-3.66784,0.0],[119.75077,-3.66738,0.0],[119.75169,-3.66711,0.0],[119.75149,-3.66609,0.0],[119.75105,-3.66541,0.0],[119.75018,-3.66434,0.0],[119.74936,-3.66383,0.0],[119.74884,-3.66363,0.0],[119.74877,-3.66354,0.0],[119.74885,-3.66322,0.0],[119.74928,-3.66278,0.0],[119.74942,-3.66233,0.0],[119.74949,-3.66208,0.0],[119.74946,-3.6613,0.0],[119.74997,-3.66095,0.0],[119.75071,-3.66006,0.0],[119.75093,-3.65932,0.0],[119.75096,-3.65854,0.0],[119.75091,-3.65782,0.0],[119.75082,-3.6575,0.0],[119.75019,-3.65662,0.0],[119.74995,-3.65565,0.0],[119.74875,-3.6543,0.0],[119.74858,-3.65333,0.0],[119.74791,-3.65268,0.0],[119.74732,-3.65234,0.0],[119.74648,-3.65128,0.0],[119.74589,-3.65091,0.0],[119.74538,-3.64999,0.0],[119.74502,-3.64955,0.0],[119.7439,-3.64894,0.0],[119.74367,-3.64874,0.0],[119.74374,-3.64842,0.0],[119.74403,-3.64797,0.0],[119.74426,-3.64704,0.0],[119.74421,-3.64681,0.0],[119.74349,-3.64633,0.0],[119.74313,-3.64507,0.0],[119.74266,-3.64409,0.0],[119.74269,-3.64361,0.0],[119.74316,-3.64255,0.0],[119.74352,-3.64202,0.0],[119.74393,-3.64172,0.0],[119.74532,-3.64134,0.0],[119.74569,-3.64107,0.0],[119.74591,-3.64078,0.0],[119.746,-3.64062,0.0],[119.74599,-3.6404,0.0],[119.74569,-3.63994,0.0],[119.74563,-3.63962,0.0],[119.74588,-3.63896,0.0],[119.74614,-3.63852,0.0],[119.74619,-3.63827,0.0],[119.74617,-3.63813,0.0],[119.74581,-3.63797,0.0],[119.74577,-3.63771,0.0],[119.74587,-3.63705,0.0],[119.74508,-3.63491,0.0],[119.74456,-3.63403,0.0],[119.74332,-3.63251,0.0],[119.74334,-3.63224,0.0],[119.74383,-3.63115,0.0],[119.74383,-3.62996,0.0],[119.7443,-3.62765,0.0],[119.74347,-3.62583,0.0],[119.74325,-3.62548,0.0],[119.7429,-3.62518,0.0],[119.74236,-3.62424,0.0],[119.74204,-3.62346,0.0],[119.74183,-3.62176,0.0],[119.74136,-3.61998,0.0],[119.74109,-3.61954,0.0],[119.74025,-3.61874,0.0],[119.73983,-3.61823,0.0],[119.73957,-3.6177,0.0],[119.7396,-3.6174,0.0],[119.73983,-3.61685,0.0],[119.74004,-3.61537,0.0],[119.74021,-3.61476,0.0],[119.74008,-3.61435,0.0],[119.73968,-3.61366,0.0],[119.73898,-3.61334,0.0],[119.73827,-3.6124,0.0],[119.73788,-3.61174,0.0],[119.7374,-3.61009,0.0],[119.73688,-3.60926,0.0],[119.73617,-3.60872,0.0],[119.7361,-3.6085,0.0],[119.73642,-3.60773,0.0],[119.73629,-3.60731,0.0],[119.73573,-3.60681,0.0],[119.73435,-3.60597,0.0],[119.73138,-3.60353,0.0],[119.73103,-3.60268,0.0],[119.73058,-3.60196,0.0],[119.72952,-3.60097,0.0],[119.72892,-3.5996,0.0],[119.72864,-3.59855,0.0],[119.72828,-3.59648,0.0],[119.72668,-3.59518,0.0],[119.72627,-3.59474,0.0],[119.72571,-3.59389,0.0],[119.72484,-3.59083,0.0],[119.72388,-3.58889,0.0],[119.72381,-3.58856,0.0],[119.72392,-3.58682,0.0],[119.72449,-3.58461,0.0],[119.72484,-3.58383,0.0],[119.72499,-3.58366,0.0],[119.72582,-3.583,0.0],[119.72677,-3.58243,0.0],[119.7272,-3.58157,0.0],[119.72746,-3.58078,0.0],[119.72733,-3.58052,0.0],[119.7255,-3.58,0.0],[119.72289,-3.57846,0.0],[119.72226,-3.57796,0.0],[119.72026,-3.57456,0.0],[119.71961,-3.57327,0.0],[119.71916,-3.57104,0.0],[119.71922,-3.56992,0.0],[119.71946,-3.56928,0.0],[119.71976,-3.56876,0.0],[119.72005,-3.5674,0.0],[119.72038,-3.56697,0.0],[119.72081,-3.5667,0.0],[119.7214,-3.56594,0.0],[119.72214,-3.56488,0.0],[119.72221,-3.56455,0.0],[119.72207,-3.56428,0.0],[119.7193,-3.56331,0.0],[119.71881,-3.56287,0.0],[119.71791,-3.56065,0.0],[119.71738,-3.55709,0.0],[119.71689,-3.55551,0.0],[119.71664,-3.55522,0.0],[119.71622,-3.55506,0.0],[119.71506,-3.55513,0.0],[119.71304,-3.55494,0.0],[119.71198,-3.55514,0.0],[119.71134,-3.55517,0.0],[119.71044,-3.55499,0.0],[119.70908,-3.55392,0.0],[119.70736,-3.55279,0.0],[119.70661,-3.55204,0.0],[119.70626,-3.55143,0.0],[119.70579,-3.54893,0.0],[119.70582,-3.548,0.0],[119.7057,-3.54708,0.0],[119.70547,-3.54658,0.0],[119.70474,-3.54637,0.0],[119.70328,-3.54622,0.0],[119.70212,-3.54671,0.0],[119.70025,-3.54538,0.0],[119.6998,-3.54494,0.0],[119.69977,-3.54465,0.0],[119.70001,-3.54422,0.0],[119.70075,-3.54359,0.0],[119.7018,-3.54043,0.0],[119.70168,-3.53767,0.0],[119.70158,-3.53719,0.0],[119.70108,-3.53618,0.0],[119.7011,-3.53551,0.0],[119.70123,-3.53499,0.0],[119.70285,-3.53348,0.0],[119.70288,-3.53328,0.0],[119.70245,-3.53252,0.0],[119.70236,-3.5315,0.0],[119.70209,-3.53026,0.0],[119.70217,-3.52974,0.0],[119.70247,-3.52898,0.0],[119.70248,-3.52845,0.0],[119.70238,-3.52786,0.0],[119.70195,-3.52664,0.0],[119.70161,-3.52534,0.0],[119.70181,-3.52364,0.0],[119.70175,-3.52328,0.0],[119.70131,-3.52224,0.0],[119.70076,-3.52145,0.0],[119.69964,-3.51877,0.0],[119.6994,-3.51801,0.0],[119.69939,-3.51641,0.0],[119.69927,-3.5158,0.0],[119.69625,-3.51102,0.0],[119.69605,-3.51058,0.0],[119.69549,-3.51019,0.0],[119.69519,-3.50987,0.0],[119.69454,-3.50783,0.0],[119.69431,-3.50738,0.0],[119.69397,-3.50713,0.0],[119.69354,-3.50656,0.0],[119.69299,-3.50527,0.0],[119.69294,-3.50405,0.0],[119.69255,-3.5034,0.0],[119.69222,-3.50195,0.0],[119.69236,-3.50126,0.0],[119.69262,-3.50073,0.0],[119.6933,-3.50048,0.0],[119.6944,-3.50039,0.0],[119.69547,-3.49976,0.0],[119.69631,-3.49881,0.0],[119.69732,-3.49783,0.0],[119.69779,-3.49723,0.0],[119.6986,-3.49657,0.0],[119.69908,-3.49607,0.0],[119.6992,-3.49572,0.0],[119.69916,-3.49549,0.0],[119.69892,-3.49504,0.0],[119.69902,-3.49454,0.0],[119.69944,-3.49395,0.0],[119.70036,-3.49327,0.0],[119.7002,-3.49267,0.0],[119.70037,-3.49257,0.0],[119.70057,-3.4916,0.0],[119.70077,-3.49138,0.0],[119.70127,-3.49115,0.0]]]},"properties":{"OBJECTID":5909,"NAMOBJ":"Batulappa","WADMKC":"Batulappa","KDCPUM":"73.15.12","WADMKK":"Pinrang","WADMPR":"Sulawesi Selatan","LUASWH":178.17839491771613,"TIPADM":3}}]}